1	370	1996-03-17	0
2	781	1997-02-14	0
3	1234	1993-12-28	0
4	1369	1995-12-25	0
5	445	1994-10-13	0
6	557	1992-05-06	0
7	392	1996-03-25	0
32	1301	1995-09-29	0
33	670	1994-01-10	0
34	611	1998-10-04	0
35	1276	1996-01-06	0
36	1153	1996-01-17	0
37	862	1992-08-17	0
38	1249	1996-11-04	0
39	818	1996-12-04	0
64	322	1994-09-29	0
65	163	1995-06-01	0
66	1292	1994-04-05	0
67	568	1997-03-04	0
68	286	1998-07-02	0
69	845	1994-08-18	0
70	644	1994-03-03	0
71	34	1998-04-09	0
96	1078	1994-07-01	0
97	211	1993-04-14	0
98	1045	1994-12-09	0
99	890	1994-05-27	0
100	1471	1998-05-14	0
101	280	1996-05-31	0
102	8	1997-07-23	0
103	292	1996-09-03	0
128	740	1992-08-29	0
129	712	1993-02-02	0
130	370	1992-07-22	0
131	928	1994-08-22	0
132	265	1993-08-25	0
133	440	1998-02-12	0
134	62	1992-07-15	0
135	605	1996-01-04	0
160	826	1997-03-04	0
161	167	1994-11-14	0
162	142	1995-07-22	0
163	878	1997-11-19	0
164	8	1993-01-04	0
165	274	1993-04-15	0
166	1079	1995-11-26	0
167	1195	1993-03-20	0
192	826	1998-02-08	0
193	791	1993-10-22	0
194	619	1992-06-19	0
195	1355	1994-03-13	0
196	649	1993-05-31	0
197	326	1995-06-21	0
198	1103	1998-03-18	0
199	530	1996-05-21	0
224	25	1994-09-01	0
225	331	1995-08-08	0
226	1276	1993-05-24	0
227	100	1996-01-24	0
228	442	1993-05-11	0
229	1118	1994-03-14	0
230	1027	1994-01-10	0
231	910	1994-12-13	0
256	1249	1994-01-02	0
257	1228	1998-06-11	0
258	419	1994-03-14	0
259	433	1993-12-13	0
260	1048	1997-02-23	0
261	461	1993-09-12	0
262	304	1996-02-08	0
263	1162	1994-07-31	0
288	71	1997-05-07	0
289	1039	1997-04-26	0
290	1180	1994-03-17	0
291	1411	1994-05-27	0
292	223	1992-03-28	0
293	301	1992-12-16	0
294	505	1993-09-29	0
295	190	1994-12-13	0
320	4	1998-02-04	0
321	1226	1993-06-04	0
322	1336	1992-06-02	0
323	392	1994-06-09	0
324	1052	1992-06-03	0
325	401	1993-12-31	0
326	760	1995-08-18	0
327	1447	1995-07-01	0
352	1066	1994-05-22	0
353	19	1994-03-16	0
354	1384	1996-05-28	0
355	701	1994-08-28	0
356	1469	1994-09-13	0
357	604	1996-12-23	0
358	23	1993-12-04	0
359	776	1995-03-04	0
384	1132	1992-05-17	0
385	331	1996-06-05	0
386	602	1995-04-10	0
387	34	1997-04-11	0
388	448	1993-03-01	0
389	1270	1994-05-03	0
390	1027	1998-06-21	0
391	1103	1995-01-31	0
416	403	1993-12-11	0
417	547	1994-04-22	0
418	949	1995-06-27	0
419	1163	1996-12-15	0
420	902	1996-01-14	0
421	392	1992-05-07	0
422	731	1997-08-14	0
423	1034	1996-08-15	0
448	1498	1995-11-04	0
449	958	1995-10-03	0
450	475	1995-05-19	0
451	988	1998-08-08	0
452	596	1997-12-28	0
453	442	1997-08-09	0
454	488	1996-03-11	0
455	121	1997-02-17	0
480	715	1993-07-22	0
481	304	1992-12-22	0
482	1252	1996-06-09	0
483	349	1995-09-24	0
484	544	1997-03-19	0
485	1006	1997-06-09	0
486	509	1996-05-25	0
487	1079	1992-11-01	0
512	631	1995-08-03	0
513	607	1995-07-15	0
514	749	1996-06-18	0
515	1420	1993-11-12	0
516	440	1998-07-05	0
517	94	1997-06-21	0
518	1444	1998-04-24	0
519	631	1998-01-14	0
544	934	1993-05-03	0
545	632	1996-01-21	0
546	1433	1997-01-15	0
547	983	1996-09-05	0
548	1240	1994-12-05	0
549	1100	1992-09-26	0
550	236	1995-10-16	0
551	898	1995-08-13	0
576	296	1997-07-27	0
577	553	1995-03-04	0
578	926	1997-03-26	0
579	671	1998-05-25	0
580	593	1997-09-18	0
581	688	1997-05-09	0
582	494	1998-01-04	0
583	472	1997-06-02	0
608	260	1996-05-13	0
609	1252	1994-08-15	0
610	508	1995-10-16	0
611	1055	1993-04-12	0
612	815	1993-01-04	0
613	1384	1995-09-01	0
614	1333	1993-02-14	0
615	655	1992-07-23	0
640	952	1993-04-08	0
641	1330	1993-11-13	0
642	400	1994-03-01	0
643	578	1995-06-08	0
644	74	1992-07-15	0
645	1144	1995-02-16	0
646	505	1995-02-05	0
647	1430	1997-10-21	0
672	1081	1994-06-28	0
673	793	1994-05-24	0
674	332	1992-11-12	0
675	118	1997-10-14	0
676	380	1997-02-26	0
677	1240	1994-02-07	0
678	1307	1993-05-13	0
679	485	1996-02-28	0
704	844	1997-02-04	0
705	428	1997-04-29	0
706	1474	1995-11-23	0
707	1162	1995-02-03	0
708	316	1998-09-16	0
709	361	1998-07-05	0
710	1312	1993-03-18	0
711	637	1993-12-07	0
736	464	1998-09-04	0
737	1198	1992-07-10	0
738	208	1993-05-16	0
739	4	1998-08-14	0
740	436	1995-09-29	0
741	1045	1998-09-20	0
742	1030	1995-03-08	0
743	784	1996-12-18	0
768	971	1996-11-03	0
769	800	1993-08-16	0
770	320	1998-08-06	0
771	446	1995-08-31	0
772	965	1993-07-01	0
773	1319	1993-12-10	0
774	796	1996-02-17	0
775	1333	1995-06-01	0
800	560	1998-09-27	0
801	1178	1992-05-03	0
802	1367	1995-03-21	0
803	145	1997-07-13	0
804	500	1993-05-26	0
805	1261	1995-09-18	0
806	1309	1996-09-03	0
807	1436	1994-02-07	0
832	290	1992-07-03	0
833	553	1994-04-29	0
834	428	1994-08-06	0
835	649	1995-12-22	0
836	688	1997-02-08	0
837	1159	1994-08-29	0
838	164	1998-04-14	0
839	280	1995-10-22	0
864	1378	1997-10-31	0
865	26	1993-07-18	0
866	383	1993-02-11	0
867	253	1994-01-30	0
868	1036	1992-08-23	0
869	1348	1997-03-28	0
870	322	1993-09-03	0
871	145	1996-01-29	0
896	17	1993-05-23	0
897	490	1995-06-03	0
898	536	1993-08-17	0
899	1085	1998-06-22	0
900	460	1994-12-15	0
901	113	1998-10-04	0
902	86	1994-10-10	0
903	109	1995-09-20	0
928	658	1995-05-16	0
929	827	1992-12-16	0
930	1310	1995-03-02	0
931	1030	1993-02-20	0
932	404	1997-07-30	0
933	955	1992-10-19	0
934	514	1996-09-16	0
935	493	1997-12-08	0
960	347	1994-12-05	0
961	551	1995-08-18	0
962	353	1994-07-20	0
963	253	1994-08-09	0
964	752	1995-08-03	0
965	685	1995-07-29	0
966	134	1998-07-14	0
967	1099	1992-09-04	0
992	538	1998-01-25	0
993	793	1995-11-24	0
994	13	1994-07-04	0
995	1160	1995-08-14	0
996	710	1998-03-14	0
997	1087	1997-08-02	0
998	317	1995-02-09	0
999	602	1993-11-19	0
1024	35	1998-03-08	0
1025	1027	1995-07-19	0
1026	712	1997-08-18	0
1027	1280	1992-08-17	0
1028	685	1994-03-17	0
1029	1288	1994-09-04	0
1030	1340	1994-08-29	0
1031	37	1994-11-15	0
1056	275	1995-04-27	0
1057	760	1992-05-05	0
1058	530	1993-07-10	0
1059	1268	1994-05-13	0
1060	1397	1993-05-07	0
1061	1027	1998-07-29	0
1062	1051	1997-03-31	0
1063	370	1994-06-16	0
1088	1469	1992-08-04	0
1089	481	1996-07-18	0
1090	172	1998-01-29	0
1091	829	1996-11-10	0
1092	1232	1995-05-18	0
1093	1007	1997-10-14	0
1094	1438	1998-03-09	0
1095	1433	1995-11-05	0
1120	1391	1998-01-21	0
1121	281	1997-03-29	0
1122	1196	1997-03-26	0
1123	715	1996-10-17	0
1124	796	1998-10-13	0
1125	242	1995-01-10	0
1126	1433	1998-04-13	0
1127	575	1995-12-03	0
1152	490	1994-10-28	0
1153	1196	1996-07-02	0
1154	352	1992-04-30	0
1155	1498	1997-12-20	0
1156	1318	1997-01-02	0
1157	968	1998-03-30	0
1158	1414	1996-09-13	0
1159	685	1992-12-02	0
1184	886	1998-01-09	0
1185	736	1992-11-07	0
1186	589	1996-10-29	0
1187	1337	1993-02-03	0
1188	199	1996-06-25	0
1189	445	1994-06-23	0
1190	121	1997-05-30	0
1191	1103	1996-01-21	0
1216	1220	1993-02-20	0
1217	64	1992-07-10	0
1218	83	1994-09-03	0
1219	271	1995-12-19	0
1220	485	1996-11-12	0
1221	134	1992-07-03	0
1222	98	1993-04-21	0
1223	91	1996-08-08	0
1248	472	1992-03-17	0
1249	1498	1994-03-21	0
1250	359	1992-12-13	0
1251	379	1998-01-13	0
1252	1499	1997-10-18	0
1253	1145	1993-04-11	0
1254	698	1996-03-06	0
1255	1217	1994-08-13	0
1280	956	1993-03-27	0
1281	611	1995-02-24	0
1282	1160	1992-05-14	0
1283	1165	1996-11-13	0
1284	1340	1996-03-22	0
1285	104	1992-08-15	0
1286	1087	1993-07-28	0
1287	173	1994-09-18	0
1312	1111	1994-08-02	0
1313	1477	1994-11-27	0
1314	1424	1994-07-27	0
1315	215	1998-06-05	0
1316	160	1994-02-16	0
1317	991	1995-08-02	0
1318	1279	1998-09-10	0
1319	313	1996-12-11	0
1344	170	1992-06-30	0
1345	943	1993-01-11	0
1346	748	1992-09-01	0
1347	403	1997-09-03	0
1348	175	1998-07-02	0
1349	637	1998-01-09	0
1350	508	1993-11-07	0
1351	1060	1998-07-04	0
1376	461	1997-07-18	0
1377	199	1998-07-08	0
1378	196	1996-05-23	0
1379	643	1998-08-08	0
1380	1363	1996-09-20	0
1381	1264	1998-08-08	0
1382	1324	1993-10-31	0
1383	1196	1993-07-11	0
1408	539	1998-03-11	0
1409	1429	1993-03-16	0
1410	1123	1997-06-26	0
1411	946	1995-03-06	0
1412	529	1993-05-27	0
1413	907	1997-08-28	0
1414	763	1995-10-30	0
1415	787	1994-08-12	0
1440	979	1995-10-24	0
1441	1219	1997-05-20	0
1442	1106	1994-09-18	0
1443	439	1997-03-01	0
1444	1333	1995-02-19	0
1445	1136	1995-03-26	0
1446	401	1998-05-02	0
1447	901	1992-12-29	0
1472	1499	1996-12-20	0
1473	923	1997-05-31	0
1474	691	1995-03-25	0
1475	49	1998-01-26	0
1476	1447	1996-09-10	0
1477	755	1997-11-07	0
1478	499	1997-10-17	0
1479	146	1996-02-29	0
1504	19	1992-11-11	0
1505	352	1992-11-04	0
1506	1462	1992-12-05	0
1507	1205	1993-12-28	0
1508	1013	1998-06-24	0
1509	625	1993-09-21	0
1510	523	1996-12-01	0
1511	785	1997-03-07	0
1536	932	1997-04-11	0
1537	1076	1992-04-30	0
1538	290	1995-09-01	0
1539	1118	1995-05-24	0
1540	142	1992-10-19	0
1541	940	1995-08-01	0
1542	1427	1993-11-29	0
1543	503	1997-05-06	0
1568	167	1997-04-15	0
1569	1036	1998-06-16	0
1570	1223	1998-05-30	0
1571	1027	1993-02-18	0
1572	104	1996-05-09	0
1573	1480	1993-03-13	0
1574	1334	1997-02-25	0
1575	1447	1995-11-27	0
1600	926	1993-05-17	0
1601	524	1994-11-10	0
1602	10	1993-10-19	0
1603	13	1993-10-14	0
1604	1123	1993-09-30	0
1605	577	1998-07-08	0
1606	530	1997-07-01	0
1607	1493	1996-02-29	0
1632	659	1997-03-24	0
1633	143	1995-12-28	0
1634	689	1996-11-24	0
1635	38	1997-04-29	0
1636	787	1997-08-31	0
1637	728	1995-04-24	0
1638	1390	1997-10-27	0
1639	44	1995-11-03	0
1664	640	1996-05-17	0
1665	757	1994-07-22	0
1666	941	1996-01-01	0
1667	46	1997-12-24	0
1668	1415	1997-09-25	0
1669	19	1997-08-23	0
1670	245	1997-08-07	0
1671	343	1996-10-10	0
1696	35	1998-03-24	0
1697	758	1996-12-21	0
1698	395	1997-07-07	0
1699	835	1994-03-15	0
1700	649	1996-08-29	0
1701	1285	1992-08-02	0
1702	655	1995-07-21	0
1703	1334	1993-04-13	0
1728	631	1996-08-05	0
1729	1312	1992-08-02	0
1730	1234	1998-10-07	0
1731	1279	1996-03-21	0
1732	1459	1994-02-12	0
1733	1475	1996-07-26	0
1734	64	1994-08-25	0
1735	206	1993-03-12	0
1760	1142	1996-07-31	0
1761	1049	1994-03-09	0
1762	767	1994-11-03	0
1763	1205	1997-01-12	0
1764	283	1992-06-08	0
1765	727	1996-02-16	0
1766	1385	1996-12-26	0
1767	247	1995-05-28	0
1792	472	1994-01-23	0
1793	178	1992-09-25	0
1794	1396	1997-12-12	0
1795	928	1994-06-02	0
1796	463	1993-02-04	0
1797	1243	1996-07-21	0
1798	517	1997-10-11	0
1799	601	1994-05-21	0
1824	482	1994-07-19	0
1825	1465	1994-02-18	0
1826	814	1992-06-30	0
1827	1051	1996-09-05	0
1828	314	1994-07-02	0
1829	1114	1994-07-22	0
1830	1315	1995-05-09	0
1831	706	1994-02-15	0
1856	1045	1992-06-03	0
1857	1321	1993-03-29	0
1858	1423	1998-02-26	0
1859	598	1997-06-25	0
1860	97	1996-06-18	0
1861	685	1994-03-19	0
1862	325	1998-05-10	0
1863	731	1993-12-07	0
1888	1192	1994-01-14	0
1889	244	1997-05-30	0
1890	95	1997-03-03	0
1891	610	1995-02-28	0
1892	235	1994-06-09	0
1893	1244	1998-01-13	0
1894	751	1992-06-13	0
1895	67	1994-08-13	0
1920	1096	1998-09-07	0
1921	862	1994-04-03	0
1922	556	1996-09-26	0
1923	1345	1997-09-20	0
1924	748	1996-11-21	0
1925	167	1992-05-19	0
1926	931	1996-04-15	0
1927	1399	1995-12-14	0
1952	662	1994-05-30	0
1953	1495	1994-02-13	0
1954	559	1997-08-14	0
1955	121	1992-07-04	0
1956	1258	1992-12-04	0
1957	302	1998-10-04	0
1958	523	1995-12-06	0
1959	424	1997-03-29	0
1984	508	1998-06-15	0
1985	59	1994-11-16	0
1986	1486	1994-07-19	0
1987	982	1994-07-14	0
1988	1075	1995-12-20	0
1989	1162	1994-05-30	0
1990	1181	1995-03-01	0
1991	187	1992-11-21	0
2016	76	1996-10-30	0
2017	1006	1998-07-27	0
2018	176	1995-06-19	0
2019	1342	1993-01-06	0
2020	725	1993-09-04	0
2021	700	1995-09-28	0
2022	619	1992-05-29	0
2023	1180	1992-07-20	0
2048	169	1994-01-29	0
2049	298	1996-02-20	0
2050	274	1994-08-16	0
2051	382	1996-06-01	0
2052	895	1992-06-27	0
2053	1406	1995-04-23	0
2054	401	1992-08-22	0
2055	970	1993-11-18	0
2080	946	1993-09-01	0
2081	1193	1997-09-18	0
2082	487	1995-03-26	0
2083	1009	1993-09-27	0
2084	800	1993-05-31	0
2085	488	1994-02-04	0
2086	1405	1995-01-02	0
2087	493	1998-04-16	0
2112	634	1997-04-21	0
2113	319	1998-01-22	0
2114	787	1995-04-01	0
2115	1042	1998-08-06	0
2116	223	1994-11-09	0
2117	220	1997-07-10	0
2118	1333	1996-12-23	0
2119	622	1996-11-03	0
2144	1348	1994-06-12	0
2145	1336	1992-12-17	0
2146	1177	1992-11-28	0
2147	988	1992-11-20	0
2148	1283	1995-07-03	0
2149	1007	1993-05-27	0
2150	817	1994-08-17	0
2151	580	1997-01-25	0
2176	1036	1993-01-24	0
2177	1351	1997-04-05	0
2178	80	1997-02-25	0
2179	410	1996-11-21	0
2180	751	1996-11-28	0
2181	742	1995-11-27	0
2182	226	1994-06-19	0
2183	1121	1996-09-05	0
2208	676	1995-07-15	0
2209	892	1992-09-23	0
2210	319	1992-03-31	0
2211	920	1994-09-13	0
2212	1163	1994-06-06	0
2213	1213	1993-03-31	0
2214	1141	1998-07-19	0
2215	388	1996-08-30	0
2240	554	1992-05-20	0
2241	1013	1993-07-25	0
2242	815	1997-10-03	0
2243	479	1995-08-24	0
2244	1268	1993-03-25	0
2245	565	1993-07-12	0
2246	1124	1996-08-10	0
2247	947	1992-10-16	0
2272	1384	1993-06-27	0
2273	1343	1997-02-27	0
2274	1040	1993-11-18	0
2275	1484	1993-01-05	0
2276	415	1996-07-13	0
2277	889	1995-03-18	0
2278	1406	1998-07-09	0
2279	794	1993-05-09	0
2304	451	1994-03-23	0
2305	421	1993-04-11	0
2306	268	1995-10-09	0
2307	1042	1993-09-12	0
2308	239	1993-01-08	0
2309	997	1995-11-18	0
2310	304	1996-12-04	0
2311	718	1995-07-16	0
2336	1414	1996-03-22	0
2337	1402	1997-09-01	0
2338	1394	1997-11-29	0
2339	1084	1994-02-28	0
2340	646	1996-03-27	0
2341	817	1993-08-13	0
2342	365	1996-08-23	0
2343	712	1995-11-04	0
2368	130	1993-11-03	0
2369	1097	1997-03-09	0
2370	1405	1994-04-02	0
2371	187	1998-03-23	0
2372	292	1998-02-04	0
2373	263	1994-05-26	0
2374	40	1994-01-12	0
2375	49	1997-02-03	0
2400	364	1998-10-08	0
2401	1477	1997-10-12	0
2402	658	1996-11-20	0
2403	544	1998-06-25	0
2404	767	1997-05-27	0
2405	713	1997-03-08	0
2406	67	1997-01-11	0
2407	536	1998-09-02	0
2432	1021	1996-09-26	0
2433	299	1994-11-05	0
2434	238	1997-07-11	0
2435	715	1993-05-07	0
2436	1250	1995-11-25	0
2437	844	1993-07-05	0
2438	127	1993-09-28	0
2439	541	1997-05-29	0
2464	1450	1998-02-06	0
2465	325	1995-09-07	0
2466	181	1994-05-20	0
2467	343	1995-09-29	0
2468	1109	1997-08-23	0
2469	1229	1997-02-09	0
2470	563	1997-07-03	0
2471	884	1998-05-26	0
2496	1342	1994-03-25	0
2497	470	1992-11-10	0
2498	959	1994-01-22	0
2499	1210	1995-12-08	0
2500	1330	1992-10-29	0
2501	665	1997-08-08	0
2502	694	1993-08-11	0
2503	67	1993-09-03	0
2528	550	1995-02-03	0
2529	1349	1996-11-03	0
2530	1271	1994-06-04	0
2531	434	1996-07-20	0
2532	937	1995-12-25	0
2533	496	1997-06-07	0
2534	754	1996-09-30	0
2535	1202	1993-08-08	0
2560	1309	1992-11-19	0
2561	572	1998-01-28	0
2562	82	1992-10-15	0
2563	613	1994-02-02	0
2564	761	1994-11-23	0
2565	554	1998-05-14	0
2566	856	1992-12-24	0
2567	694	1998-05-13	0
2592	1006	1993-05-19	0
2593	913	1993-11-18	0
2594	776	1993-03-02	0
2595	737	1996-02-27	0
2596	424	1996-10-31	0
2597	1036	1993-04-20	0
2598	1120	1996-05-19	0
2599	1483	1997-01-21	0
2624	512	1997-02-11	0
2625	382	1992-12-28	0
2626	1372	1995-11-22	0
2627	1486	1992-06-07	0
2628	553	1994-01-05	0
2629	1372	1998-06-20	0
2630	841	1993-01-07	0
2631	352	1993-12-08	0
2656	766	1993-07-18	0
2657	247	1995-12-31	0
2658	134	1995-12-07	0
2659	821	1994-03-03	0
2660	1264	1995-10-19	0
2661	739	1997-03-20	0
2662	370	1996-11-04	0
2663	941	1995-11-20	0
2688	974	1992-04-08	0
2689	1015	1992-06-23	0
2690	935	1996-06-14	0
2691	59	1992-07-14	0
2692	619	1998-02-15	0
2693	172	1996-11-18	0
2694	1192	1996-05-28	0
2695	563	1996-11-03	0
2720	301	1993-08-22	0
2721	773	1996-04-11	0
2722	347	1994-06-23	0
2723	592	1995-12-20	0
2724	1369	1994-11-28	0
2725	884	1994-08-04	0
2726	58	1993-02-10	0
2727	739	1998-07-03	0
2752	581	1994-02-02	0
2753	154	1994-02-13	0
2754	1438	1994-06-17	0
2755	1177	1992-04-22	0
2756	1166	1994-07-02	0
2757	755	1995-10-03	0
2758	412	1998-09-25	0
2759	1159	1994-02-08	0
2784	943	1998-03-23	0
2785	1462	1995-10-04	0
2786	788	1992-06-05	0
2787	1030	1995-12-14	0
2788	1234	1994-12-06	0
2789	361	1998-05-28	0
2790	250	1994-11-02	0
2791	1207	1994-12-24	0
2816	568	1994-12-04	0
2817	397	1994-07-03	0
2818	482	1995-02-25	0
2819	1019	1994-07-19	0
2820	181	1994-08-03	0
2821	1166	1993-10-23	0
2822	788	1993-10-09	0
2823	781	1995-11-23	0
2848	689	1992-05-24	0
2849	455	1996-07-14	0
2850	992	1996-12-16	0
2851	1445	1997-11-21	0
2852	892	1993-04-01	0
2853	929	1994-07-19	0
2854	1384	1994-09-10	0
2855	481	1993-06-18	0
2880	79	1992-05-29	0
2881	986	1992-07-24	0
2882	1201	1995-11-05	0
2883	1208	1995-04-08	0
2884	914	1997-12-26	0
2885	61	1992-12-03	0
2886	1075	1995-01-27	0
2887	1075	1997-08-09	0
2912	922	1992-05-26	0
2913	424	1997-09-25	0
2914	1072	1993-05-17	0
2915	925	1994-06-14	0
2916	74	1996-03-11	0
2917	908	1998-02-22	0
2918	1175	1996-11-22	0
2919	526	1994-02-23	0
2944	136	1997-12-08	0
2945	283	1996-03-18	0
2946	1243	1996-04-20	0
2947	697	1995-07-10	0
2948	439	1994-11-06	0
2949	1363	1994-06-26	0
2950	1345	1997-09-19	0
2951	737	1996-04-21	0
2976	281	1994-02-23	0
2977	712	1996-11-10	0
2978	439	1995-07-17	0
2979	1330	1996-06-06	0
2980	38	1996-11-28	0
2981	475	1998-10-12	0
2982	844	1995-06-02	0
2983	613	1992-03-22	0
3008	394	1996-01-22	0
3009	544	1997-05-14	0
3010	76	1996-04-10	0
3011	898	1992-03-29	0
3012	314	1993-07-19	0
3013	1423	1997-04-21	0
3014	289	1993-01-13	0
3015	1016	1992-12-11	0
3040	1108	1993-06-26	0
3041	1126	1997-08-17	0
3042	199	1995-02-04	0
3043	434	1992-07-09	0
3044	529	1996-06-17	0
3045	499	1995-12-11	0
3046	314	1996-02-13	0
3047	247	1997-06-04	0
3072	226	1994-04-15	0
3073	1354	1994-03-24	0
3074	658	1993-01-15	0
3075	1252	1994-07-21	0
3076	914	1993-10-06	0
3077	1208	1997-10-20	0
3078	473	1993-04-28	0
3079	986	1997-11-26	0
3104	689	1993-11-30	0
3105	1366	1997-01-27	0
3106	1445	1997-03-28	0
3107	254	1997-11-04	0
3108	844	1993-10-19	0
3109	1222	1993-10-07	0
3110	874	1995-03-02	0
3111	1328	1995-11-08	0
3136	230	1994-10-24	0
3137	1342	1995-10-09	0
3138	1390	1994-04-25	0
3139	166	1992-03-17	0
3140	1450	1992-06-23	0
3141	253	1996-01-24	0
3142	73	1992-09-11	0
3143	1069	1993-05-03	0
3168	1358	1992-04-14	0
3169	181	1994-03-06	0
3170	43	1998-01-23	0
3171	466	1993-06-20	0
3172	883	1992-08-17	0
3173	1462	1996-10-24	0
3174	1264	1996-01-29	0
3175	439	1994-09-28	0
3200	122	1996-04-22	0
3201	952	1993-09-15	0
3202	868	1993-03-09	0
3203	1259	1998-01-19	0
3204	88	1993-03-11	0
3205	1463	1992-06-25	0
3206	1213	1996-10-23	0
3207	205	1998-05-02	0
3232	809	1992-12-23	0
3233	1397	1995-01-07	0
3234	139	1996-06-19	0
3235	448	1996-01-29	0
3236	1405	1997-01-20	0
3237	182	1992-08-17	0
3238	610	1993-05-07	0
3239	343	1998-03-28	0
3264	925	1997-01-16	0
3265	523	1992-09-10	0
3266	37	1995-05-31	0
3267	1120	1997-03-23	0
3268	1414	1994-09-08	0
3269	169	1996-05-15	0
3270	379	1997-08-11	0
3271	331	1992-03-16	0
3296	1471	1995-01-02	0
3297	1385	1993-01-17	0
3298	1159	1996-07-01	0
3299	892	1994-03-11	0
3300	1168	1995-09-28	0
3301	1322	1994-11-18	0
3302	334	1996-01-28	0
3303	1435	1998-02-27	0
3328	65	1993-02-02	0
3329	34	1995-09-16	0
3330	65	1995-03-04	0
3331	907	1993-08-04	0
3332	1424	1995-01-19	0
3333	913	1992-11-30	0
3334	751	1996-05-03	0
3335	487	1995-12-29	0
3360	1030	1998-04-08	0
3361	484	1992-11-06	0
3362	1399	1995-10-12	0
3363	512	1995-12-07	0
3364	448	1997-09-04	0
3365	820	1995-01-23	0
3366	508	1997-08-01	0
3367	727	1993-03-16	0
3392	737	1996-01-11	0
3393	973	1995-09-17	0
3394	1486	1996-07-19	0
3395	1496	1995-01-13	0
3396	1492	1994-08-04	0
3397	1297	1994-09-06	0
3398	668	1996-12-07	0
3399	1220	1995-05-14	0
3424	1013	1996-11-04	0
3425	1150	1996-06-14	0
3426	521	1996-12-30	0
3427	28	1997-08-12	0
3428	85	1996-06-21	0
3429	1453	1997-03-22	0
3430	1121	1995-02-25	0
3431	463	1993-11-05	0
3456	448	1993-08-15	0
3457	241	1995-07-11	0
3458	946	1995-03-07	0
3459	1187	1994-10-11	0
3460	808	1995-12-17	0
3461	986	1993-04-16	0
3462	1328	1997-07-31	0
3463	884	1993-11-01	0
3488	1477	1995-03-24	0
3489	1072	1993-10-12	0
3490	899	1997-08-09	0
3491	826	1998-09-07	0
3492	1019	1995-02-07	0
3493	805	1993-11-07	0
3494	472	1993-06-18	0
3495	307	1996-05-11	0
3520	1250	1997-10-18	0
3521	68	1993-01-09	0
3522	256	1994-12-10	0
3523	1499	1998-06-21	0
3524	934	1992-07-17	0
3525	1072	1996-03-06	0
3526	559	1995-05-30	0
3527	557	1997-09-04	0
3552	343	1997-07-07	0
3553	908	1994-08-01	0
3554	439	1995-08-31	0
3555	455	1996-09-20	0
3556	148	1992-12-07	0
3557	1192	1993-01-23	0
3558	265	1996-05-14	0
3559	1054	1993-01-07	0
3584	118	1997-10-25	0
3585	1381	1995-02-06	0
3586	1201	1994-02-18	0
3587	775	1996-07-24	0
3588	1186	1995-06-02	0
3589	307	1994-08-09	0
3590	1489	1995-07-27	0
3591	1345	1994-02-21	0
3616	1273	1994-05-02	0
3617	394	1996-06-02	0
3618	98	1998-02-26	0
3619	1489	1997-02-03	0
3620	440	1997-05-21	0
3621	1408	1993-07-20	0
3622	901	1996-02-10	0
3623	29	1997-03-11	0
3648	1249	1993-08-31	0
3649	388	1994-09-19	0
3650	445	1992-08-11	0
3651	986	1998-07-11	0
3652	1066	1997-05-11	0
3653	383	1994-06-10	0
3654	56	1992-08-17	0
3655	487	1992-12-20	0
3680	1267	1993-02-23	0
3681	517	1992-06-18	0
3682	317	1997-04-07	0
3683	874	1993-05-18	0
3684	229	1993-10-03	0
3685	158	1992-04-01	0
3686	400	1998-09-20	0
3687	422	1993-04-19	0
3712	640	1992-03-17	0
3713	1498	1998-07-21	0
3714	392	1998-07-15	0
3715	644	1996-06-01	0
3716	415	1997-11-02	0
3717	266	1998-08-17	0
3718	305	1997-01-06	0
3719	1180	1997-05-02	0
3744	643	1992-03-25	0
3745	1118	1993-12-13	0
3746	731	1994-11-25	0
3747	1492	1996-11-03	0
3748	521	1998-05-14	0
3749	376	1995-05-10	0
3750	965	1995-07-14	0
3751	91	1994-07-11	0
3776	844	1993-02-03	0
3777	272	1994-06-22	0
3778	1054	1993-08-09	0
3779	733	1997-03-21	0
3780	410	1996-06-27	0
3781	1384	1996-09-03	0
3782	650	1996-11-07	0
3783	436	1994-02-19	0
3808	778	1994-07-08	0
3809	1474	1996-07-15	0
3810	997	1992-12-01	0
3811	799	1998-06-30	0
3812	406	1996-10-27	0
3813	1459	1998-09-12	0
3814	1162	1995-05-08	0
3815	1039	1997-11-09	0
3840	985	1998-09-30	0
3841	577	1994-12-19	0
3842	269	1992-06-23	0
3843	85	1997-03-20	0
3844	784	1995-03-14	0
3845	887	1992-07-10	0
3846	475	1998-04-21	0
3847	337	1993-05-26	0
3872	1331	1996-11-20	0
3873	535	1998-06-13	0
3874	1186	1993-08-23	0
3875	1177	1997-11-24	0
3876	283	1996-10-16	0
3877	164	1993-08-04	0
3878	866	1997-06-06	0
3879	1408	1996-02-06	0
3904	1483	1998-01-29	0
3905	211	1994-03-06	0
3906	443	1992-08-11	0
3907	661	1992-11-02	0
3908	412	1993-05-23	0
3909	206	1998-10-10	0
3910	629	1996-11-09	0
3911	89	1995-05-31	0
3936	314	1997-01-21	0
3937	935	1998-02-13	0
3938	298	1993-05-17	0
3939	682	1996-03-26	0
3940	1495	1996-04-29	0
3941	1354	1996-11-12	0
3942	754	1993-09-11	0
3943	397	1996-12-23	0
3968	242	1997-05-03	0
3969	512	1997-07-28	0
3970	751	1992-06-10	0
3971	1033	1996-09-11	0
3972	1225	1994-07-05	0
3973	1018	1992-06-07	0
3974	931	1996-05-19	0
3975	1175	1995-06-25	0
4000	697	1992-03-19	0
4001	1141	1997-07-29	0
4002	1036	1997-06-22	0
4003	1102	1993-04-12	0
4004	683	1993-07-21	0
4005	1394	1997-02-03	0
4006	343	1995-03-20	0
4007	80	1993-09-01	0
4032	100	1998-05-12	0
4033	830	1993-08-16	0
4034	925	1994-01-28	0
4035	1165	1992-05-04	0
4036	469	1997-07-10	0
4037	1210	1993-06-07	0
4038	937	1996-03-21	0
4039	281	1998-01-30	0
4064	1288	1996-12-24	0
4065	794	1994-08-23	0
4066	313	1997-04-12	0
4067	145	1992-12-21	0
4068	1250	1996-12-02	0
4069	727	1992-07-27	0
4070	284	1995-08-26	0
4071	1462	1996-11-29	0
4096	1378	1992-09-16	0
4097	85	1996-08-07	0
4098	221	1997-01-19	0
4099	161	1992-11-04	0
4100	22	1996-05-26	0
4101	1417	1994-02-05	0
4102	208	1996-05-31	0
4103	1048	1992-09-16	0
4128	1390	1995-12-21	0
4129	317	1993-09-09	0
4130	1033	1996-05-24	0
4131	436	1998-04-15	0
4132	179	1995-08-12	0
4133	1001	1992-10-21	0
4134	961	1995-03-28	0
4135	361	1997-05-24	0
4160	542	1996-11-03	0
4161	1177	1993-11-04	0
4162	212	1992-04-25	0
4163	628	1993-03-06	0
4164	940	1998-09-16	0
4165	29	1997-10-08	0
4166	413	1993-05-14	0
4167	262	1998-08-31	0
4192	1453	1998-07-03	0
4193	34	1994-03-25	0
4194	1058	1994-12-30	0
4195	1037	1993-08-12	0
4196	1058	1998-07-29	0
4197	919	1996-10-27	0
4198	1429	1997-08-30	0
4199	41	1992-04-28	0
4224	689	1997-09-27	0
4225	1277	1997-08-17	0
4226	919	1993-05-23	0
4227	1318	1995-05-10	0
4228	1100	1997-06-11	0
4229	133	1998-05-17	0
4230	1396	1992-05-18	0
4231	859	1998-02-03	0
4256	1178	1992-06-19	0
4257	163	1995-06-08	0
4258	916	1997-01-10	0
4259	1037	1997-12-23	0
4260	1418	1992-07-30	0
4261	1174	1992-12-17	0
4262	868	1996-10-18	0
4263	25	1998-05-30	0
4288	340	1993-02-17	0
4289	1246	1993-12-21	0
4290	407	1995-03-31	0
4291	881	1994-02-12	0
4292	244	1992-03-24	0
4293	1028	1996-11-03	0
4294	487	1992-10-29	0
4295	43	1996-04-25	0
4320	1144	1997-02-21	0
4321	151	1994-10-01	0
4322	1412	1998-05-27	0
4323	1036	1994-04-08	0
4324	713	1995-09-30	0
4325	1294	1996-10-01	0
4326	286	1997-01-10	0
4327	1456	1995-05-30	0
4352	136	1998-02-09	0
4353	721	1998-02-25	0
4354	1436	1994-12-14	0
4355	28	1997-01-30	0
4356	961	1994-06-25	0
4357	461	1998-01-06	0
4358	236	1997-10-26	0
4359	142	1993-05-17	0
4384	241	1992-09-26	0
4385	1217	1996-10-20	0
4386	610	1998-04-22	0
4387	1091	1996-01-06	0
4388	97	1996-06-11	0
4389	541	1994-07-19	0
4390	53	1995-08-06	0
4391	379	1992-05-03	0
4416	1481	1992-09-13	0
4417	670	1998-09-22	0
4418	599	1993-06-08	0
4419	1033	1996-08-26	0
4420	1090	1994-09-01	0
4421	85	1997-06-18	0
4422	682	1995-08-05	0
4423	635	1995-05-03	0
4448	685	1998-08-04	0
4449	86	1998-04-24	0
4450	1060	1997-09-28	0
4451	26	1994-12-15	0
4452	122	1994-09-04	0
4453	643	1997-06-15	0
4454	1409	1994-04-18	0
4455	172	1993-12-25	0
4480	832	1994-06-14	0
4481	1468	1996-06-13	0
4482	808	1995-07-29	0
4483	505	1992-05-21	0
4484	1304	1997-03-09	0
4485	524	1995-01-27	0
4486	367	1998-05-17	0
4487	446	1993-05-09	0
4512	683	1996-01-08	0
4513	832	1996-05-29	0
4514	967	1994-07-14	0
4515	1397	1992-05-31	0
4516	1294	1994-06-12	0
4517	1129	1998-05-21	0
4518	1246	1997-07-15	0
4519	1343	1993-06-13	0
4544	1117	1997-10-21	0
4545	586	1993-04-02	0
4546	418	1995-10-12	0
4547	1082	1993-11-06	0
4548	1265	1996-09-11	0
4549	638	1998-05-19	0
4550	1177	1995-03-14	0
4551	1090	1996-04-24	0
4576	1381	1996-10-28	0
4577	785	1998-07-16	0
4578	893	1992-11-27	0
4579	1042	1996-02-14	0
4580	805	1994-01-29	0
4581	778	1992-11-18	0
4582	184	1996-09-17	0
4583	217	1994-12-09	0
4608	796	1994-08-31	0
4609	1325	1997-02-18	0
4610	259	1993-09-01	0
4611	286	1993-03-26	0
4612	604	1993-12-04	0
4613	1315	1998-05-19	0
4614	596	1996-07-06	0
4615	286	1993-11-10	0
4640	955	1996-03-16	0
4641	1334	1993-04-05	0
4642	1474	1995-05-13	0
4643	667	1995-09-13	0
4644	935	1998-04-02	0
4645	434	1994-12-04	0
4646	826	1996-09-01	0
4647	265	1994-07-28	0
4672	788	1996-01-21	0
4673	820	1996-10-27	0
4674	364	1994-07-03	0
4675	860	1994-02-08	0
4676	133	1995-11-15	0
4677	382	1998-05-07	0
4678	866	1998-10-16	0
4679	865	1993-04-05	0
4704	13	1996-10-30	0
4705	979	1992-06-05	0
4706	238	1993-03-14	0
4707	893	1995-05-13	0
4708	832	1994-12-15	0
4709	256	1996-03-23	0
4710	985	1995-02-21	0
4711	1417	1998-07-20	0
4736	1378	1996-02-03	0
4737	787	1993-05-25	0
4738	43	1992-06-22	0
4739	1472	1993-05-07	0
4740	677	1996-09-18	0
4741	1270	1992-09-20	0
4742	637	1995-06-06	0
4743	967	1993-06-14	0
4768	1351	1994-02-05	0
4769	1205	1995-06-28	0
4770	589	1995-09-03	0
4771	943	1993-02-27	0
4772	277	1994-11-28	0
4773	1213	1996-03-07	0
4774	508	1993-07-04	0
4775	1273	1995-10-27	0
4800	352	1992-03-21	0
4801	874	1996-04-09	0
4802	1288	1997-04-08	0
4803	1234	1996-04-23	0
4804	358	1992-04-12	0
4805	149	1992-07-09	0
4806	53	1993-07-05	0
4807	526	1997-03-25	0
4832	340	1998-02-17	0
4833	1319	1996-07-26	0
4834	178	1996-11-26	0
4835	1451	1995-01-08	0
4836	643	1997-03-03	0
4837	1282	1998-07-08	0
4838	436	1992-10-16	0
4839	244	1994-07-24	0
4864	863	1993-01-25	0
4865	839	1997-08-21	0
4866	530	1997-10-21	0
4867	82	1992-08-04	0
4868	745	1997-05-16	0
4869	568	1994-12-10	0
4870	1016	1994-10-20	0
4871	448	1995-08-26	0
4896	850	1992-11-05	0
4897	800	1992-12-01	0
4898	137	1994-09-24	0
4899	601	1994-01-01	0
4900	1361	1992-09-13	0
4901	790	1998-03-16	0
4902	1372	1998-09-17	0
4903	920	1992-06-05	0
4928	22	1993-12-18	0
4929	1492	1996-05-14	0
4930	1483	1994-07-20	0
4931	496	1995-01-31	0
4932	1219	1993-10-24	0
4933	925	1995-09-27	0
4934	382	1997-05-03	0
4935	400	1993-08-08	0
4960	1228	1995-05-12	0
4961	574	1998-06-20	0
4962	1037	1993-10-11	0
4963	329	1997-01-21	0
4964	1003	1997-10-11	0
4965	518	1994-01-04	0
4966	688	1996-11-21	0
4967	976	1997-05-03	0
4992	613	1992-07-24	0
4993	112	1994-10-18	0
4994	425	1996-09-12	0
4995	388	1996-03-21	0
4996	1330	1992-11-28	0
4997	463	1998-06-01	0
4998	319	1992-03-26	0
4999	844	1993-09-09	0
5024	1222	1997-01-08	0
5025	1198	1997-04-19	0
5026	271	1997-11-20	0
5027	1463	1997-11-13	0
5028	116	1992-07-01	0
5029	104	1993-01-28	0
5030	1057	1998-08-08	0
5031	1381	1995-02-15	0
5056	508	1997-05-01	0
5057	640	1997-10-17	0
5058	1190	1998-06-06	0
5059	413	1994-01-24	0
5060	1111	1992-09-20	0
5061	1006	1993-10-28	0
5062	598	1992-12-22	0
5063	224	1997-07-31	0
5088	1294	1993-03-22	0
5089	1295	1992-10-12	0
5090	881	1997-05-23	0
5091	1477	1998-08-04	0
5092	206	1996-01-13	0
5093	776	1993-11-17	0
5094	1051	1993-06-12	0
5095	952	1992-07-06	0
5120	155	1996-08-19	0
5121	1328	1992-07-25	0
5122	688	1996-04-25	0
5123	97	1998-04-26	0
5124	238	1997-06-18	0
5125	274	1998-04-23	0
5126	1120	1992-12-26	0
5127	722	1997-03-31	0
5152	433	1997-03-20	0
5153	1124	1995-11-09	0
5154	79	1997-06-27	0
5155	763	1994-08-26	0
5156	1249	1997-01-18	0
5157	1412	1997-09-19	0
5158	755	1997-04-06	0
5159	1048	1996-12-09	0
5184	850	1998-10-03	0
5185	1477	1997-10-08	0
5186	520	1996-10-17	0
5187	538	1997-09-29	0
5188	1400	1995-05-16	0
5189	704	1994-02-09	0
5190	580	1992-07-10	0
5191	770	1995-02-24	0
5216	587	1997-10-28	0
5217	349	1995-12-27	0
5218	802	1992-10-13	0
5219	875	1997-05-13	0
5220	95	1992-10-13	0
5221	125	1995-08-23	0
5222	797	1994-08-10	0
5223	1486	1994-09-13	0
5248	697	1995-06-29	0
5249	1019	1994-11-20	0
5250	956	1995-09-29	0
5251	340	1995-06-26	0
5252	898	1996-05-02	0
5253	1480	1995-06-25	0
5254	1105	1992-10-09	0
5255	634	1996-09-25	0
5280	329	1998-02-16	0
5281	1240	1996-01-16	0
5282	499	1998-04-15	0
5283	1309	1994-08-18	0
5284	608	1995-09-22	0
5285	700	1994-04-03	0
5286	1156	1997-12-10	0
5287	250	1994-03-07	0
5312	649	1995-05-10	0
5313	130	1997-08-31	0
5314	331	1995-08-16	0
5315	1387	1993-01-12	0
5316	997	1994-04-16	0
5317	367	1994-11-23	0
5318	590	1993-06-18	0
5319	979	1996-04-05	0
5344	1072	1998-09-04	0
5345	304	1997-11-07	0
5346	367	1994-03-11	0
5347	478	1995-05-08	0
5348	524	1998-01-22	0
5349	670	1996-11-15	0
5350	745	1993-12-24	0
5351	1213	1998-07-25	0
5376	1486	1994-09-17	0
5377	623	1997-07-08	0
5378	412	1993-01-08	0
5379	884	1995-10-22	0
5380	1462	1997-12-26	0
5381	311	1993-04-14	0
5382	344	1992-03-28	0
5383	308	1995-08-09	0
5408	223	1992-10-04	0
5409	127	1992-03-24	0
5410	202	1998-10-11	0
5411	598	1997-07-30	0
5412	1408	1998-04-05	0
5413	940	1997-12-31	0
5414	995	1993-06-08	0
5415	221	1992-10-19	0
5440	1291	1997-03-28	0
5441	401	1994-10-04	0
5442	413	1998-03-29	0
5443	1306	1996-12-24	0
5444	1288	1995-06-01	0
5445	1150	1993-10-09	0
5446	56	1994-09-04	0
5447	130	1996-05-30	0
5472	686	1993-06-25	0
5473	641	1992-06-08	0
5474	538	1992-08-15	0
5475	1372	1996-09-20	0
5476	898	1998-01-20	0
5477	1061	1998-03-15	0
5478	1153	1996-07-31	0
5479	697	1994-03-07	0
5504	178	1993-03-22	0
5505	943	1997-12-18	0
5506	907	1994-01-22	0
5507	17	1998-08-11	0
5508	557	1996-09-04	0
5509	793	1994-06-22	0
5510	361	1993-03-24	0
5511	773	1995-02-12	0
5536	1151	1998-05-30	0
5537	1178	1996-12-17	0
5538	1384	1994-03-10	0
5539	1189	1994-10-14	0
5540	1285	1996-12-26	0
5541	1423	1997-12-14	0
5542	481	1996-07-04	0
5543	1150	1993-12-09	0
5568	295	1995-08-21	0
5569	1088	1993-07-14	0
5570	1106	1996-10-26	0
5571	1021	1993-03-04	0
5572	73	1994-09-30	0
5573	358	1996-10-29	0
5574	268	1992-05-24	0
5575	1012	1995-10-07	0
5600	941	1997-04-24	0
5601	110	1992-03-21	0
5602	1294	1997-10-13	0
5603	703	1992-09-03	0
5604	443	1998-06-28	0
5605	346	1996-11-05	0
5606	1486	1997-01-26	0
5607	911	1992-03-16	0
5632	784	1996-04-20	0
5633	775	1998-08-14	0
5634	677	1996-10-14	0
5635	686	1992-10-30	0
5636	1214	1995-05-02	0
5637	1030	1996-08-31	0
5638	1078	1994-04-02	0
5639	1450	1994-08-16	0
5664	1186	1998-10-06	0
5665	994	1993-09-11	0
5666	139	1994-04-18	0
5667	434	1995-10-24	0
5668	1088	1995-06-05	0
5669	736	1996-07-20	0
5670	64	1993-07-05	0
5671	418	1998-04-22	0
5696	1411	1995-07-18	0
5697	541	1992-12-19	0
5698	943	1994-08-04	0
5699	1414	1992-10-13	0
5700	1427	1998-03-10	0
5701	421	1997-04-23	0
5702	967	1993-11-21	0
5703	1196	1993-07-30	0
5728	793	1995-02-24	0
5729	434	1994-12-24	0
5730	110	1998-03-03	0
5731	79	1997-07-31	0
5732	352	1997-10-17	0
5733	1003	1993-05-31	0
5734	925	1997-12-26	0
5735	395	1995-02-24	0
5760	241	1994-08-08	0
5761	151	1998-09-19	0
5762	481	1997-04-30	0
5763	74	1998-09-09	0
5764	1306	1993-12-17	0
5765	518	1995-02-28	0
5766	476	1993-12-11	0
5767	1174	1992-07-13	0
5792	256	1993-06-18	0
5793	362	1997-09-26	0
5794	80	1993-06-19	0
5795	368	1992-07-19	0
5796	1493	1996-04-07	0
5797	1216	1997-12-29	0
5798	1057	1998-06-13	0
5799	260	1995-10-17	0
5824	556	1997-02-16	0
5825	607	1995-05-07	0
5826	217	1998-08-27	0
5827	305	1998-10-06	0
5828	1270	1994-05-20	0
5829	1246	1997-03-27	0
5830	836	1993-06-08	0
5831	1387	1997-01-31	0
5856	361	1995-01-20	0
5857	1231	1998-01-20	0
5858	625	1992-09-27	0
5859	43	1997-07-07	0
5860	127	1992-05-05	0
5861	1387	1997-06-24	0
5862	628	1997-05-06	0
5863	641	1994-02-05	0
5888	448	1996-12-12	0
5889	209	1995-08-06	0
5890	487	1993-01-18	0
5891	452	1993-03-14	0
5892	1003	1995-07-23	0
5893	19	1992-09-21	0
5894	703	1994-10-27	0
5895	622	1997-03-17	0
5920	1189	1995-02-03	0
5921	571	1994-06-21	0
5922	1426	1997-01-28	0
5923	1003	1997-08-10	0
5924	305	1995-12-24	0
5925	1453	1996-01-27	0
5926	748	1994-08-03	0
5927	1153	1997-11-11	0
5952	1462	1997-06-28	0
5953	58	1992-06-11	0
5954	268	1993-02-16	0
5955	922	1995-06-10	0
5956	208	1998-08-01	0
5957	883	1994-03-12	0
5958	1141	1995-11-30	0
5959	230	1992-07-29	0
5984	688	1994-09-01	0
5985	1430	1995-03-28	0
5986	1147	1992-07-06	0
5987	637	1996-10-17	0
5988	293	1994-02-05	0
5989	710	1995-12-29	0
5990	649	1993-06-22	0
5991	1418	1994-07-20	0
6016	217	1992-04-05	0
6017	487	1995-04-16	0
6018	833	1992-11-02	0
6019	568	1993-10-20	0
6020	73	1994-12-06	0
6021	685	1998-01-20	0
6022	13	1995-04-29	0
6023	1111	1998-06-24	0
6048	1366	1996-06-27	0
6049	446	1998-05-24	0
6050	1339	1993-06-12	0
6051	538	1998-07-27	0
6052	841	1993-06-30	0
6053	1342	1994-02-25	0
6054	16	1995-11-23	0
6055	955	1997-01-25	0
6080	424	1996-08-19	0
6081	1406	1998-01-19	0
6082	1387	1996-05-17	0
6083	1214	1996-09-29	0
6084	620	1997-03-02	0
6085	553	1998-04-25	0
6086	659	1995-12-07	0
6087	736	1998-03-26	0
6112	58	1994-11-07	0
6113	575	1998-09-29	0
6114	850	1998-06-26	0
6115	1441	1993-11-26	0
6116	1348	1994-06-04	0
6117	167	1993-03-07	0
6118	1270	1997-06-09	0
6119	1093	1992-09-17	0
6144	244	1994-09-05	0
6145	856	1998-06-26	0
6146	160	1996-02-14	0
6147	869	1995-12-16	0
6148	445	1996-03-09	0
6149	623	1997-01-31	0
6150	886	1992-12-16	0
6151	370	1993-09-25	0
6176	115	1997-01-25	0
6177	1097	1997-09-13	0
6178	650	1995-10-23	0
6179	1231	1994-08-17	0
6180	398	1995-06-26	0
6181	499	1996-07-29	0
6182	1465	1992-10-05	0
6183	338	1992-08-30	0
6208	622	1996-12-20	0
6209	1084	1996-10-17	0
6210	686	1997-01-20	0
6211	1294	1995-02-07	0
6212	115	1996-07-15	0
6213	1067	1995-10-08	0
6214	148	1996-09-16	0
6215	619	1997-02-07	0
6240	1202	1998-08-17	0
6241	136	1995-03-15	0
6242	472	1998-02-15	0
6243	241	1994-12-12	0
6244	1423	1993-11-02	0
6245	733	1998-01-24	0
6246	712	1995-01-05	0
6247	466	1997-02-05	0
6272	898	1993-05-14	0
6273	43	1995-04-22	0
6274	79	1995-09-28	0
6275	116	1997-03-09	0
6276	736	1995-07-22	0
6277	563	1997-04-13	0
6278	337	1992-03-20	0
6279	1109	1993-04-15	0
6304	560	1995-10-26	0
6305	79	1997-04-01	0
6306	13	1998-07-18	0
6307	23	1998-01-20	0
6308	895	1997-09-24	0
6309	1300	1993-08-24	0
6310	712	1994-07-18	0
6311	622	1993-04-27	0
6336	1312	1995-11-12	0
6337	1159	1995-11-15	0
6338	1480	1992-05-10	0
6339	1156	1993-02-25	0
6340	232	1996-12-23	0
6341	1270	1996-08-22	0
6342	287	1998-02-08	0
6343	743	1998-06-01	0
6368	515	1994-05-09	0
6369	850	1995-03-05	0
6370	1204	1993-03-15	0
6371	838	1993-06-16	0
6372	517	1994-05-13	0
6373	385	1992-04-08	0
6374	898	1995-10-22	0
6375	217	1998-01-27	0
6400	823	1994-04-09	0
6401	1273	1997-07-07	0
6402	395	1995-07-08	0
6403	280	1995-04-28	0
6404	319	1996-09-20	0
6405	1100	1997-07-26	0
6406	244	1994-10-29	0
6407	847	1995-10-08	0
6432	304	1996-01-25	0
6433	766	1996-02-06	0
6434	976	1994-08-22	0
6435	1138	1996-08-15	0
6436	1046	1992-05-16	0
6437	1162	1994-04-20	0
6438	1084	1993-07-31	0
6439	988	1995-09-16	0
6464	160	1994-08-12	0
6465	943	1995-10-27	0
6466	169	1997-06-20	0
6467	754	1998-05-16	0
6468	1054	1996-11-23	0
6469	746	1996-05-23	0
6470	62	1995-11-25	0
6471	952	1998-05-15	0
6496	443	1995-09-13	0
6497	452	1997-12-16	0
6498	1229	1994-06-01	0
6499	118	1995-07-23	0
6500	772	1992-12-27	0
6501	34	1992-03-29	0
6502	1364	1995-11-04	0
6503	200	1997-09-22	0
6528	1127	1993-04-20	0
6529	541	1993-02-10	0
6530	64	1997-10-19	0
6531	593	1993-10-01	0
6532	4	1996-05-03	0
6533	79	1998-05-19	0
6534	970	1997-07-04	0
6535	244	1992-08-27	0
6560	1204	1995-03-21	0
6561	1402	1994-08-02	0
6562	643	1995-03-06	0
6563	1055	1993-01-20	0
6564	565	1995-04-07	0
6565	277	1997-05-11	0
6566	1369	1995-08-05	0
6567	1294	1997-10-05	0
6592	221	1995-02-15	0
6593	293	1997-07-30	0
6594	1288	1996-11-06	0
6595	881	1992-12-17	0
6596	1120	1995-10-05	0
6597	1189	1998-09-10	0
6598	109	1992-07-22	0
6599	599	1998-07-01	0
6624	1130	1997-11-01	0
6625	1345	1993-10-30	0
6626	575	1994-07-21	0
6627	967	1995-06-09	0
6628	448	1994-07-12	0
6629	1094	1994-04-11	0
6630	800	1997-02-18	0
6631	481	1995-11-20	0
6656	754	1994-07-30	0
6657	463	1992-03-18	0
6658	1486	1996-09-12	0
6659	164	1998-03-28	0
6660	1477	1998-07-20	0
6661	31	1993-07-01	0
6662	214	1996-02-06	0
6663	577	1995-04-19	0
6688	1187	1997-05-10	0
6689	757	1997-08-16	0
6690	169	1996-09-09	0
6691	1435	1994-08-24	0
6692	248	1996-12-07	0
6693	73	1992-08-08	0
6694	604	1992-11-15	0
6695	170	1992-09-11	0
6720	1021	1993-11-24	0
6721	994	1997-02-12	0
6722	514	1996-09-09	0
6723	343	1998-08-16	0
6724	934	1996-01-08	0
6725	751	1995-12-29	0
6726	1094	1994-02-12	0
6727	959	1994-11-13	0
6752	1252	1997-01-01	0
6753	121	1993-12-11	0
6754	1261	1995-10-26	0
6755	1105	1995-07-16	0
6756	1141	1993-11-08	0
6757	952	1992-04-17	0
6758	535	1994-08-02	0
6759	1492	1996-09-13	0
6784	1288	1997-07-29	0
6785	950	1992-07-21	0
6786	904	1997-10-27	0
6787	116	1995-08-17	0
6788	548	1995-10-19	0
6789	1028	1998-07-07	0
6790	182	1995-07-11	0
6791	154	1995-04-18	0
6816	1348	1998-04-29	0
6817	661	1997-02-20	0
6818	953	1996-05-12	0
6819	1441	1998-05-15	0
6820	853	1995-09-19	0
6821	1258	1997-12-16	0
6822	247	1997-09-05	0
6823	628	1994-10-05	0
6848	730	1993-11-28	0
6849	445	1998-04-11	0
6850	169	1993-04-28	0
6851	403	1997-09-13	0
6852	712	1997-09-09	0
6853	119	1997-05-03	0
6854	835	1994-03-23	0
6855	106	1995-11-11	0
6880	25	1994-08-09	0
6881	1129	1994-06-06	0
6882	178	1997-06-23	0
6883	287	1997-09-26	0
6884	1168	1994-04-01	0
6885	922	1992-09-03	0
6886	1006	1992-04-04	0
6887	838	1995-11-10	0
6912	764	1996-02-24	0
6913	350	1993-02-04	0
6914	700	1994-02-23	0
6915	961	1996-04-21	0
6916	866	1993-08-19	0
6917	184	1998-10-11	0
6918	776	1995-09-15	0
6919	530	1998-07-15	0
6944	685	1992-05-17	0
6945	683	1995-07-13	0
6946	667	1997-09-03	0
6947	1279	1995-10-03	0
6948	1112	1994-02-23	0
6949	740	1992-07-13	0
6950	1264	1992-06-10	0
6951	442	1996-11-07	0
6976	940	1993-12-27	0
6977	979	1995-02-18	0
6978	280	1994-02-23	0
6979	325	1994-05-14	0
6980	2	1993-05-05	0
6981	128	1998-08-28	0
6982	172	1996-01-31	0
6983	1081	1998-05-05	0
7008	1349	1993-01-03	0
7009	1135	1996-02-12	0
7010	1318	1998-08-02	0
7011	364	1998-03-14	0
7012	1396	1998-07-01	0
7013	1406	1997-06-24	0
7014	68	1996-09-03	0
7015	868	1993-12-27	0
7040	565	1996-08-29	0
7041	160	1997-11-24	0
7042	359	1992-03-24	0
7043	364	1994-04-11	0
7044	1313	1994-10-27	0
7045	241	1997-10-28	0
7046	865	1996-04-06	0
7047	1106	1997-02-11	0
7072	1105	1992-04-20	0
7073	179	1997-12-18	0
7074	1126	1993-08-09	0
7075	1093	1995-12-25	0
7076	1402	1996-02-25	0
7077	562	1996-03-06	0
7078	665	1993-06-26	0
7079	488	1993-04-25	0
7104	1384	1997-03-16	0
7105	65	1993-09-05	0
7106	1147	1992-07-25	0
7107	908	1992-03-20	0
7108	103	1996-06-07	0
7109	1405	1996-09-07	0
7110	724	1995-10-22	0
7111	1351	1997-01-17	0
7136	352	1994-06-06	0
7137	1064	1995-10-13	0
7138	1351	1998-07-23	0
7139	1420	1996-09-08	0
7140	1198	1994-04-25	0
7141	5	1996-10-02	0
7142	1456	1995-10-05	0
7143	403	1998-01-06	0
7168	613	1998-03-03	0
7169	107	1993-06-10	0
7170	31	1998-01-14	0
7171	377	1995-04-30	0
7172	134	1998-01-08	0
7173	157	1992-10-23	0
7174	1288	1992-05-25	0
7175	1276	1993-04-24	0
7200	691	1993-11-26	0
7201	1160	1996-06-27	0
7202	1006	1996-08-16	0
7203	1127	1994-03-25	0
7204	1078	1996-03-23	0
7205	1006	1994-09-29	0
7206	352	1994-05-06	0
7207	1228	1998-05-08	0
7232	761	1998-06-12	0
7233	347	1997-01-24	0
7234	103	1998-08-25	0
7235	1427	1996-12-09	0
7236	271	1993-03-19	0
7237	1052	1998-04-01	0
7238	1009	1998-05-19	0
7239	287	1995-09-13	0
7264	334	1998-06-05	0
7265	596	1996-02-01	0
7266	527	1996-10-03	0
7267	1462	1992-11-12	0
7268	1475	1997-01-07	0
7269	299	1994-11-29	0
7270	1166	1998-04-18	0
7271	56	1998-10-12	0
7296	1493	1997-01-05	0
7297	1381	1994-11-29	0
7298	841	1997-09-24	0
7299	1369	1992-05-04	0
7300	430	1994-06-03	0
7301	1499	1994-03-14	0
7302	155	1995-06-14	0
7303	1429	1993-09-02	0
7328	1183	1998-07-03	0
7329	664	1996-12-18	0
7330	163	1998-09-26	0
7331	236	1996-10-05	0
7332	464	1996-10-30	0
7333	721	1996-11-28	0
7334	1442	1997-10-20	0
7335	86	1993-08-13	0
7360	535	1998-01-07	0
7361	400	1994-12-23	0
7362	745	1995-01-25	0
7363	1241	1994-01-24	0
7364	118	1994-07-23	0
7365	53	1998-05-18	0
7366	49	1994-05-29	0
7367	1340	1995-08-20	0
7392	1228	1996-06-29	0
7393	178	1996-03-07	0
7394	949	1998-09-16	0
7395	1244	1998-04-06	0
7396	256	1998-03-19	0
7397	1258	1994-08-03	0
7398	335	1994-08-16	0
7399	55	1997-10-25	0
7424	986	1998-07-30	0
7425	1253	1997-11-11	0
7426	466	1995-04-02	0
7427	73	1993-03-01	0
7428	1133	1997-10-22	0
7429	874	1993-08-10	0
7430	568	1993-08-23	0
7431	1093	1994-07-16	0
7456	199	1997-05-19	0
7457	670	1993-12-15	0
7458	1318	1992-06-19	0
7459	178	1997-08-19	0
7460	391	1996-07-25	0
7461	1189	1994-03-29	0
7462	128	1995-05-07	0
7463	275	1997-10-24	0
7488	1021	1992-07-18	0
7489	59	1993-12-15	0
7490	43	1995-01-09	0
7491	1477	1998-07-05	0
7492	511	1996-09-09	0
7493	205	1995-03-03	0
7494	1231	1996-06-16	0
7495	188	1995-01-20	0
7520	266	1997-03-31	0
7521	869	1995-05-14	0
7522	445	1997-02-22	0
7523	1489	1997-06-22	0
7524	604	1992-10-02	0
7525	479	1997-05-26	0
7526	899	1997-03-05	0
7527	392	1995-02-25	0
7552	820	1992-11-25	0
7553	518	1993-07-22	0
7554	817	1996-09-12	0
7555	790	1996-03-28	0
7556	76	1994-01-25	0
7557	745	1997-09-16	0
7558	940	1994-02-24	0
7559	992	1993-12-27	0
7584	941	1997-06-28	0
7585	334	1995-08-03	0
7586	313	1995-09-23	0
7587	227	1992-05-01	0
7588	1447	1993-03-08	0
7589	1246	1997-07-04	0
7590	112	1998-07-02	0
7591	116	1993-07-27	0
7616	337	1993-12-20	0
7617	680	1998-08-29	0
7618	883	1992-03-19	0
7619	790	1993-12-23	0
7620	1073	1994-09-04	0
7621	17	1997-06-16	0
7622	376	1998-04-06	0
7623	1282	1995-01-12	0
7648	1322	1997-08-16	0
7649	269	1995-09-28	0
7650	1426	1995-06-20	0
7651	1066	1995-04-01	0
7652	1312	1994-04-08	0
7653	1306	1992-05-13	0
7654	908	1993-04-27	0
7655	280	1993-04-29	0
7680	1318	1995-06-23	0
7681	1030	1994-03-04	0
7682	1273	1997-12-25	0
7683	535	1998-05-12	0
7684	1145	1992-04-04	0
7685	451	1998-05-07	0
7686	388	1994-08-26	0
7687	1483	1993-05-18	0
7712	1471	1997-01-04	0
7713	158	1996-05-23	0
7714	832	1996-08-31	0
7715	431	1993-10-26	0
7716	1438	1996-03-07	0
7717	772	1996-11-12	0
7718	988	1998-04-08	0
7719	425	1994-06-05	0
7744	1090	1995-02-01	0
7745	1292	1994-05-17	0
7746	649	1994-02-19	0
7747	364	1992-07-09	0
7748	961	1998-04-19	0
7749	548	1993-12-06	0
7750	1418	1993-03-10	0
7751	718	1993-03-09	0
7776	1093	1994-05-29	0
7777	1094	1998-05-03	0
7778	710	1995-02-08	0
7779	1000	1995-07-06	0
7780	1027	1998-05-03	0
7781	1249	1998-08-08	0
7782	154	1994-09-16	0
7783	1307	1992-03-28	0
7808	1243	1996-03-03	0
7809	1045	1996-12-15	0
7810	1099	1997-05-18	0
7811	250	1996-06-02	0
7812	349	1995-07-05	0
7813	1348	1994-04-27	0
7814	511	1995-09-25	0
7815	340	1994-04-08	0
7840	649	1995-03-25	0
7841	1489	1992-08-04	0
7842	14	1994-12-14	0
7843	400	1995-08-07	0
7844	1493	1996-11-22	0
7845	635	1995-02-27	0
7846	496	1995-09-09	0
7847	625	1995-09-17	0
7872	868	1993-01-06	0
7873	43	1992-09-09	0
7874	329	1998-09-01	0
7875	439	1993-04-26	0
7876	1351	1996-11-11	0
7877	130	1996-05-22	0
7878	1381	1995-07-16	0
7879	1234	1994-10-14	0
7904	1478	1993-08-11	0
7905	976	1994-08-18	0
7906	818	1995-01-01	0
7907	565	1996-12-24	0
7908	1297	1996-12-28	0
7909	778	1994-03-20	0
7910	448	1993-07-05	0
7911	1087	1997-11-16	0
7936	989	1993-06-20	0
7937	1045	1993-06-16	0
7938	706	1993-05-28	0
7939	410	1997-01-17	0
7940	1261	1996-05-22	0
7941	1360	1992-06-07	0
7942	724	1994-07-04	0
7943	1241	1996-11-11	0
7968	374	1993-11-30	0
7969	328	1998-10-16	0
7970	394	1996-12-24	0
7971	286	1994-08-17	0
7972	1018	1998-07-28	0
7973	932	1992-04-05	0
7974	1337	1992-08-17	0
7975	145	1997-05-20	0
8000	154	1993-12-04	0
8001	1261	1994-02-03	0
8002	22	1993-05-28	0
8003	1309	1996-01-07	0
8004	923	1995-07-26	0
8005	235	1992-06-20	0
8006	770	1995-08-18	0
8007	238	1992-04-27	0
8032	133	1995-03-15	0
8033	140	1992-07-09	0
8034	739	1992-04-04	0
8035	913	1992-05-16	0
8036	226	1997-06-28	0
8037	1171	1996-05-26	0
8038	1006	1993-01-10	0
8039	238	1992-11-07	0
8064	665	1995-07-27	0
8065	1141	1993-01-05	0
8066	364	1997-04-17	0
8067	49	1992-04-19	0
8068	1330	1996-10-26	0
8069	131	1994-10-23	0
8070	1003	1992-04-13	0
8071	1136	1996-06-22	0
8096	1225	1997-01-20	0
8097	502	1994-02-23	0
8098	403	1998-01-18	0
8099	121	1996-03-24	0
8100	332	1997-03-31	0
8101	80	1993-05-19	0
8102	1333	1997-08-19	0
8103	1373	1995-01-17	0
8128	1198	1996-12-18	0
8129	196	1998-03-21	0
8130	889	1992-07-28	0
8131	508	1993-07-18	0
8132	515	1994-07-29	0
8133	1376	1995-05-13	0
8134	1387	1998-01-29	0
8135	1270	1995-09-10	0
8160	545	1996-07-07	0
8161	364	1994-08-18	0
8162	715	1994-12-22	0
8163	475	1997-04-21	0
8164	1256	1994-11-29	0
8165	223	1994-12-30	0
8166	553	1997-04-22	0
8167	805	1992-10-19	0
8192	340	1995-03-23	0
8193	19	1997-10-23	0
8194	340	1996-03-16	0
8195	283	1995-03-23	0
8196	967	1997-11-13	0
8197	1499	1998-03-23	0
8198	98	1997-07-19	0
8199	488	1997-06-13	0
8224	37	1992-04-23	0
8225	253	1993-11-16	0
8226	305	1996-03-14	0
8227	160	1993-03-27	0
8228	532	1993-10-10	0
8229	1204	1995-02-21	0
8230	1051	1996-10-23	0
8231	904	1993-01-02	0
8256	1399	1992-10-20	0
8257	350	1994-06-06	0
8258	890	1994-05-16	0
8259	1142	1994-07-03	0
8260	5	1993-07-23	0
8261	1157	1994-06-27	0
8262	730	1998-07-31	0
8263	628	1995-04-12	0
8288	1420	1995-07-24	0
8289	943	1993-01-12	0
8290	734	1995-02-23	0
8291	343	1992-08-12	0
8292	740	1993-04-18	0
8293	1109	1992-10-25	0
8294	8	1992-09-04	0
8295	976	1994-06-16	0
8320	640	1994-12-04	0
8321	337	1994-01-25	0
8322	421	1996-06-08	0
8323	532	1995-11-21	0
8324	986	1994-11-16	0
8325	739	1994-03-31	0
8326	1222	1996-05-12	0
8327	1150	1998-01-22	0
8352	697	1993-09-24	0
8353	418	1994-07-30	0
8354	634	1996-11-29	0
8355	1180	1998-02-03	0
8356	889	1995-06-14	0
8357	742	1997-11-12	0
8358	532	1997-03-21	0
8359	374	1992-07-31	0
8384	451	1993-07-20	0
8385	806	1997-09-11	0
8386	391	1998-05-03	0
8387	1441	1993-06-04	0
8388	877	1992-05-09	0
8389	607	1994-07-07	0
8390	671	1992-07-06	0
8391	53	1995-11-12	0
8416	109	1993-10-21	0
8417	1081	1997-11-06	0
8418	109	1996-12-29	0
8419	1174	1995-12-14	0
8420	1412	1997-09-02	0
8421	589	1997-06-05	0
8422	178	1994-06-29	0
8423	904	1997-02-21	0
8448	623	1995-12-21	0
8449	1456	1996-12-25	0
8450	1036	1992-06-28	0
8451	325	1996-02-27	0
8452	1393	1992-10-13	0
8453	470	1997-11-18	0
8454	340	1992-10-30	0
8455	664	1994-11-04	0
8480	1498	1995-04-15	0
8481	388	1998-06-22	0
8482	583	1997-05-30	0
8483	587	1996-01-14	0
8484	1450	1995-11-19	0
8485	1393	1997-11-16	0
8486	802	1997-04-06	0
8487	866	1997-03-21	0
8512	958	1994-09-07	0
8513	394	1995-09-29	0
8514	697	1996-04-29	0
8515	1012	1994-03-07	0
8516	107	1996-06-22	0
8517	1133	1997-05-26	0
8518	655	1998-07-18	0
8519	583	1996-11-08	0
8544	1441	1993-04-29	0
8545	584	1994-09-01	0
8546	109	1992-06-16	0
8547	1211	1997-03-08	0
8548	1256	1997-10-19	0
8549	457	1997-12-13	0
8550	89	1993-04-20	0
8551	16	1994-10-13	0
8576	691	1994-03-26	0
8577	31	1997-01-23	0
8578	1462	1995-11-17	0
8579	1408	1997-11-23	0
8580	772	1995-06-06	0
8581	44	1993-09-19	0
8582	664	1994-02-04	0
8583	526	1993-08-27	0
8608	1003	1996-06-25	0
8609	1258	1992-06-29	0
8610	697	1994-07-23	0
8611	638	1996-07-22	0
8612	1021	1996-10-25	0
8613	1213	1993-12-10	0
8614	1192	1994-08-19	0
8615	43	1996-09-12	0
8640	1217	1993-11-26	0
8641	343	1995-06-07	0
8642	499	1993-04-02	0
8643	1151	1998-09-12	0
8644	1225	1994-09-21	0
8645	625	1997-01-10	0
8646	1084	1994-06-24	0
8647	1102	1994-01-28	0
8672	163	1993-08-10	0
8673	1112	1996-04-29	0
8674	1384	1997-04-28	0
8675	697	1997-12-19	0
8676	1052	1996-06-16	0
8677	476	1992-12-22	0
8678	298	1992-12-15	0
8679	569	1992-07-21	0
8704	553	1995-09-14	0
8705	1471	1996-06-01	0
8706	334	1996-09-19	0
8707	977	1998-02-17	0
8708	1217	1998-02-10	0
8709	487	1994-05-23	0
8710	967	1994-03-21	0
8711	1186	1997-06-02	0
8736	334	1993-11-21	0
8737	826	1998-03-21	0
8738	283	1998-04-13	0
8739	391	1998-09-14	0
8740	1198	1998-09-06	0
8741	763	1997-11-17	0
8742	544	1997-11-01	0
8743	550	1995-10-15	0
8768	1193	1995-11-02	0
8769	496	1997-08-05	0
8770	160	1996-09-23	0
8771	1213	1992-06-02	0
8772	283	1992-04-29	0
8773	1364	1996-01-06	0
8774	1448	1996-06-29	0
8775	823	1995-04-20	0
8800	1261	1993-02-07	0
8801	238	1992-10-25	0
8802	1222	1995-04-17	0
8803	880	1993-03-06	0
8804	1340	1998-02-04	0
8805	871	1996-10-11	0
8806	764	1996-06-15	0
8807	1471	1993-05-12	0
8832	511	1992-04-18	0
8833	395	1992-07-19	0
8834	265	1994-01-23	0
8835	472	1994-12-28	0
8836	604	1997-01-03	0
8837	1430	1997-05-05	0
8838	109	1997-12-03	0
8839	929	1995-06-26	0
8864	814	1997-04-30	0
8865	634	1993-07-18	0
8866	1312	1998-05-13	0
8867	46	1997-03-08	0
8868	376	1994-04-14	0
8869	520	1993-08-04	0
8870	1180	1993-05-20	0
8871	787	1994-01-04	0
8896	88	1997-03-31	0
8897	1072	1997-11-23	0
8898	1126	1996-11-14	0
8899	875	1993-10-25	0
8900	577	1996-06-14	0
8901	1078	1995-11-04	0
8902	569	1995-09-03	0
8903	40	1994-10-19	0
8928	169	1995-01-20	0
8929	794	1997-12-02	0
8930	707	1994-08-03	0
8931	631	1996-08-10	0
8932	1225	1993-07-08	0
8933	179	1993-12-22	0
8934	620	1996-12-03	0
8935	988	1998-06-06	0
8960	433	1993-08-20	0
8961	1109	1995-09-12	0
8962	355	1997-07-23	0
8963	1411	1997-06-04	0
8964	740	1998-04-27	0
8965	731	1993-12-18	0
8966	1225	1996-07-23	0
8967	452	1995-09-26	0
8992	868	1994-01-27	0
8993	784	1995-08-12	0
8994	1001	1994-06-22	0
8995	1132	1995-08-01	0
8996	1492	1995-08-17	0
8997	607	1994-09-15	0
8998	80	1993-03-20	0
8999	1175	1994-08-27	0
9024	1469	1992-08-17	0
9025	739	1994-08-03	0
9026	677	1996-10-07	0
9027	514	1995-11-17	0
9028	1475	1994-03-07	0
9029	1213	1993-02-03	0
9030	535	1998-09-27	0
9031	1379	1994-03-12	0
9056	121	1996-10-22	0
9057	71	1995-01-19	0
9058	403	1993-09-12	0
9059	926	1996-10-15	0
9060	463	1996-08-23	0
9061	325	1996-03-30	0
9062	1102	1995-06-04	0
9063	1399	1997-04-28	0
9088	610	1994-09-06	0
9089	370	1993-08-07	0
9090	775	1997-02-04	0
9091	679	1994-01-26	0
9092	664	1994-10-08	0
9093	619	1996-02-23	0
9094	1430	1998-08-10	0
9095	220	1995-08-25	0
9120	1010	1992-09-05	0
9121	434	1996-09-18	0
9122	79	1997-02-27	0
9123	367	1993-09-10	0
9124	559	1995-12-31	0
9125	151	1998-08-13	0
9126	371	1995-02-01	0
9127	611	1995-12-25	0
9152	1210	1993-11-04	0
9153	1147	1997-10-02	0
9154	1	1997-09-06	0
9155	355	1992-11-14	0
9156	154	1994-04-23	0
9157	595	1992-09-03	0
9158	271	1995-07-09	0
9159	1135	1995-10-09	0
9184	1156	1997-10-02	0
9185	145	1994-08-30	0
9186	457	1992-06-13	0
9187	769	1994-11-05	0
9188	619	1998-04-10	0
9189	1069	1997-02-15	0
9190	460	1998-05-17	0
9191	535	1996-06-07	0
9216	643	1995-06-29	0
9217	1489	1997-08-09	0
9218	241	1998-02-23	0
9219	412	1994-12-13	0
9220	482	1998-06-21	0
9221	85	1995-03-20	0
9222	211	1994-04-27	0
9223	304	1997-10-19	0
9248	1163	1995-03-09	0
9249	1348	1993-08-03	0
9250	1345	1992-10-28	0
9251	323	1993-11-13	0
9252	412	1998-02-24	0
9253	818	1992-04-15	0
9254	1276	1993-07-29	0
9255	472	1996-02-21	0
9280	1223	1998-08-26	0
9281	904	1992-05-09	0
9282	79	1996-02-09	0
9283	1255	1994-08-17	0
9284	661	1994-08-28	0
9285	1012	1994-03-19	0
9286	505	1995-06-18	0
9287	790	1998-03-18	0
9312	920	1992-08-02	0
9313	1348	1996-06-20	0
9314	1313	1995-05-01	0
9315	587	1998-05-31	0
9316	1393	1995-12-02	0
9317	100	1994-05-29	0
9318	1463	1992-10-11	0
9319	880	1992-11-25	0
9344	664	1996-02-20	0
9345	1376	1996-04-06	0
9346	917	1996-12-23	0
9347	673	1992-10-24	0
9348	658	1996-08-21	0
9349	1414	1997-11-12	0
9350	145	1993-01-15	0
9351	898	1996-07-31	0
9376	835	1997-10-07	0
9377	340	1993-07-06	0
9378	457	1997-12-30	0
9379	350	1992-03-19	0
9380	887	1994-11-09	0
9381	1184	1996-03-02	0
9382	337	1996-05-04	0
9383	140	1994-05-31	0
9408	184	1993-01-04	0
9409	970	1992-07-20	0
9410	787	1997-10-01	0
9411	661	1995-04-23	0
9412	1216	1998-09-27	0
9413	148	1995-09-26	0
9414	1333	1993-11-24	0
9415	1049	1992-11-07	0
9440	643	1994-08-22	0
9441	334	1997-09-01	0
9442	1267	1993-05-25	0
9443	304	1997-07-21	0
9444	106	1996-10-01	0
9445	928	1998-01-28	0
9446	1358	1998-03-14	0
9447	1162	1995-09-02	0
9472	481	1995-08-31	0
9473	23	1992-12-26	0
9474	133	1995-07-26	0
9475	1442	1997-02-05	0
9476	1283	1994-08-09	0
9477	170	1998-06-02	0
9478	940	1994-06-12	0
9479	1373	1994-12-06	0
9504	736	1993-02-09	0
9505	316	1992-08-22	0
9506	1232	1994-04-27	0
9507	517	1995-02-13	0
9508	448	1996-07-06	0
9509	37	1992-12-22	0
9510	235	1997-02-03	0
9511	1141	1996-10-15	0
9536	1138	1997-11-03	0
9537	806	1995-04-30	0
9538	1399	1994-05-25	0
9539	262	1996-01-29	0
9540	784	1994-08-25	0
9541	598	1992-06-09	0
9542	1147	1996-02-29	0
9543	850	1992-07-24	0
9568	619	1993-05-22	0
9569	1264	1998-01-15	0
9570	1435	1996-08-18	0
9571	1366	1996-07-14	0
9572	49	1998-06-11	0
9573	1361	1992-08-28	0
9574	790	1995-10-14	0
9575	916	1992-06-14	0
9600	536	1994-01-22	0
9601	1435	1996-06-03	0
9602	1481	1993-01-25	0
9603	1204	1998-03-25	0
9604	620	1996-09-08	0
9605	1220	1993-03-11	0
9606	152	1994-10-11	0
9607	643	1996-03-02	0
9632	1429	1992-04-01	0
9633	1336	1995-11-26	0
9634	958	1998-03-29	0
9635	847	1994-06-28	0
9636	304	1997-04-15	0
9637	1411	1994-03-20	0
9638	1126	1996-08-22	0
9639	722	1993-11-20	0
9664	310	1993-06-22	0
9665	1067	1994-07-08	0
9666	221	1996-07-23	0
9667	1102	1996-05-09	0
9668	847	1994-11-21	0
9669	619	1994-07-07	0
9670	1387	1998-01-22	0
9671	136	1995-11-27	0
9696	575	1995-05-06	0
9697	164	1995-04-12	0
9698	1487	1995-10-21	0
9699	875	1995-05-26	0
9700	544	1995-10-23	0
9701	112	1993-05-14	0
9702	1201	1996-11-05	0
9703	1126	1994-12-21	0
9728	826	1993-09-16	0
9729	970	1996-09-19	0
9730	143	1997-05-18	0
9731	283	1994-01-04	0
9732	820	1995-05-28	0
9733	1000	1994-06-01	0
9734	835	1997-04-19	0
9735	337	1997-09-11	0
9760	1181	1998-06-28	0
9761	433	1992-04-07	0
9762	1492	1994-03-20	0
9763	1492	1995-10-28	0
9764	1256	1993-03-15	0
9765	1153	1992-12-27	0
9766	235	1992-10-29	0
9767	973	1994-09-11	0
9792	1114	1995-10-07	0
9793	1198	1992-06-18	0
9794	505	1992-06-08	0
9795	370	1998-04-20	0
9796	1052	1993-11-25	0
9797	43	1993-11-27	0
9798	1135	1996-05-23	0
9799	461	1996-06-21	0
9824	472	1995-04-08	0
9825	28	1996-06-23	0
9826	698	1992-06-06	0
9827	1289	1998-09-17	0
9828	1306	1992-07-09	0
9829	1379	1996-02-22	0
9830	493	1997-11-22	0
9831	790	1996-09-03	0
9856	802	1993-08-13	0
9857	172	1993-07-26	0
9858	1399	1998-02-21	0
9859	475	1996-10-11	0
9860	623	1993-12-25	0
9861	1477	1993-01-12	0
9862	10	1997-12-24	0
9863	247	1995-11-19	0
9888	1319	1994-11-27	0
9889	82	1994-11-23	0
9890	731	1995-05-08	0
9891	1093	1995-08-23	0
9892	691	1992-09-30	0
9893	412	1994-10-31	0
9894	851	1994-06-02	0
9895	142	1993-07-05	0
9920	1073	1996-08-20	0
9921	1379	1995-07-29	0
9922	802	1995-06-18	0
9923	1217	1994-12-20	0
9924	799	1997-07-23	0
9925	52	1992-04-15	0
9926	254	1994-12-26	0
9927	13	1995-10-31	0
9952	521	1992-07-16	0
9953	946	1995-05-14	0
9954	19	1994-09-03	0
9955	1010	1995-11-19	0
9956	530	1993-05-31	0
9957	1465	1994-02-14	0
9958	764	1994-02-09	0
9959	689	1995-12-09	0
9984	376	1998-09-23	0
9985	1207	1993-10-22	0
9986	289	1997-12-06	0
9987	997	1996-02-11	0
9988	1372	1998-02-18	0
9989	1210	1993-09-05	0
9990	391	1992-06-11	0
9991	823	1996-08-24	0
10016	1295	1993-04-18	0
10017	811	1998-06-23	0
10018	307	1993-08-24	0
10019	919	1994-10-02	0
10020	469	1998-06-22	0
10021	1282	1992-10-15	0
10022	929	1994-05-19	0
10023	1204	1997-02-15	0
10048	803	1994-07-30	0
10049	683	1997-10-06	0
10050	1046	1996-11-17	0
10051	661	1996-08-08	0
10052	763	1994-11-22	0
10053	1441	1992-03-26	0
10054	665	1995-07-13	0
10055	1276	1996-05-14	0
10080	109	1993-04-29	0
10081	493	1993-10-22	0
10082	1264	1994-11-14	0
10083	565	1995-12-10	0
10084	1424	1997-09-21	0
10085	518	1996-06-14	0
10086	397	1995-07-30	0
10087	404	1997-06-14	0
10112	223	1994-03-06	0
10113	56	1994-08-27	0
10114	1064	1993-04-25	0
10115	799	1998-09-20	0
10116	118	1997-06-09	0
10117	734	1994-01-31	0
10118	742	1994-06-25	0
10119	509	1996-09-24	0
10144	311	1995-03-19	0
10145	646	1995-08-08	0
10146	994	1994-07-16	0
10147	1166	1993-12-24	0
10148	1462	1994-06-09	0
10149	26	1994-12-08	0
10150	1325	1992-07-14	0
10151	589	1992-03-30	0
10176	985	1996-11-09	0
10177	568	1996-09-12	0
10178	1148	1994-02-28	0
10179	1157	1996-07-14	0
10180	712	1997-05-24	0
10181	874	1996-04-28	0
10182	268	1994-08-08	0
10183	250	1995-02-08	0
10208	1028	1996-11-09	0
10209	1210	1994-02-13	0
10210	937	1995-09-07	0
10211	797	1997-10-12	0
10212	1471	1993-08-07	0
10213	1288	1995-05-04	0
10214	913	1996-04-14	0
10215	1031	1996-10-31	0
10240	691	1994-07-30	0
10241	271	1997-12-14	0
10242	101	1994-02-26	0
10243	385	1996-03-09	0
10244	298	1996-06-18	0
10245	587	1995-04-30	0
10246	1231	1997-09-02	0
10247	866	1993-03-27	0
10272	730	1994-04-03	0
10273	112	1998-07-08	0
10274	1369	1994-02-23	0
10275	83	1997-07-30	0
10276	1463	1996-05-09	0
10277	538	1994-06-22	0
10278	359	1995-11-27	0
10279	1223	1996-12-06	0
10304	814	1996-01-25	0
10305	25	1994-09-21	0
10306	152	1993-10-05	0
10307	298	1998-04-13	0
10308	413	1995-07-05	0
10309	1312	1995-02-05	0
10310	1027	1994-04-22	0
10311	52	1992-11-01	0
10336	1358	1997-08-29	0
10337	1360	1996-06-02	0
10338	1213	1995-09-28	0
10339	154	1995-12-26	0
10340	1486	1995-09-06	0
10341	1276	1993-03-07	0
10342	638	1996-02-06	0
10343	91	1992-06-10	0
10368	508	1996-09-08	0
10369	1397	1996-01-24	0
10370	839	1994-07-12	0
10371	1022	1994-12-01	0
10372	1241	1995-09-11	0
10373	671	1993-09-09	0
10374	337	1993-10-06	0
10375	814	1997-03-24	0
10400	230	1997-01-07	0
10401	1405	1998-10-03	0
10402	7	1998-03-05	0
10403	820	1996-08-04	0
10404	1255	1998-06-12	0
10405	929	1998-03-20	0
10406	46	1996-05-14	0
10407	442	1996-06-09	0
10432	1231	1992-03-21	0
10433	1295	1993-05-06	0
10434	781	1995-03-09	0
10435	1195	1993-10-25	0
10436	916	1995-03-19	0
10437	305	1994-11-02	0
10438	715	1993-02-16	0
10439	940	1992-06-12	0
10464	233	1994-10-25	0
10465	79	1997-06-24	0
10466	616	1993-03-11	0
10467	1088	1997-05-26	0
10468	574	1995-02-25	0
10469	622	1996-11-17	0
10470	184	1992-07-19	0
10471	262	1992-12-24	0
10496	400	1997-05-06	0
10497	119	1996-09-05	0
10498	1081	1994-01-07	0
10499	872	1994-01-31	0
10500	998	1994-04-09	0
10501	911	1998-09-16	0
10502	1462	1993-07-29	0
10503	853	1996-08-23	0
10528	166	1994-11-28	0
10529	692	1998-01-01	0
10530	1276	1994-04-13	0
10531	55	1992-06-02	0
10532	1337	1998-02-11	0
10533	961	1998-07-15	0
10534	1070	1993-07-03	0
10535	1225	1995-08-11	0
10560	91	1997-10-12	0
10561	718	1997-07-11	0
10562	1246	1995-01-26	0
10563	2	1993-12-14	0
10564	1019	1996-05-28	0
10565	613	1997-10-31	0
10566	578	1995-11-03	0
10567	328	1992-06-13	0
10592	778	1996-01-18	0
10593	1123	1992-04-28	0
10594	214	1996-06-04	0
10595	818	1998-02-05	0
10596	308	1997-06-14	0
10597	619	1996-11-27	0
10598	461	1992-05-22	0
10599	194	1997-10-04	0
10624	1288	1995-03-06	0
10625	259	1996-04-14	0
10626	997	1996-02-27	0
10627	127	1993-05-11	0
10628	1429	1998-09-11	0
10629	650	1994-11-26	0
10630	313	1993-04-21	0
10631	1243	1993-08-10	0
10656	371	1996-01-08	0
10657	734	1993-12-10	0
10658	1199	1994-11-11	0
10659	397	1994-07-29	0
10660	469	1998-07-15	0
10661	179	1994-04-09	0
10662	1420	1995-07-27	0
10663	317	1994-08-07	0
10688	4	1992-07-27	0
10689	203	1996-10-06	0
10690	103	1998-02-28	0
10691	664	1995-05-28	0
10692	187	1994-10-10	0
10693	1030	1995-07-01	0
10694	1423	1998-02-18	0
10695	1456	1995-07-17	0
10720	736	1998-06-14	0
10721	781	1996-05-12	0
10722	79	1995-04-05	0
10723	1040	1998-08-04	0
10724	1492	1994-11-28	0
10725	1444	1998-06-23	0
10726	164	1993-07-09	0
10727	496	1992-10-19	0
10752	199	1995-11-25	0
10753	1430	1994-07-16	0
10754	1061	1993-06-01	0
10755	1435	1993-09-28	0
10756	1087	1992-06-29	0
10757	128	1998-08-20	0
10758	368	1997-01-29	0
10759	34	1996-12-06	0
10784	1396	1993-09-19	0
10785	148	1992-09-09	0
10786	154	1995-10-20	0
10787	1117	1997-04-28	0
10788	4	1997-03-31	0
10789	1378	1993-11-07	0
10790	113	1995-02-28	0
10791	319	1995-11-03	0
10816	1303	1996-03-26	0
10817	712	1997-02-22	0
10818	157	1998-07-21	0
10819	571	1993-11-08	0
10820	661	1996-03-12	0
10821	590	1996-07-27	0
10822	1186	1994-02-14	0
10823	391	1992-08-27	0
10848	841	1997-01-09	0
10849	56	1997-04-16	0
10850	1052	1996-12-07	0
10851	1201	1994-06-21	0
10852	559	1994-01-10	0
10853	275	1994-03-22	0
10854	917	1998-09-03	0
10855	608	1997-09-29	0
10880	278	1992-08-06	0
10881	1001	1994-05-02	0
10882	1462	1998-08-16	0
10883	226	1998-04-19	0
10884	749	1995-02-09	0
10885	991	1998-07-02	0
10886	1312	1994-11-07	0
10887	436	1995-08-09	0
10912	293	1997-03-10	0
10913	514	1993-04-23	0
10914	689	1995-04-08	0
10915	1357	1994-01-25	0
10916	328	1995-05-25	0
10917	251	1992-04-26	0
10918	1030	1995-12-30	0
10919	1339	1993-06-11	0
10944	319	1996-01-27	0
10945	248	1992-03-19	0
10946	1147	1997-06-05	0
10947	1070	1996-03-22	0
10948	670	1992-10-28	0
10949	331	1994-06-14	0
10950	767	1997-08-25	0
10951	1159	1993-01-21	0
10976	685	1992-12-16	0
10977	757	1998-08-18	0
10978	1346	1994-06-16	0
10979	1267	1995-12-19	0
10980	754	1996-10-12	0
10981	919	1993-07-29	0
10982	739	1993-02-24	0
10983	599	1997-04-22	0
11008	523	1994-05-11	0
11009	1303	1997-05-19	0
11010	440	1997-06-05	0
11011	14	1992-07-28	0
11012	1420	1998-06-21	0
11013	395	1994-07-02	0
11014	319	1993-11-22	0
11015	514	1997-11-30	0
11040	82	1996-01-07	0
11041	1306	1997-06-13	0
11042	857	1998-07-21	0
11043	820	1995-05-06	0
11044	164	1992-09-08	0
11045	556	1992-06-09	0
11046	1411	1997-08-31	0
11047	175	1994-02-24	0
11072	265	1996-09-27	0
11073	548	1995-02-15	0
11074	709	1995-08-24	0
11075	1244	1996-05-19	0
11076	1012	1994-11-01	0
11077	610	1994-06-04	0
11078	1301	1992-08-11	0
11079	218	1997-10-25	0
11104	1315	1998-09-20	0
11105	1124	1996-02-13	0
11106	1175	1995-06-15	0
11107	445	1996-01-07	0
11108	1186	1992-10-31	0
11109	664	1995-05-30	0
11110	757	1996-09-06	0
11111	631	1995-04-03	0
11136	1313	1994-01-28	0
11137	668	1993-02-13	0
11138	181	1995-05-13	0
11139	883	1998-07-31	0
11140	988	1997-10-09	0
11141	1030	1998-04-02	0
11142	1375	1997-12-17	0
11143	97	1993-02-10	0
11168	1441	1993-01-05	0
11169	1222	1993-08-05	0
11170	736	1997-10-13	0
11171	730	1995-09-30	0
11172	1076	1998-03-15	0
11173	319	1992-06-14	0
11174	1315	1994-06-24	0
11175	1421	1998-05-12	0
11200	956	1997-04-23	0
11201	632	1997-02-21	0
11202	1168	1992-06-01	0
11203	1498	1996-08-29	0
11204	1249	1998-10-08	0
11205	1294	1996-11-29	0
11206	379	1995-03-14	0
11207	1213	1996-06-17	0
11232	661	1996-04-16	0
11233	680	1995-11-14	0
11234	1153	1993-05-15	0
11235	590	1996-06-17	0
11236	223	1994-01-14	0
11237	1423	1996-08-30	0
11238	535	1996-10-06	0
11239	475	1992-04-25	0
11264	676	1996-11-16	0
11265	905	1997-08-03	0
11266	292	1997-10-24	0
11267	548	1992-04-30	0
11268	43	1998-09-13	0
11269	199	1992-08-10	0
11270	160	1995-09-14	0
11271	745	1996-01-02	0
11296	832	1992-03-25	0
11297	694	1993-03-25	0
11298	805	1998-03-19	0
11299	50	1994-01-27	0
11300	346	1996-09-23	0
11301	1358	1992-06-06	0
11302	451	1994-05-16	0
11303	388	1992-06-13	0
11328	466	1992-06-04	0
11329	1285	1995-10-19	0
11330	281	1992-06-11	0
11331	179	1996-04-05	0
11332	422	1995-01-31	0
11333	103	1994-08-24	0
11334	245	1997-10-12	0
11335	871	1995-01-05	0
11360	886	1997-11-21	0
11361	442	1994-12-12	0
11362	1042	1992-11-25	0
11363	1358	1998-04-25	0
11364	163	1997-05-25	0
11365	1214	1997-11-12	0
11366	863	1992-08-22	0
11367	418	1995-03-02	0
11392	1340	1994-11-20	0
11393	1150	1992-06-02	0
11394	1255	1998-05-20	0
11395	940	1997-11-09	0
11396	1273	1992-10-05	0
11397	757	1997-01-12	0
11398	587	1992-10-21	0
11399	346	1994-07-03	0
11424	343	1993-06-17	0
11425	1123	1995-09-06	0
11426	1357	1994-07-22	0
11427	427	1994-02-08	0
11428	628	1992-04-06	0
11429	1192	1993-05-18	0
11430	1342	1998-03-21	0
11431	10	1992-10-16	0
11456	271	1993-06-27	0
11457	1430	1996-02-27	0
11458	1468	1998-06-16	0
11459	325	1996-09-28	0
11460	763	1993-11-08	0
11461	1049	1996-07-15	0
11462	226	1996-11-08	0
11463	140	1998-03-13	0
11488	751	1993-11-06	0
11489	929	1996-12-03	0
11490	745	1996-12-11	0
11491	158	1993-11-01	0
11492	478	1997-05-20	0
11493	1486	1996-01-04	0
11494	1484	1997-10-03	0
11495	1048	1995-09-18	0
11520	1217	1994-12-12	0
11521	55	1996-11-23	0
11522	47	1993-11-30	0
11523	355	1998-10-10	0
11524	766	1996-02-27	0
11525	1495	1997-06-03	0
11526	466	1998-05-09	0
11527	1108	1994-09-16	0
11552	1421	1993-02-28	0
11553	196	1994-07-03	0
11554	344	1998-08-21	0
11555	1318	1996-08-09	0
11556	707	1996-05-17	0
11557	1412	1997-06-26	0
11558	61	1994-06-11	0
11559	931	1995-12-10	0
11584	643	1995-02-06	0
11585	895	1994-05-30	0
11586	1013	1994-01-31	0
11587	220	1998-05-19	0
11588	1396	1998-01-13	0
11589	1315	1992-08-02	0
11590	883	1996-06-29	0
11591	269	1993-04-06	0
11616	403	1996-10-16	0
11617	1459	1995-02-24	0
11618	356	1998-04-20	0
11619	55	1998-09-25	0
11620	353	1997-10-05	0
11621	964	1996-01-25	0
11622	349	1996-07-11	0
11623	715	1996-02-29	0
11648	949	1995-06-24	0
11649	718	1996-09-13	0
11650	667	1992-12-09	0
11651	689	1995-05-09	0
11652	1442	1996-01-25	0
11653	314	1997-09-18	0
11654	791	1993-12-12	0
11655	910	1998-09-10	0
11680	1187	1994-11-19	0
11681	857	1992-12-31	0
11682	5	1993-09-18	0
11683	209	1992-04-23	0
11684	323	1992-10-11	0
11685	445	1997-06-02	0
11686	1039	1994-04-13	0
11687	1025	1996-03-10	0
11712	173	1994-07-11	0
11713	1397	1994-03-10	0
11714	1250	1994-10-19	0
11715	863	1994-11-21	0
11716	481	1993-12-26	0
11717	413	1998-06-02	0
11718	688	1995-03-04	0
11719	1147	1995-04-22	0
11744	127	1996-09-18	0
11745	25	1992-10-03	0
11746	5	1998-07-13	0
11747	460	1993-05-12	0
11748	733	1994-08-18	0
11749	818	1998-05-03	0
11750	823	1997-05-19	0
11751	1282	1996-08-06	0
11776	386	1992-05-10	0
11777	271	1995-03-11	0
11778	217	1997-06-11	0
11779	1045	1993-09-13	0
11780	28	1993-12-06	0
11781	1484	1996-06-30	0
11782	427	1992-10-12	0
11783	1498	1998-06-17	0
11808	874	1992-10-15	0
11809	556	1996-07-09	0
11810	647	1992-07-07	0
11811	527	1993-01-11	0
11812	940	1993-08-17	0
11813	376	1994-04-26	0
11814	121	1993-04-11	0
11815	1396	1995-11-27	0
11840	596	1994-10-29	0
11841	727	1993-07-05	0
11842	1414	1996-06-22	0
11843	730	1994-10-01	0
11844	121	1997-04-03	0
11845	887	1997-06-12	0
11846	1046	1993-07-05	0
11847	1007	1997-12-16	0
11872	145	1994-10-08	0
11873	863	1996-06-20	0
11874	481	1992-11-24	0
11875	698	1992-11-04	0
11876	611	1995-09-17	0
11877	268	1993-08-07	0
11878	1349	1993-05-11	0
11879	1057	1993-09-03	0
11904	415	1998-02-15	0
11905	343	1997-09-17	0
11906	524	1997-02-28	0
11907	1327	1993-11-07	0
11908	1063	1993-08-09	0
11909	868	1995-02-08	0
11910	644	1995-08-30	0
11911	355	1994-01-25	0
11936	749	1995-11-30	0
11937	1424	1998-09-10	0
11938	67	1998-10-08	0
11939	1333	1996-12-15	0
11940	683	1998-08-13	0
11941	659	1993-09-08	0
11942	1324	1994-07-23	0
11943	244	1993-06-22	0
11968	311	1995-05-31	0
11969	449	1992-04-04	0
11970	937	1998-08-07	0
11971	1351	1997-06-04	0
11972	1396	1994-03-20	0
11973	631	1994-05-18	0
11974	1366	1992-12-23	0
11975	322	1995-06-28	0
12000	1150	1994-07-27	0
12001	739	1994-09-20	0
12002	826	1994-02-13	0
12003	1205	1998-08-07	0
12004	656	1995-02-18	0
12005	1102	1992-09-08	0
12006	944	1997-08-16	0
12007	613	1994-12-12	0
12032	902	1997-10-24	0
12033	334	1992-11-26	0
12034	121	1997-02-21	0
12035	1010	1997-01-23	0
12036	838	1998-04-01	0
12037	1462	1995-09-14	0
12038	164	1996-01-24	0
12039	1252	1993-08-31	0
12064	38	1992-11-30	0
12065	557	1997-04-15	0
12066	1066	1995-04-23	0
12067	257	1993-04-21	0
12068	1231	1996-07-22	0
12069	1381	1996-01-22	0
12070	746	1998-08-06	0
12071	956	1998-09-09	0
12096	1004	1992-12-04	0
12097	118	1994-01-24	0
12098	1325	1993-07-15	0
12099	112	1994-11-26	0
12100	1298	1996-05-29	0
12101	754	1995-03-23	0
12102	1264	1996-02-01	0
12103	229	1997-02-08	0
12128	1192	1997-09-10	0
12129	418	1993-03-11	0
12130	1261	1996-02-23	0
12131	1172	1998-09-12	0
12132	1277	1996-11-20	0
12133	361	1992-06-29	0
12134	355	1996-08-14	0
12135	1420	1995-12-24	0
12160	1423	1994-02-26	0
12161	1307	1997-05-29	0
12162	1222	1997-06-01	0
12163	88	1997-10-03	0
12164	1313	1993-12-31	0
12165	1489	1994-06-25	0
12166	62	1995-05-29	0
12167	91	1998-08-14	0
12192	277	1995-01-02	0
12193	802	1996-10-11	0
12194	271	1995-05-16	0
12195	73	1997-07-11	0
12196	1261	1993-08-17	0
12197	577	1997-09-10	0
12198	1300	1993-05-14	0
12199	520	1996-02-28	0
12224	646	1995-02-26	0
12225	656	1997-04-14	0
12226	1348	1998-06-15	0
12227	1282	1998-09-10	0
12228	226	1994-09-09	0
12229	1250	1996-10-07	0
12230	712	1998-06-19	0
12231	1021	1997-10-13	0
12256	532	1993-03-04	0
12257	149	1996-07-01	0
12258	1408	1995-02-14	0
12259	250	1993-05-01	0
12260	496	1993-02-09	0
12261	1126	1994-01-07	0
12262	1441	1996-02-24	0
12263	550	1995-09-20	0
12288	1153	1997-01-20	0
12289	421	1996-03-09	0
12290	1304	1995-09-23	0
12291	740	1998-06-06	0
12292	739	1992-08-17	0
12293	329	1995-09-02	0
12294	784	1995-09-19	0
12295	883	1994-01-24	0
12320	298	1996-03-05	0
12321	79	1994-06-18	0
12322	856	1995-07-26	0
12323	926	1995-06-17	0
12324	1033	1998-10-16	0
12325	973	1995-03-21	0
12326	506	1995-04-19	0
12327	166	1998-07-07	0
12352	1466	1992-06-07	0
12353	595	1996-06-27	0
12354	1243	1997-04-06	0
12355	178	1995-08-12	0
12356	656	1993-01-02	0
12357	154	1995-11-06	0
12358	880	1996-12-24	0
12359	1400	1997-08-12	0
12384	1168	1998-10-16	0
12385	821	1993-02-07	0
12386	424	1992-06-04	0
12387	638	1997-09-16	0
12388	952	1997-12-30	0
12389	653	1994-10-19	0
12390	1285	1996-09-07	0
12391	1000	1998-09-14	0
12416	1150	1993-09-09	0
12417	1081	1994-01-08	0
12418	1300	1992-05-04	0
12419	982	1995-12-30	0
12420	1489	1994-03-12	0
12421	673	1996-01-16	0
12422	575	1995-08-05	0
12423	986	1992-10-01	0
12448	511	1996-01-23	0
12449	461	1993-04-17	0
12450	1321	1994-05-27	0
12451	1150	1993-07-04	0
12452	364	1994-02-21	0
12453	1213	1994-03-30	0
12454	217	1997-06-04	0
12455	292	1992-11-18	0
12480	320	1994-09-21	0
12481	271	1995-09-24	0
12482	998	1996-03-23	0
12483	124	1993-10-19	0
12484	1027	1995-11-05	0
12485	188	1993-10-22	0
12486	1286	1995-05-07	0
12487	401	1995-02-13	0
12512	1402	1996-06-16	0
12513	419	1997-11-17	0
12514	1495	1994-07-09	0
12515	1459	1993-07-28	0
12516	1373	1994-08-08	0
12517	1303	1997-04-17	0
12518	1082	1993-10-06	0
12519	913	1994-03-17	0
12544	440	1994-05-18	0
12545	175	1996-09-14	0
12546	217	1996-04-23	0
12547	1141	1998-06-28	0
12548	145	1998-02-03	0
12549	28	1997-08-17	0
12550	878	1993-05-23	0
12551	790	1992-08-26	0
12576	1057	1993-04-11	0
12577	616	1998-08-01	0
12578	1207	1997-01-29	0
12579	193	1995-08-31	0
12580	589	1993-03-30	0
12581	823	1995-01-04	0
12582	538	1993-04-07	0
12583	943	1996-04-02	0
12608	301	1993-05-22	0
12609	805	1996-04-01	0
12610	85	1993-09-30	0
12611	41	1995-12-30	0
12612	1444	1994-03-07	0
12613	328	1993-06-25	0
12614	670	1996-05-13	0
12615	118	1995-05-20	0
12640	413	1998-10-03	0
12641	1097	1995-05-09	0
12642	1243	1994-07-12	0
12643	322	1993-06-03	0
12644	1159	1992-04-16	0
12645	250	1994-09-20	0
12646	1334	1993-05-04	0
12647	1198	1997-05-13	0
12672	257	1994-09-20	0
12673	62	1994-08-26	0
12674	586	1992-09-18	0
12675	679	1994-04-13	0
12676	839	1994-04-01	0
12677	190	1996-08-08	0
12678	844	1998-04-11	0
12679	1117	1997-09-05	0
12704	439	1993-04-26	0
12705	295	1994-11-30	0
12706	458	1995-02-04	0
12707	1219	1993-08-13	0
12708	172	1993-03-24	0
12709	268	1996-07-25	0
12710	1169	1993-11-01	0
12711	85	1992-05-05	0
12736	751	1993-05-23	0
12737	1187	1994-07-18	0
12738	1334	1998-08-26	0
12739	772	1992-05-16	0
12740	439	1997-08-19	0
12741	1348	1992-10-03	0
12742	748	1997-08-21	0
12743	695	1993-09-07	0
12768	1202	1994-06-23	0
12769	1057	1992-03-23	0
12770	1415	1993-07-02	0
12771	451	1994-04-03	0
12772	1451	1995-07-26	0
12773	817	1995-03-28	0
12774	1108	1992-12-24	0
12775	979	1996-12-29	0
12800	11	1993-08-06	0
12801	1412	1997-11-11	0
12802	1481	1998-05-16	0
12803	392	1993-05-12	0
12804	734	1992-08-09	0
12805	478	1997-02-24	0
12806	526	1996-03-09	0
12807	391	1998-04-01	0
12832	362	1995-02-24	0
12833	1285	1998-08-28	0
12834	757	1997-01-17	0
12835	370	1997-04-05	0
12836	1057	1996-07-02	0
12837	590	1993-02-16	0
12838	112	1998-09-14	0
12839	1424	1998-03-24	0
12864	647	1994-07-31	0
12865	1271	1997-08-06	0
12866	1433	1997-04-02	0
12867	59	1995-05-26	0
12868	1042	1995-05-16	0
12869	1396	1994-04-11	0
12870	1366	1993-10-11	0
12871	1174	1995-12-19	0
12896	370	1997-03-07	0
12897	1169	1995-10-02	0
12898	1045	1994-12-01	0
12899	868	1996-06-21	0
12900	220	1993-07-18	0
12901	1283	1994-07-20	0
12902	640	1994-01-13	0
12903	301	1994-12-10	0
12928	634	1994-06-11	0
12929	917	1993-11-14	0
12930	1072	1996-02-08	0
12931	775	1992-07-09	0
12932	238	1997-11-10	0
12933	173	1998-05-03	0
12934	623	1994-05-20	0
12935	509	1994-07-24	0
12960	1243	1993-12-24	0
12961	1144	1995-02-26	0
12962	1111	1996-01-12	0
12963	1232	1998-09-21	0
12964	556	1998-03-29	0
12965	964	1993-09-09	0
12966	224	1997-12-25	0
12967	1147	1993-12-06	0
12992	139	1997-05-11	0
12993	1348	1998-07-28	0
12994	1451	1995-02-01	0
12995	1162	1996-10-12	0
12996	967	1996-02-18	0
12997	520	1996-08-10	0
12998	799	1996-12-17	0
12999	940	1993-06-18	0
13024	664	1992-05-28	0
13025	158	1998-04-13	0
13026	1126	1997-06-15	0
13027	955	1992-03-31	0
13028	685	1994-06-23	0
13029	340	1998-01-25	0
13030	1459	1994-10-06	0
13031	7	1993-02-18	0
13056	437	1994-07-07	0
13057	67	1998-03-01	0
13058	1156	1997-06-09	0
13059	136	1997-08-14	0
13060	1345	1997-04-22	0
13061	821	1997-12-01	0
13062	1291	1996-07-17	0
13063	1412	1997-03-31	0
13088	1460	1993-07-07	0
13089	1403	1996-02-28	0
13090	130	1993-10-10	0
13091	856	1995-01-30	0
13092	1430	1998-09-07	0
13093	1132	1996-07-19	0
13094	1129	1993-11-02	0
13095	1454	1996-10-05	0
13120	1039	1995-02-28	0
13121	878	1993-05-22	0
13122	242	1994-12-08	0
13123	841	1998-09-16	0
13124	10	1994-03-03	0
13125	355	1994-02-27	0
13126	956	1996-01-03	0
13127	1165	1993-10-15	0
13152	850	1994-05-01	0
13153	1144	1997-01-20	0
13154	520	1998-01-05	0
13155	1079	1996-09-01	0
13156	1283	1995-12-20	0
13157	656	1992-04-27	0
13158	134	1993-02-04	0
13159	784	1997-02-15	0
13184	472	1998-06-11	0
13185	805	1997-09-28	0
13186	556	1996-12-02	0
13187	923	1994-02-22	0
13188	1436	1998-10-03	0
13189	94	1995-06-19	0
13190	136	1998-07-18	0
13191	214	1998-03-09	0
13216	1075	1992-06-28	0
13217	946	1997-12-09	0
13218	1438	1994-07-31	0
13219	535	1997-12-29	0
13220	1480	1998-10-14	0
13221	946	1995-12-29	0
13222	1363	1997-07-18	0
13223	352	1996-10-22	0
13248	892	1997-04-18	0
13249	569	1997-10-01	0
13250	1325	1997-11-01	0
13251	982	1997-06-11	0
13252	1309	1994-06-06	0
13253	790	1997-01-11	0
13254	1066	1998-05-09	0
13255	1115	1993-10-01	0
13280	314	1994-11-26	0
13281	1480	1992-07-07	0
13282	817	1992-07-24	0
13283	946	1998-03-14	0
13284	851	1992-10-27	0
13285	406	1995-07-31	0
13286	1114	1995-12-26	0
13287	895	1997-05-24	0
13312	1324	1997-01-18	0
13313	1438	1994-09-30	0
13314	412	1994-07-28	0
13315	449	1996-12-30	0
13316	1316	1993-01-06	0
13317	865	1996-06-26	0
13318	325	1997-08-25	0
13319	425	1996-04-03	0
13344	367	1997-06-10	0
13345	1339	1992-11-17	0
13346	1012	1993-01-30	0
13347	560	1993-07-08	0
13348	1267	1994-01-22	0
13349	1454	1994-12-04	0
13350	1307	1998-07-20	0
13351	709	1993-07-21	0
13376	1456	1992-12-24	0
13377	394	1995-10-02	0
13378	1151	1994-12-06	0
13379	286	1994-01-22	0
13380	934	1994-09-29	0
13381	1109	1995-11-01	0
13382	1207	1996-01-16	0
13383	1346	1992-08-30	0
13408	1370	1994-05-01	0
13409	1279	1993-09-27	0
13410	592	1993-08-21	0
13411	1376	1994-06-27	0
13412	1240	1997-09-25	0
13413	473	1993-04-15	0
13414	1333	1995-09-20	0
13415	1222	1997-08-14	0
13440	865	1993-12-28	0
13441	1282	1995-11-14	0
13442	238	1997-10-20	0
13443	545	1993-12-21	0
13444	176	1992-03-21	0
13445	682	1998-03-09	0
13446	484	1996-05-14	0
13447	244	1993-03-25	0
13472	814	1996-01-10	0
13473	655	1996-06-05	0
13474	1069	1997-08-23	0
13475	1403	1994-08-20	0
13476	1459	1993-12-31	0
13477	1276	1998-02-06	0
13478	325	1998-03-20	0
13479	1217	1995-02-18	0
13504	1495	1997-09-01	0
13505	286	1997-08-17	0
13506	1099	1995-10-05	0
13507	923	1993-03-15	0
13508	802	1997-07-01	0
13509	946	1996-12-21	0
13510	710	1997-12-29	0
13511	467	1998-03-19	0
13536	316	1994-11-02	0
13537	430	1993-08-14	0
13538	782	1997-04-17	0
13539	1231	1997-04-29	0
13540	460	1993-08-07	0
13541	634	1996-10-12	0
13542	1016	1994-05-23	0
13543	790	1992-10-23	0
13568	31	1993-07-21	0
13569	839	1995-06-25	0
13570	1468	1993-02-16	0
13571	1231	1998-08-18	0
13572	1498	1992-08-01	0
13573	898	1997-07-07	0
13574	151	1998-01-28	0
13575	349	1992-11-13	0
13600	1129	1993-09-24	0
13601	8	1992-10-31	0
13602	1348	1994-03-30	0
13603	496	1997-08-23	0
13604	1141	1994-04-19	0
13605	1388	1996-08-28	0
13606	160	1994-07-11	0
13607	358	1994-02-02	0
13632	1084	1994-05-25	0
13633	1373	1992-06-18	0
13634	869	1995-07-03	0
13635	269	1994-07-16	0
13636	107	1994-04-08	0
13637	188	1996-02-24	0
13638	1361	1995-12-15	0
13639	1009	1997-08-27	0
13664	814	1996-02-29	0
13665	1039	1996-06-22	0
13666	445	1992-05-17	0
13667	1216	1997-02-17	0
13668	878	1992-05-10	0
13669	454	1996-10-29	0
13670	226	1992-08-07	0
13671	1291	1996-09-27	0
13696	722	1997-11-11	0
13697	1457	1998-06-20	0
13698	1483	1994-10-19	0
13699	577	1997-06-22	0
13700	1063	1992-04-29	0
13701	1270	1998-08-01	0
13702	1132	1995-11-25	0
13703	236	1997-03-14	0
13728	4	1996-02-24	0
13729	79	1994-03-18	0
13730	952	1995-07-24	0
13731	1475	1993-07-24	0
13732	605	1993-02-11	0
13733	100	1998-03-19	0
13734	124	1996-10-28	0
13735	58	1994-08-05	0
13760	964	1996-08-17	0
13761	169	1995-01-01	0
13762	1337	1993-09-05	0
13763	1142	1997-09-10	0
13764	598	1995-09-27	0
13765	715	1994-06-20	0
13766	1387	1993-01-02	0
13767	923	1993-11-10	0
13792	1366	1996-04-19	0
13793	904	1995-12-02	0
13794	587	1994-03-21	0
13795	1406	1995-06-25	0
13796	1004	1997-09-05	0
13797	272	1996-11-09	0
13798	1298	1996-04-27	0
13799	994	1994-02-15	0
13824	1096	1995-03-13	0
13825	56	1994-06-05	0
13826	232	1997-05-08	0
13827	479	1993-09-04	0
13828	985	1994-09-26	0
13829	1075	1996-12-06	0
13830	598	1995-03-07	0
13831	740	1996-07-01	0
13856	1156	1998-02-11	0
13857	275	1995-10-29	0
13858	1105	1994-09-26	0
13859	221	1997-03-25	0
13860	454	1994-12-09	0
13861	1249	1993-10-26	0
13862	1240	1997-11-17	0
13863	1399	1992-08-14	0
13888	733	1993-07-18	0
13889	848	1995-11-19	0
13890	34	1996-08-08	0
13891	508	1996-09-18	0
13892	1013	1992-07-12	0
13893	289	1998-06-26	0
13894	1246	1992-06-25	0
13895	671	1994-02-04	0
13920	37	1994-12-24	0
13921	49	1997-11-02	0
13922	241	1995-10-17	0
13923	1000	1992-09-22	0
13924	328	1995-03-05	0
13925	73	1997-03-22	0
13926	49	1997-09-26	0
13927	562	1994-11-10	0
13952	571	1997-07-09	0
13953	388	1995-08-15	0
13954	775	1996-07-16	0
13955	1409	1998-07-26	0
13956	716	1995-05-27	0
13957	475	1995-10-05	0
13958	616	1993-04-09	0
13959	451	1994-06-19	0
13984	401	1992-12-09	0
13985	397	1998-08-28	0
13986	1333	1995-12-26	0
13987	643	1998-06-28	0
13988	53	1992-10-16	0
13989	1480	1997-09-19	0
13990	751	1998-04-23	0
13991	1204	1992-05-21	0
14016	1145	1992-09-25	0
14017	1033	1994-05-22	0
14018	367	1993-08-21	0
14019	184	1997-11-22	0
14020	841	1998-04-14	0
14021	62	1995-05-22	0
14022	685	1995-04-30	0
14023	787	1993-05-07	0
14048	1016	1993-08-01	0
14049	952	1996-04-13	0
14050	88	1997-11-05	0
14051	599	1993-12-01	0
14052	1190	1995-04-23	0
14053	1453	1993-04-25	0
14054	517	1996-03-26	0
14055	904	1994-11-16	0
14080	791	1998-08-12	0
14081	895	1993-12-21	0
14082	875	1998-07-22	0
14083	464	1994-10-30	0
14084	647	1995-10-17	0
14085	895	1994-04-21	0
14086	346	1994-01-04	0
14087	275	1997-04-28	0
14112	112	1994-10-08	0
14113	835	1995-10-19	0
14114	895	1994-06-21	0
14115	46	1994-10-29	0
14116	1291	1995-12-24	0
14117	1297	1993-11-09	0
14118	385	1993-08-06	0
14119	482	1993-08-15	0
14144	301	1997-07-10	0
14145	7	1997-07-01	0
14146	592	1996-03-18	0
14147	728	1993-05-22	0
14148	965	1998-07-14	0
14149	73	1998-04-13	0
14150	89	1994-04-25	0
14151	1418	1997-08-20	0
14176	991	1994-05-27	0
14177	565	1992-06-17	0
14178	391	1995-03-17	0
14179	458	1997-11-21	0
14180	292	1997-08-08	0
14181	94	1998-04-29	0
14182	934	1994-09-06	0
14183	875	1997-05-31	0
14208	385	1995-07-15	0
14209	1025	1997-01-18	0
14210	25	1992-09-10	0
14211	1202	1994-04-29	0
14212	806	1992-05-02	0
14213	478	1994-03-13	0
14214	79	1997-10-29	0
14215	1408	1992-09-27	0
14240	689	1992-05-03	0
14241	928	1992-08-29	0
14242	913	1995-07-23	0
14243	1073	1997-05-01	0
14244	205	1998-05-19	0
14245	1309	1993-04-28	0
14246	289	1997-12-24	0
14247	671	1995-10-31	0
14272	1348	1992-04-28	0
14273	1033	1996-05-27	0
14274	565	1994-03-23	0
14275	1412	1993-08-28	0
14276	499	1994-09-02	0
14277	946	1998-04-30	0
14278	559	1998-08-17	0
14279	1117	1998-04-25	0
14304	788	1998-01-27	0
14305	1427	1996-10-06	0
14306	587	1994-01-13	0
14307	484	1997-09-07	0
14308	5	1997-10-25	0
14309	1382	1994-04-16	0
14310	1393	1997-11-27	0
14311	1412	1994-10-16	0
14336	760	1995-02-02	0
14337	299	1997-12-23	0
14338	752	1993-04-17	0
14339	1199	1997-10-06	0
14340	391	1995-12-27	0
14341	667	1993-11-17	0
14342	160	1994-07-12	0
14343	1408	1996-05-10	0
14368	676	1995-11-25	0
14369	1357	1997-02-09	0
14370	958	1997-07-17	0
14371	1192	1993-09-06	0
14372	523	1993-01-07	0
14373	511	1993-12-02	0
14374	1180	1995-07-31	0
14375	733	1993-04-17	0
14400	632	1994-04-21	0
14401	1489	1995-10-19	0
14402	838	1993-12-29	0
14403	241	1998-05-16	0
14404	7	1997-01-17	0
14405	269	1996-07-08	0
14406	409	1993-05-23	0
14407	952	1994-01-19	0
14432	1226	1997-01-26	0
14433	1082	1996-07-27	0
14434	1015	1995-05-02	0
14435	269	1993-02-15	0
14436	658	1994-05-27	0
14437	721	1994-07-29	0
14438	1117	1995-11-06	0
14439	523	1992-11-14	0
14464	1429	1998-04-08	0
14465	617	1994-08-26	0
14466	353	1996-08-05	0
14467	1126	1996-08-14	0
14468	716	1998-09-26	0
14469	1076	1997-04-17	0
14470	949	1995-04-10	0
14471	94	1995-08-10	0
14496	1153	1996-06-25	0
14497	1492	1992-08-04	0
14498	115	1996-12-19	0
14499	361	1994-01-29	0
14500	1222	1995-09-08	0
14501	607	1997-11-14	0
14502	799	1996-10-04	0
14503	671	1995-04-22	0
14528	334	1994-08-30	0
14529	1372	1993-12-05	0
14530	133	1994-06-21	0
14531	1331	1997-08-25	0
14532	1252	1996-07-01	0
14533	43	1996-07-20	0
14534	1414	1993-10-02	0
14535	1306	1993-12-16	0
14560	1258	1998-02-28	0
14561	697	1998-09-12	0
14562	973	1996-10-03	0
14563	568	1996-02-16	0
14564	520	1993-08-05	0
14565	1301	1998-02-06	0
14566	1480	1997-01-08	0
14567	1060	1997-01-01	0
14592	926	1995-09-19	0
14593	184	1998-04-08	0
14594	143	1993-11-21	0
14595	202	1998-02-16	0
14596	1198	1994-03-27	0
14597	1192	1993-11-14	0
14598	898	1998-04-26	0
14599	814	1992-07-23	0
14624	1177	1998-07-01	0
14625	1075	1992-04-27	0
14626	1453	1997-10-26	0
14627	679	1994-04-21	0
14628	668	1993-08-21	0
14629	1469	1993-03-24	0
14630	277	1992-12-31	0
14631	1291	1997-06-28	0
14656	1	1998-02-01	0
14657	370	1994-05-14	0
14658	1381	1994-06-21	0
14659	25	1998-04-26	0
14660	899	1997-08-07	0
14661	1468	1993-04-10	0
14662	1330	1996-01-31	0
14663	592	1993-01-31	0
14688	427	1997-05-04	0
14689	226	1998-10-14	0
14690	935	1997-08-07	0
14691	1381	1998-06-25	0
14692	478	1996-05-12	0
14693	67	1995-03-26	0
14694	379	1998-10-11	0
14695	1406	1992-11-20	0
14720	401	1993-11-19	0
14721	1087	1997-07-19	0
14722	742	1997-08-11	0
14723	1282	1997-03-20	0
14724	1396	1996-02-01	0
14725	569	1995-08-31	0
14726	1279	1992-03-24	0
14727	316	1992-10-03	0
14752	1051	1994-04-15	0
14753	1118	1997-03-21	0
14754	86	1996-09-06	0
14755	592	1993-03-22	0
14756	328	1994-11-15	0
14757	1420	1998-03-09	0
14758	1225	1994-01-10	0
14759	70	1997-03-21	0
14784	1036	1992-05-29	0
14785	1249	1994-12-24	0
14786	1255	1997-06-22	0
14787	578	1998-10-02	0
14788	1192	1998-01-06	0
14789	451	1994-02-13	0
14790	613	1996-11-04	0
14791	289	1993-05-01	0
14816	508	1993-09-28	0
14817	235	1992-10-11	0
14818	643	1997-02-01	0
14819	473	1993-04-11	0
14820	1135	1992-03-25	0
14821	1435	1998-08-26	0
14822	473	1996-06-09	0
14823	832	1994-04-29	0
14848	256	1996-12-31	0
14849	739	1997-04-23	0
14850	1348	1998-02-17	0
14851	175	1992-07-26	0
14852	1060	1996-03-09	0
14853	458	1996-11-24	0
14854	472	1993-07-13	0
14855	836	1993-07-15	0
14880	1210	1998-02-06	0
14881	23	1997-01-03	0
14882	833	1997-04-29	0
14883	865	1995-07-21	0
14884	1450	1995-12-12	0
14885	19	1997-12-05	0
14886	337	1994-09-06	0
14887	245	1996-06-08	0
14912	752	1994-01-21	0
14913	1411	1994-05-01	0
14914	1199	1998-04-24	0
14915	811	1996-11-24	0
14916	380	1994-05-14	0
14917	1148	1998-03-29	0
14918	884	1997-08-15	0
14919	838	1996-11-24	0
14944	535	1997-12-28	0
14945	68	1996-06-13	0
14946	580	1997-01-26	0
14947	4	1995-10-13	0
14948	686	1995-08-12	0
14949	340	1994-01-15	0
14950	1415	1993-12-11	0
14951	304	1995-08-01	0
14976	88	1995-10-06	0
14977	1475	1998-02-02	0
14978	176	1993-08-11	0
14979	934	1996-09-02	0
14980	1168	1992-09-28	0
14981	679	1994-01-10	0
14982	1462	1994-05-24	0
14983	1009	1994-04-28	0
15008	965	1998-02-19	0
15009	1160	1996-03-06	0
15010	1151	1994-02-06	0
15011	1318	1994-11-18	0
15012	1417	1993-04-24	0
15013	1360	1992-06-30	0
15014	1282	1993-04-27	0
15015	1321	1994-02-09	0
15040	697	1995-02-18	0
15041	1463	1998-05-30	0
15042	757	1996-06-01	0
15043	971	1992-12-12	0
15044	1106	1992-05-21	0
15045	434	1993-11-04	0
15046	577	1997-11-21	0
15047	775	1992-10-06	0
15072	1411	1997-05-12	0
15073	74	1992-04-10	0
15074	580	1995-02-12	0
15075	133	1994-12-19	0
15076	568	1996-06-28	0
15077	1378	1997-07-27	0
15078	28	1994-01-24	0
15079	187	1993-04-01	0
15104	1103	1992-06-13	0
15105	1351	1995-01-18	0
15106	430	1995-04-13	0
15107	1238	1996-08-17	0
15108	1316	1994-11-11	0
15109	422	1994-02-28	0
15110	1397	1993-10-23	0
15111	47	1995-03-03	0
15136	1157	1996-03-18	0
15137	776	1996-06-27	0
15138	767	1995-05-07	0
15139	970	1995-02-03	0
15140	382	1997-01-15	0
15141	379	1992-03-23	0
15142	146	1992-06-19	0
15143	103	1998-08-07	0
15168	565	1996-07-23	0
15169	44	1996-06-25	0
15170	1376	1994-06-02	0
15171	457	1996-10-23	0
15172	98	1995-09-04	0
15173	598	1992-05-20	0
15174	16	1993-01-21	0
15175	1066	1992-09-12	0
15200	1385	1994-07-16	0
15201	944	1995-08-21	0
15202	1355	1993-09-23	0
15203	130	1996-11-07	0
15204	1157	1993-07-25	0
15205	1427	1995-06-01	0
15206	1157	1994-01-19	0
15207	103	1992-12-21	0
15232	1009	1997-03-31	0
15233	1147	1993-03-17	0
15234	1453	1993-05-27	0
15235	1400	1996-03-16	0
15236	790	1992-06-24	0
15237	1232	1997-06-20	0
15238	611	1997-05-21	0
15239	1297	1997-07-07	0
15264	568	1996-02-01	0
15265	412	1996-05-16	0
15266	1447	1993-03-16	0
15267	1306	1996-05-29	0
15268	1483	1996-10-08	0
15269	313	1996-11-18	0
15270	1357	1994-04-17	0
15271	1403	1993-10-09	0
15296	274	1992-10-22	0
15297	202	1996-10-02	0
15298	1426	1995-11-18	0
15299	88	1996-07-20	0
15300	964	1995-04-25	0
15301	925	1995-03-12	0
15302	673	1996-09-23	0
15303	949	1993-11-28	0
15328	1499	1997-03-22	0
15329	598	1992-07-12	0
15330	499	1993-07-23	0
15331	1369	1997-09-21	0
15332	1420	1993-08-14	0
15333	511	1996-04-26	0
15334	1246	1996-04-23	0
15335	1346	1993-12-02	0
15360	1075	1998-01-24	0
15361	1141	1995-02-07	0
15362	383	1994-02-16	0
15363	1319	1997-09-20	0
15364	416	1998-03-31	0
15365	1120	1998-03-28	0
15366	1070	1994-03-09	0
15367	20	1992-05-30	0
15392	101	1993-07-25	0
15393	421	1998-02-12	0
15394	1282	1996-11-21	0
15395	4	1996-07-28	0
15396	1489	1998-02-19	0
15397	881	1993-04-23	0
15398	811	1994-01-28	0
15399	1399	1992-07-28	0
15424	211	1997-10-30	0
15425	418	1995-10-09	0
15426	814	1997-04-11	0
15427	25	1996-02-29	0
15428	676	1995-04-26	0
15429	628	1997-06-03	0
15430	1213	1998-05-30	0
15431	790	1992-09-23	0
15456	848	1994-01-03	0
15457	916	1997-01-29	0
15458	634	1997-08-08	0
15459	532	1994-12-19	0
15460	727	1997-08-14	0
15461	730	1993-03-03	0
15462	452	1995-05-13	0
15463	889	1993-10-08	0
15488	224	1997-05-09	0
15489	289	1996-04-26	0
15490	388	1997-11-27	0
15491	1471	1992-04-03	0
15492	985	1992-05-21	0
15493	1343	1997-01-08	0
15494	157	1997-08-22	0
15495	959	1998-05-04	0
15520	685	1997-11-06	0
15521	301	1997-04-23	0
15522	988	1994-08-25	0
15523	1324	1998-06-30	0
15524	685	1992-07-26	0
15525	364	1997-09-13	0
15526	682	1997-04-18	0
15527	103	1998-08-28	0
15552	101	1996-07-05	0
15553	379	1996-02-27	0
15554	43	1992-04-10	0
15555	130	1997-10-17	0
15556	983	1992-08-28	0
15557	964	1992-04-14	0
15558	80	1997-12-21	0
15559	67	1998-05-30	0
15584	1339	1997-04-03	0
15585	523	1997-02-17	0
15586	359	1995-02-27	0
15587	211	1997-06-06	0
15588	575	1997-06-14	0
15589	1019	1994-12-27	0
15590	1468	1997-09-11	0
15591	1156	1992-08-21	0
15616	14	1992-06-07	0
15617	292	1992-10-17	0
15618	1483	1993-10-19	0
15619	143	1995-09-12	0
15620	217	1997-10-14	0
15621	49	1995-12-09	0
15622	299	1995-11-09	0
15623	343	1993-07-18	0
15648	526	1996-05-23	0
15649	832	1997-10-26	0
15650	901	1996-12-12	0
15651	1486	1992-12-19	0
15652	289	1993-04-10	0
15653	769	1996-08-13	0
15654	1318	1994-12-17	0
15655	1372	1997-02-06	0
15680	1327	1998-04-05	0
15681	998	1995-09-12	0
15682	1015	1996-05-10	0
15683	278	1992-07-04	0
15684	641	1996-07-20	0
15685	1276	1997-01-10	0
15686	680	1997-01-09	0
15687	52	1992-06-24	0
15712	31	1993-02-18	0
15713	766	1996-04-05	0
15714	1378	1995-09-19	0
15715	1031	1992-12-30	0
15716	1372	1996-10-12	0
15717	1306	1998-05-24	0
15718	1154	1994-04-13	0
15719	254	1995-04-04	0
15744	1213	1993-06-05	0
15745	653	1992-09-16	0
15746	919	1998-03-31	0
15747	1261	1996-06-05	0
15748	892	1995-02-26	0
15749	1457	1997-12-16	0
15750	214	1997-08-08	0
15751	395	1994-10-30	0
15776	830	1998-02-14	0
15777	589	1995-03-14	0
15778	1177	1993-07-21	0
15779	1003	1998-05-10	0
15780	1117	1995-06-28	0
15781	413	1992-11-18	0
15782	553	1992-06-14	0
15783	101	1997-09-16	0
15808	943	1994-02-28	0
15809	1111	1995-11-21	0
15810	1349	1993-08-27	0
15811	382	1998-10-14	0
15812	914	1997-12-27	0
15813	526	1998-09-26	0
15814	1177	1996-11-01	0
15815	1351	1994-07-16	0
15840	281	1998-04-02	0
15841	877	1996-08-24	0
15842	1177	1993-08-05	0
15843	362	1996-01-24	0
15844	314	1993-05-16	0
15845	589	1997-02-06	0
15846	47	1993-07-19	0
15847	805	1996-09-22	0
15872	188	1993-01-14	0
15873	1360	1994-10-01	0
15874	436	1996-07-21	0
15875	809	1996-11-15	0
15876	1120	1995-04-10	0
15877	1279	1996-05-14	0
15878	11	1994-01-19	0
15879	574	1997-09-17	0
15904	464	1995-01-11	0
15905	439	1993-08-18	0
15906	676	1993-12-12	0
15907	1271	1995-06-26	0
15908	316	1996-04-07	0
15909	326	1997-02-26	0
15910	841	1997-11-06	0
15911	1199	1995-11-29	0
15936	530	1996-11-20	0
15937	205	1993-01-21	0
15938	1109	1996-07-14	0
15939	898	1997-04-24	0
15940	685	1992-04-11	0
15941	101	1996-02-24	0
15942	745	1993-10-25	0
15943	188	1992-04-18	0
15968	976	1997-07-14	0
15969	1466	1993-10-17	0
15970	869	1995-12-06	0
15971	1150	1994-10-29	0
15972	532	1995-10-24	0
15973	490	1997-10-05	0
15974	1093	1995-07-14	0
15975	925	1998-04-06	0
16000	734	1998-03-02	0
16001	20	1996-07-15	0
16002	124	1998-05-19	0
16003	130	1998-03-06	0
16004	173	1997-04-10	0
16005	857	1993-03-10	0
16006	610	1997-04-24	0
16007	154	1994-07-09	0
16032	928	1995-02-19	0
16033	187	1996-07-11	0
16034	988	1997-10-19	0
16035	1078	1993-07-06	0
16036	808	1992-03-21	0
16037	496	1998-07-03	0
16038	635	1998-08-31	0
16039	500	1992-07-31	0
16064	19	1992-03-20	0
16065	1369	1993-10-04	0
16066	1342	1998-08-13	0
16067	20	1996-12-13	0
16068	581	1993-01-26	0
16069	472	1993-10-20	0
16070	1171	1992-08-18	0
16071	70	1992-11-15	0
16096	1106	1995-04-05	0
16097	1057	1996-11-07	0
16098	376	1992-10-05	0
16099	1169	1998-04-02	0
16100	1171	1995-05-22	0
16101	193	1992-11-09	0
16102	68	1995-02-27	0
16103	787	1992-09-29	0
16128	988	1995-07-23	0
16129	2	1998-08-01	0
16130	844	1996-09-05	0
16131	154	1998-01-29	0
16132	668	1993-01-11	0
16133	1028	1994-12-10	0
16134	529	1993-02-03	0
16135	541	1993-07-26	0
16160	581	1995-10-07	0
16161	1181	1992-10-12	0
16162	197	1993-08-09	0
16163	1087	1997-08-06	0
16164	985	1992-03-19	0
16165	676	1993-10-06	0
16166	706	1993-04-17	0
16167	674	1998-01-30	0
16192	1327	1997-09-16	0
16193	532	1992-06-24	0
16194	469	1993-12-22	0
16195	352	1992-08-19	0
16196	814	1995-01-04	0
16197	1072	1993-01-10	0
16198	782	1998-09-17	0
16199	100	1996-11-11	0
16224	907	1997-12-05	0
16225	1402	1994-08-12	0
16226	254	1997-04-15	0
16227	1261	1994-12-02	0
16228	17	1998-01-10	0
16229	1297	1994-06-13	0
16230	1123	1993-05-14	0
16231	1052	1992-11-19	0
16256	553	1997-12-22	0
16257	13	1992-07-20	0
16258	1396	1995-09-20	0
16259	367	1996-09-01	0
16260	781	1996-01-28	0
16261	713	1993-12-19	0
16262	533	1995-03-18	0
16263	1123	1998-01-19	0
16288	220	1996-05-15	0
16289	1118	1993-10-01	0
16290	898	1996-12-01	0
16291	572	1995-06-23	0
16292	86	1998-02-05	0
16293	1342	1997-11-17	0
16294	853	1997-03-06	0
16295	770	1993-02-20	0
16320	982	1996-01-04	0
16321	280	1994-12-16	0
16322	1300	1995-03-05	0
16323	1324	1996-10-08	0
16324	1396	1998-05-13	0
16325	596	1997-10-22	0
16326	232	1993-07-25	0
16327	692	1994-03-08	0
16352	223	1992-10-14	0
16353	233	1997-06-22	0
16354	916	1997-11-08	0
16355	521	1998-06-27	0
16356	1043	1995-10-17	0
16357	715	1993-04-13	0
16358	319	1994-03-11	0
16359	758	1992-07-29	0
16384	613	1997-10-28	0
16385	92	1994-09-11	0
16386	1126	1997-03-08	0
16387	1043	1998-05-22	0
16388	602	1995-10-04	0
16389	1118	1996-07-01	0
16390	820	1992-06-08	0
16391	1063	1997-04-04	0
16416	920	1995-10-24	0
16417	167	1997-05-28	0
16418	1024	1996-05-05	0
16419	1298	1994-10-19	0
16420	595	1996-06-25	0
16421	556	1998-08-21	0
16422	250	1995-12-24	0
16423	200	1992-10-20	0
16448	205	1992-07-13	0
16449	1045	1994-01-23	0
16450	458	1995-07-30	0
16451	781	1994-10-06	0
16452	37	1992-11-07	0
16453	1138	1994-02-01	0
16454	499	1992-07-26	0
16455	1385	1992-05-11	0
16480	718	1995-02-20	0
16481	1456	1995-05-05	0
16482	608	1992-07-15	0
16483	1295	1997-01-19	0
16484	67	1995-05-29	0
16485	1118	1996-11-18	0
16486	533	1992-08-13	0
16487	1217	1997-02-09	0
16512	115	1993-07-02	0
16513	850	1993-11-18	0
16514	1006	1997-07-22	0
16515	1133	1996-04-02	0
16516	1006	1998-01-19	0
16517	943	1994-12-31	0
16518	745	1992-12-14	0
16519	1204	1995-08-25	0
16544	553	1998-05-05	0
16545	1150	1993-07-24	0
16546	211	1992-09-08	0
16547	467	1994-05-05	0
16548	10	1992-04-21	0
16549	352	1997-08-06	0
16550	128	1996-10-24	0
16551	127	1993-02-11	0
16576	980	1997-01-22	0
16577	512	1997-04-15	0
16578	283	1996-01-01	0
16579	572	1994-02-26	0
16580	238	1992-04-23	0
16581	190	1997-09-23	0
16582	1054	1995-12-16	0
16583	953	1998-01-13	0
16608	1288	1996-12-13	0
16609	746	1997-02-21	0
16610	34	1994-12-25	0
16611	650	1996-01-07	0
16612	280	1994-04-30	0
16613	448	1994-03-10	0
16614	1102	1997-12-01	0
16615	617	1997-05-31	0
16640	241	1993-10-11	0
16641	89	1993-07-25	0
16642	622	1995-05-17	0
16643	886	1993-06-26	0
16644	808	1998-08-17	0
16645	940	1994-11-11	0
16646	557	1995-10-22	0
16647	821	1998-03-31	0
16672	242	1997-05-17	0
16673	208	1996-04-18	0
16674	31	1995-07-14	0
16675	661	1998-08-06	0
16676	1396	1994-06-03	0
16677	409	1992-11-20	0
16678	422	1996-09-07	0
16679	122	1995-01-23	0
16704	670	1994-11-24	0
16705	943	1998-02-26	0
16706	1435	1992-09-11	0
16707	112	1998-08-13	0
16708	1415	1996-11-14	0
16709	797	1992-12-21	0
16710	304	1995-07-09	0
16711	1489	1992-07-10	0
16736	286	1998-01-07	0
16737	626	1995-09-04	0
16738	1267	1994-02-10	0
16739	92	1997-06-09	0
16740	271	1992-05-15	0
16741	460	1993-12-15	0
16742	53	1993-08-06	0
16743	1391	1996-12-20	0
16768	1195	1994-10-09	0
16769	595	1997-12-16	0
16770	884	1994-03-23	0
16771	1318	1994-12-13	0
16772	784	1993-03-12	0
16773	1472	1997-02-18	0
16774	481	1998-03-30	0
16775	224	1993-02-06	0
16800	1336	1995-08-20	0
16801	655	1996-11-13	0
16802	136	1995-07-05	0
16803	590	1995-11-19	0
16804	1301	1992-05-25	0
16805	599	1996-03-15	0
16806	161	1993-09-01	0
16807	631	1992-03-31	0
16832	1310	1993-03-22	0
16833	1099	1997-12-28	0
16834	116	1994-01-07	0
16835	218	1994-04-25	0
16836	571	1994-01-02	0
16837	1234	1995-04-07	0
16838	337	1994-07-13	0
16839	1403	1993-08-04	0
16864	281	1993-01-13	0
16865	724	1996-06-05	0
16866	1183	1992-04-22	0
16867	1121	1993-02-18	0
16868	802	1998-10-12	0
16869	214	1998-03-29	0
16870	1162	1994-03-27	0
16871	946	1994-09-28	0
16896	728	1997-07-09	0
16897	754	1992-08-30	0
16898	1181	1996-01-12	0
16899	832	1998-09-06	0
16900	1105	1998-08-09	0
16901	1247	1994-02-20	0
16902	1060	1997-04-13	0
16903	343	1997-10-10	0
16928	1156	1998-08-31	0
16929	971	1994-10-17	0
16930	1304	1993-01-03	0
16931	41	1997-12-23	0
16932	947	1993-06-30	0
16933	1090	1994-12-28	0
16934	1211	1997-09-26	0
16935	937	1993-03-01	0
16960	1460	1992-08-07	0
16961	565	1994-03-23	0
16962	448	1996-11-26	0
16963	1207	1996-07-18	0
16964	197	1996-01-13	0
16965	1246	1997-03-09	0
16966	466	1994-12-09	0
16967	280	1995-11-03	0
16992	268	1994-02-26	0
16993	928	1996-01-31	0
16994	854	1996-06-11	0
16995	529	1994-03-04	0
16996	1142	1992-04-20	0
16997	580	1997-10-18	0
16998	1352	1996-06-11	0
16999	265	1994-04-05	0
17024	223	1994-12-28	0
17025	472	1997-01-31	0
17026	403	1996-08-24	0
17027	1282	1996-02-10	0
17028	382	1994-12-30	0
17029	181	1997-12-20	0
17030	430	1997-10-09	0
17031	694	1996-12-08	0
17056	19	1998-10-07	0
17057	22	1995-07-31	0
17058	392	1995-03-18	0
17059	670	1998-06-20	0
17060	1456	1997-08-22	0
17061	1015	1993-01-14	0
17062	130	1997-11-24	0
17063	1370	1997-10-10	0
17088	1189	1992-05-17	0
17089	1048	1997-08-31	0
17090	886	1993-07-13	0
17091	1049	1992-10-05	0
17092	710	1996-12-13	0
17093	232	1992-04-27	0
17094	220	1996-09-17	0
17095	1234	1997-10-21	0
17120	448	1998-02-18	0
17121	1402	1997-05-12	0
17122	121	1996-12-09	0
17123	1216	1993-12-20	0
17124	598	1995-01-09	0
17125	1093	1996-10-25	0
17126	410	1993-03-02	0
17127	1492	1997-03-06	0
17152	866	1992-05-27	0
17153	782	1996-10-16	0
17154	671	1998-08-20	0
17155	1379	1994-04-14	0
17156	1471	1998-04-13	0
17157	344	1992-12-04	0
17158	946	1993-06-19	0
17159	203	1996-10-28	0
17184	1403	1997-05-07	0
17185	1321	1995-01-14	0
17186	1429	1994-04-12	0
17187	328	1992-12-08	0
17188	98	1998-03-27	0
17189	1081	1996-01-11	0
17190	298	1996-08-11	0
17191	1439	1995-07-04	0
17216	512	1992-08-11	0
17217	994	1994-10-27	0
17218	998	1992-10-07	0
17219	286	1996-03-26	0
17220	442	1997-02-03	0
17221	766	1994-09-30	0
17222	212	1993-06-09	0
17223	151	1994-09-30	0
17248	1399	1996-11-14	0
17249	406	1993-12-10	0
17250	1222	1994-12-05	0
17251	421	1995-01-11	0
17252	1345	1995-07-14	0
17253	46	1995-11-01	0
17254	953	1996-12-17	0
17255	394	1993-09-28	0
17280	478	1996-09-11	0
17281	1039	1992-06-15	0
17282	1415	1995-02-02	0
17283	329	1995-11-29	0
17284	1411	1994-12-15	0
17285	577	1992-05-07	0
17286	436	1993-12-06	0
17287	118	1995-06-20	0
17312	1454	1995-08-04	0
17313	949	1994-07-22	0
17314	259	1996-06-08	0
17315	1267	1994-07-07	0
17316	368	1993-03-23	0
17317	506	1995-02-17	0
17318	136	1997-08-29	0
17319	551	1994-04-23	0
17344	1460	1993-10-03	0
17345	853	1995-10-17	0
17346	583	1995-05-22	0
17347	997	1998-06-10	0
17348	1259	1997-09-04	0
17349	517	1996-08-04	0
17350	551	1996-07-17	0
17351	1370	1994-07-10	0
17376	1175	1996-02-18	0
17377	914	1996-01-12	0
17378	569	1996-09-21	0
17379	473	1995-10-29	0
17380	328	1998-04-30	0
17381	922	1993-10-29	0
17382	422	1995-09-18	0
17383	1498	1996-06-12	0
17408	1447	1994-08-11	0
17409	770	1993-11-01	0
17410	449	1993-11-16	0
17411	721	1994-11-05	0
17412	1294	1998-02-10	0
17413	356	1996-04-12	0
17414	166	1992-09-13	0
17415	1036	1996-12-02	0
17440	145	1995-04-09	0
17441	79	1993-10-16	0
17442	751	1994-03-20	0
17443	898	1998-06-12	0
17444	581	1994-06-06	0
17445	844	1995-11-05	0
17446	1253	1994-08-24	0
17447	187	1992-08-02	0
17472	460	1995-09-15	0
17473	1279	1998-06-17	0
17474	1322	1997-05-01	0
17475	862	1993-11-26	0
17476	535	1996-08-12	0
17477	13	1997-05-17	0
17478	236	1997-02-07	0
17479	1442	1998-06-13	0
17504	796	1994-11-04	0
17505	391	1996-05-05	0
17506	1228	1993-05-15	0
17507	1169	1992-08-27	0
17508	1400	1992-09-11	0
17509	1069	1995-11-14	0
17510	895	1993-01-14	0
17511	1333	1996-02-08	0
17536	719	1998-01-18	0
17537	334	1998-09-15	0
17538	1243	1994-11-30	0
17539	1381	1995-11-30	0
17540	866	1992-03-26	0
17541	679	1993-04-14	0
17542	1130	1993-11-15	0
17543	56	1992-08-09	0
17568	1468	1993-12-23	0
17569	1376	1997-09-28	0
17570	625	1996-11-28	0
17571	358	1992-05-30	0
17572	1297	1998-07-02	0
17573	1372	1995-11-19	0
17574	328	1997-12-14	0
17575	994	1998-08-09	0
17600	43	1995-12-19	0
17601	1420	1998-05-12	0
17602	383	1992-05-07	0
17603	479	1998-03-13	0
17604	199	1997-12-23	0
17605	1423	1998-03-27	0
17606	1192	1997-02-15	0
17607	1039	1992-05-02	0
17632	784	1993-05-08	0
17633	413	1993-02-06	0
17634	1054	1992-10-05	0
17635	614	1992-04-21	0
17636	761	1994-04-21	0
17637	1079	1992-11-06	0
17638	1051	1995-12-05	0
17639	232	1997-11-15	0
17664	608	1998-09-20	0
17665	725	1996-05-23	0
17666	316	1993-11-23	0
17667	1445	1998-09-05	0
17668	10	1995-02-09	0
17669	916	1994-07-14	0
17670	1202	1994-11-09	0
17671	862	1992-11-07	0
17696	550	1997-08-20	0
17697	1478	1994-02-02	0
17698	298	1992-07-28	0
17699	1439	1997-12-03	0
17700	439	1993-01-11	0
17701	466	1992-08-05	0
17702	686	1992-06-28	0
17703	385	1996-07-17	0
17728	94	1998-06-13	0
17729	1255	1993-07-07	0
17730	655	1998-04-22	0
17731	943	1998-02-03	0
17732	802	1997-04-23	0
17733	845	1996-08-17	0
17734	38	1996-10-10	0
17735	917	1992-09-26	0
17760	946	1992-08-19	0
17761	778	1993-09-18	0
17762	274	1998-05-03	0
17763	1337	1997-07-17	0
17764	466	1994-12-01	0
17765	571	1995-11-30	0
17766	724	1996-12-17	0
17767	22	1997-02-10	0
17792	821	1997-02-01	0
17793	481	1996-09-12	0
17794	1171	1994-06-18	0
17795	1312	1994-06-16	0
17796	1255	1995-07-12	0
17797	196	1992-09-24	0
17798	1433	1993-01-07	0
17799	430	1992-12-05	0
17824	682	1996-08-06	0
17825	1019	1993-03-30	0
17826	301	1992-09-14	0
17827	832	1996-11-11	0
17828	658	1996-03-20	0
17829	722	1994-05-26	0
17830	184	1996-12-02	0
17831	1138	1993-01-09	0
17856	1222	1997-02-06	0
17857	697	1997-08-17	0
17858	1249	1993-12-10	0
17859	583	1993-08-10	0
17860	980	1995-06-21	0
17861	509	1997-01-12	0
17862	8	1992-07-22	0
17863	205	1996-08-04	0
17888	349	1996-03-05	0
17889	1439	1992-10-21	0
17890	367	1996-01-01	0
17891	743	1995-03-23	0
17892	1117	1996-10-31	0
17893	1342	1992-06-06	0
17894	751	1993-03-06	0
17895	194	1996-10-27	0
17920	394	1998-04-19	0
17921	1061	1998-10-11	0
17922	772	1994-12-16	0
17923	224	1998-09-18	0
17924	475	1995-11-10	0
17925	1315	1992-12-09	0
17926	1087	1996-01-25	0
17927	208	1994-10-24	0
17952	334	1993-12-26	0
17953	955	1992-11-04	0
17954	1111	1993-01-26	0
17955	1060	1998-10-05	0
17956	641	1993-10-20	0
17957	971	1994-02-23	0
17958	764	1995-10-26	0
17959	40	1992-11-24	0
17984	413	1997-08-01	0
17985	1355	1995-06-27	0
17986	673	1992-06-20	0
17987	97	1994-10-21	0
17988	1240	1993-12-07	0
17989	364	1994-04-02	0
17990	458	1998-06-01	0
17991	92	1998-09-22	0
18016	403	1996-06-02	0
18017	958	1993-06-09	0
18018	364	1998-02-17	0
18019	1199	1997-07-07	0
18020	1255	1996-03-13	0
18021	526	1994-06-02	0
18022	533	1996-07-31	0
18023	331	1995-05-11	0
18048	1312	1994-09-29	0
18049	766	1994-10-28	0
18050	1067	1996-03-26	0
18051	388	1998-04-25	0
18052	68	1998-01-18	0
18053	562	1997-11-06	0
18054	1349	1995-11-13	0
18055	115	1993-04-21	0
18080	1028	1994-09-06	0
18081	809	1996-12-16	0
18082	727	1998-09-19	0
18083	440	1994-05-27	0
18084	650	1996-11-05	0
18085	571	1995-12-10	0
18086	1348	1998-08-07	0
18087	1475	1993-06-15	0
18112	1097	1992-05-31	0
18113	368	1992-11-12	0
18114	671	1997-01-28	0
18115	778	1993-09-21	0
18116	136	1995-07-21	0
18117	584	1994-04-23	0
18118	463	1997-05-17	0
18119	632	1994-09-08	0
18144	976	1995-08-22	0
18145	418	1993-11-19	0
18146	1483	1997-12-28	0
18147	190	1994-10-01	0
18148	1258	1996-10-18	0
18149	955	1997-03-31	0
18150	1315	1997-06-27	0
18151	20	1996-03-20	0
18176	160	1996-08-13	0
18177	169	1994-05-09	0
18178	262	1995-01-17	0
18179	1096	1994-10-16	0
18180	1006	1992-03-25	0
18181	1286	1996-05-26	0
18182	1012	1995-06-25	0
18183	1402	1997-02-27	0
18208	883	1992-06-16	0
18209	224	1996-05-11	0
18210	1169	1993-10-21	0
18211	110	1996-10-14	0
18212	709	1997-10-03	0
18213	1090	1993-11-25	0
18214	662	1996-03-28	0
18215	455	1993-12-04	0
18240	1328	1998-01-24	0
18241	1238	1993-10-11	0
18242	221	1995-01-14	0
18243	532	1997-10-10	0
18244	1222	1995-04-28	0
18245	533	1993-08-19	0
18246	523	1997-08-19	0
18247	1141	1995-01-20	0
18272	1282	1998-08-31	0
18273	110	1995-11-30	0
18274	272	1993-11-29	0
18275	206	1992-03-26	0
18276	1129	1997-03-15	0
18277	481	1998-05-17	0
18278	845	1996-06-03	0
18279	334	1994-05-13	0
18304	1426	1992-09-21	0
18305	1066	1997-10-31	0
18306	796	1996-08-20	0
18307	10	1993-04-19	0
18308	778	1994-12-24	0
18309	434	1996-04-28	0
18310	1324	1993-08-26	0
18311	181	1998-06-03	0
18336	763	1994-07-09	0
18337	1453	1994-05-12	0
18338	1331	1994-08-01	0
18339	692	1998-01-17	0
18340	844	1995-09-01	0
18341	1183	1993-10-02	0
18342	949	1997-02-02	0
18343	1009	1998-06-22	0
18368	169	1993-02-14	0
18369	532	1998-04-11	0
18370	49	1995-03-30	0
18371	349	1994-12-03	0
18372	946	1996-01-01	0
18373	208	1992-06-27	0
18374	1442	1992-12-15	0
18375	599	1995-12-07	0
18400	856	1996-02-20	0
18401	1210	1996-12-19	0
18402	910	1994-11-13	0
18403	1247	1997-01-17	0
18404	418	1998-06-16	0
18405	976	1994-03-24	0
18406	620	1994-06-29	0
18407	916	1993-01-06	0
18432	1352	1995-05-27	0
18433	163	1998-06-29	0
18434	985	1997-09-16	0
18435	7	1996-05-30	0
18436	1315	1996-02-21	0
18437	898	1994-08-05	0
18438	844	1996-10-19	0
18439	1315	1998-08-21	0
18464	1313	1992-06-12	0
18465	1378	1993-06-30	0
18466	1123	1992-08-05	0
18467	854	1993-02-18	0
18468	1417	1994-02-22	0
18469	1015	1998-09-09	0
18470	1391	1998-06-08	0
18471	217	1994-05-06	0
18496	65	1994-07-30	0
18497	838	1997-08-29	0
18498	184	1997-01-29	0
18499	1255	1997-09-11	0
18500	88	1992-04-27	0
18501	1066	1997-02-20	0
18502	1192	1997-04-09	0
18503	1142	1995-07-20	0
18528	898	1995-07-15	0
18529	1255	1996-11-08	0
18530	1472	1995-03-17	0
18531	367	1993-01-13	0
18532	1043	1996-01-04	0
18533	1489	1995-01-21	0
18534	1225	1996-03-15	0
18535	1042	1996-10-17	0
18560	1411	1993-10-28	0
18561	364	1994-03-26	0
18562	418	1996-03-05	0
18563	364	1996-12-18	0
18564	221	1996-06-01	0
18565	1387	1993-01-19	0
18566	239	1996-10-03	0
18567	1034	1997-04-26	0
18592	680	1992-12-15	0
18593	1220	1995-12-07	0
18594	1111	1998-02-28	0
18595	94	1994-04-17	0
18596	854	1992-12-17	0
18597	1430	1993-12-11	0
18598	299	1993-10-21	0
18599	634	1994-06-05	0
18624	950	1995-10-10	0
18625	1489	1992-03-21	0
18626	1355	1994-05-04	0
18627	1316	1994-03-06	0
18628	442	1992-11-07	0
18629	1042	1995-01-14	0
18630	1453	1998-02-22	0
18631	148	1995-11-29	0
18656	296	1998-09-26	0
18657	529	1997-05-01	0
18658	934	1997-07-20	0
18659	352	1996-05-02	0
18660	683	1998-04-22	0
18661	1424	1992-11-23	0
18662	838	1996-06-23	0
18663	163	1995-09-29	0
18688	1343	1995-05-20	0
18689	1010	1995-03-10	0
18690	1337	1997-12-14	0
18691	664	1997-02-27	0
18692	505	1996-08-20	0
18693	898	1996-10-10	0
18694	283	1998-08-01	0
18695	161	1996-12-19	0
18720	598	1996-05-17	0
18721	578	1993-08-27	0
18722	785	1993-09-30	0
18723	451	1994-10-27	0
18724	536	1993-04-25	0
18725	5	1993-02-05	0
18726	1330	1994-12-13	0
18727	745	1997-04-23	0
18752	1468	1995-07-06	0
18753	175	1994-10-15	0
18754	979	1994-12-10	0
18755	16	1997-05-01	0
18756	1483	1992-06-18	0
18757	161	1992-08-06	0
18758	1405	1993-07-05	0
18759	1076	1996-08-04	0
18784	1303	1992-10-24	0
18785	853	1994-09-17	0
18786	1378	1997-06-17	0
18787	731	1995-01-01	0
18788	1457	1994-12-17	0
18789	742	1995-05-31	0
18790	23	1994-04-28	0
18791	1130	1993-11-17	0
18816	289	1994-05-11	0
18817	905	1997-01-27	0
18818	1235	1997-11-23	0
18819	244	1994-05-12	0
18820	1016	1995-04-28	0
18821	512	1996-05-09	0
18822	65	1994-03-07	0
18823	1244	1992-12-21	0
18848	632	1998-06-13	0
18849	1264	1992-10-20	0
18850	1129	1993-08-11	0
18851	1223	1993-03-02	0
18852	1024	1995-12-04	0
18853	946	1993-04-03	0
18854	520	1997-06-05	0
18855	287	1994-11-30	0
18880	1300	1995-01-08	0
18881	1286	1998-06-08	0
18882	307	1998-04-02	0
18883	1148	1996-09-19	0
18884	719	1995-09-08	0
18885	1237	1998-08-07	0
18886	184	1992-04-12	0
18887	211	1994-02-19	0
18912	1156	1997-08-04	0
18913	1028	1998-08-26	0
18914	155	1993-12-10	0
18915	250	1994-05-04	0
18916	1366	1996-03-28	0
18917	892	1992-07-18	0
18918	439	1993-01-11	0
18919	361	1994-09-12	0
18944	523	1997-01-11	0
18945	577	1994-04-03	0
18946	748	1993-07-19	0
18947	1252	1997-09-26	0
18948	1348	1996-11-16	0
18949	892	1998-05-19	0
18950	1190	1992-05-13	0
18951	1201	1995-09-13	0
18976	1415	1996-09-22	0
18977	661	1998-02-12	0
18978	1478	1992-11-06	0
18979	412	1998-07-30	0
18980	622	1993-06-30	0
18981	766	1996-04-09	0
18982	961	1998-05-30	0
18983	742	1992-10-15	0
19008	1456	1997-02-14	0
19009	991	1992-06-11	0
19010	1115	1994-08-22	0
19011	1204	1997-04-12	0
19012	1261	1993-05-11	0
19013	1216	1997-12-25	0
19014	1046	1997-12-07	0
19015	751	1998-04-06	0
19040	298	1996-03-04	0
19041	994	1995-10-10	0
19042	520	1994-05-16	0
19043	622	1996-03-06	0
19044	29	1992-06-26	0
19045	1006	1995-08-05	0
19046	298	1993-06-19	0
19047	574	1994-04-14	0
19072	1018	1998-01-21	0
19073	256	1994-09-08	0
19074	1462	1992-09-09	0
19075	1282	1994-12-11	0
19076	1318	1997-03-18	0
19077	1162	1996-03-23	0
19078	1231	1994-10-11	0
19079	1033	1998-06-02	0
19104	1148	1993-10-25	0
19105	841	1995-01-12	0
19106	1375	1995-06-18	0
19107	55	1997-09-19	0
19108	728	1996-01-08	0
19109	200	1992-11-15	0
19110	1225	1996-08-27	0
19111	664	1994-12-19	0
19136	691	1993-10-19	0
19137	646	1995-11-14	0
19138	1231	1995-11-20	0
19139	1066	1994-02-17	0
19140	1052	1994-12-15	0
19141	1084	1993-01-11	0
19142	178	1996-12-03	0
19143	370	1993-01-19	0
19168	544	1997-05-09	0
19169	583	1997-07-23	0
19170	1120	1997-07-18	0
19171	985	1996-11-08	0
19172	542	1996-05-08	0
19173	355	1996-01-03	0
19174	908	1993-09-30	0
19175	1447	1994-11-03	0
19200	43	1997-10-10	0
19201	325	1996-08-19	0
19202	139	1998-09-29	0
19203	1019	1996-10-19	0
19204	493	1994-12-03	0
19205	584	1993-10-10	0
19206	217	1993-06-14	0
19207	97	1992-05-30	0
19232	535	1994-09-26	0
19233	1408	1995-02-20	0
19234	460	1994-04-10	0
19235	1465	1996-06-06	0
19236	991	1998-04-20	0
19237	70	1995-06-22	0
19238	1396	1997-05-29	0
19239	770	1996-07-19	0
19264	226	1995-12-14	0
19265	1135	1997-03-03	0
19266	1334	1997-10-31	0
19267	40	1998-05-12	0
19268	415	1998-06-10	0
19269	256	1998-10-11	0
19270	400	1998-02-02	0
19271	742	1997-02-04	0
19296	794	1993-06-25	0
19297	310	1996-07-02	0
19298	1129	1997-11-05	0
19299	49	1994-06-02	0
19300	1015	1995-03-02	0
19301	94	1992-06-17	0
19302	214	1998-09-09	0
19303	1310	1993-04-19	0
19328	1321	1997-12-14	0
19329	581	1993-05-22	0
19330	223	1997-07-14	0
19331	1457	1997-07-02	0
19332	1273	1992-05-14	0
19333	403	1993-07-04	0
19334	1154	1997-10-25	0
19335	730	1997-11-25	0
19360	778	1996-12-31	0
19361	1358	1992-12-08	0
19362	712	1997-10-21	0
19363	341	1995-09-19	0
19364	1186	1997-12-31	0
19365	439	1995-04-02	0
19366	1156	1992-07-16	0
19367	1237	1994-07-05	0
19392	700	1997-03-30	0
19393	553	1995-03-31	0
19394	1150	1993-03-11	0
19395	565	1995-11-29	0
19396	542	1998-09-25	0
19397	232	1997-09-30	0
19398	592	1994-10-17	0
19399	715	1994-04-12	0
19424	652	1995-06-24	0
19425	1235	1992-12-09	0
19426	878	1998-01-23	0
19427	853	1998-08-02	0
19428	1237	1993-07-19	0
19429	1318	1994-11-08	0
19430	583	1994-01-28	0
19431	415	1994-08-07	0
19456	1202	1996-09-19	0
19457	250	1994-09-26	0
19458	178	1996-08-08	0
19459	1073	1996-11-09	0
19460	196	1998-03-02	0
19461	1495	1998-10-14	0
19462	346	1995-12-05	0
19463	1144	1996-07-03	0
19488	511	1998-09-23	0
19489	646	1998-06-16	0
19490	89	1996-11-01	0
19491	367	1994-01-02	0
19492	1165	1994-02-26	0
19493	1087	1994-04-19	0
19494	262	1993-03-29	0
19495	1321	1998-04-03	0
19520	245	1992-07-16	0
19521	509	1995-02-07	0
19522	1309	1995-01-04	0
19523	725	1996-02-14	0
19524	1267	1993-03-31	0
19525	1237	1998-02-16	0
19526	1003	1994-12-07	0
19527	158	1996-08-23	0
19552	1018	1996-12-01	0
19553	1000	1997-04-26	0
19554	857	1995-06-29	0
19555	943	1993-04-28	0
19556	260	1994-03-16	0
19557	622	1996-01-14	0
19558	1225	1995-05-12	0
19559	551	1993-06-30	0
19584	1387	1994-07-01	0
19585	1291	1997-11-02	0
19586	481	1993-01-16	0
19587	1264	1994-11-08	0
19588	643	1995-09-03	0
19589	980	1992-10-30	0
19590	346	1998-02-14	0
19591	1276	1998-04-16	0
19616	214	1996-03-07	0
19617	62	1992-04-05	0
19618	1432	1998-07-25	0
19619	964	1996-08-13	0
19620	743	1997-07-11	0
19621	1318	1995-11-22	0
19622	593	1997-11-11	0
19623	214	1992-05-09	0
19648	1486	1997-01-01	0
19649	514	1995-07-19	0
19650	569	1994-09-16	0
19651	701	1997-02-06	0
19652	409	1992-08-17	0
19653	724	1992-11-26	0
19654	734	1995-03-26	0
19655	370	1994-03-28	0
19680	559	1992-12-04	0
19681	973	1998-03-10	0
19682	386	1997-05-01	0
19683	371	1994-04-23	0
19684	404	1993-11-16	0
19685	962	1997-12-17	0
19686	968	1993-10-30	0
19687	965	1993-10-28	0
19712	430	1998-03-23	0
19713	1058	1996-10-11	0
19714	1477	1993-11-24	0
19715	1046	1992-04-07	0
19716	1232	1994-12-14	0
19717	1075	1998-10-07	0
19718	1174	1992-09-08	0
19719	1294	1996-07-17	0
19744	1045	1993-05-29	0
19745	382	1993-03-04	0
19746	125	1998-10-13	0
19747	818	1996-10-21	0
19748	137	1993-10-19	0
19749	484	1997-06-15	0
19750	238	1994-10-26	0
19751	448	1996-11-17	0
19776	22	1996-07-13	0
19777	1262	1993-01-03	0
19778	184	1992-12-16	0
19779	416	1994-08-10	0
19780	1073	1995-04-21	0
19781	1148	1997-01-02	0
19782	145	1993-01-02	0
19783	1259	1992-12-10	0
19808	325	1996-09-21	0
19809	1213	1997-10-23	0
19810	154	1998-05-04	0
19811	1300	1995-10-23	0
19812	619	1993-06-17	0
19813	979	1993-05-17	0
19814	199	1995-07-10	0
19815	640	1993-06-09	0
19840	1369	1993-08-08	0
19841	7	1994-03-12	0
19842	772	1996-09-30	0
19843	703	1993-10-13	0
19844	1325	1996-07-05	0
19845	1001	1994-09-29	0
19846	241	1997-01-30	0
19847	1492	1993-04-27	0
19872	1426	1998-06-04	0
19873	1045	1993-02-04	0
19874	866	1992-08-23	0
19875	583	1997-03-15	0
19876	613	1998-10-14	0
19877	1001	1998-09-07	0
19878	278	1998-03-26	0
19879	1415	1994-12-24	0
19904	599	1998-05-10	0
19905	343	1992-10-27	0
19906	158	1994-06-25	0
19907	800	1998-08-31	0
19908	895	1993-03-21	0
19909	322	1996-12-09	0
19910	338	1995-07-18	0
19911	1471	1995-12-21	0
19936	802	1993-01-28	0
19937	1129	1998-10-07	0
19938	329	1995-06-06	0
19939	226	1997-06-11	0
19940	1244	1996-09-14	0
19941	1054	1994-02-09	0
19942	503	1998-06-29	0
19943	40	1995-02-08	0
19968	136	1998-02-20	0
19969	1022	1997-08-04	0
19970	1469	1997-02-02	0
19971	109	1996-09-10	0
19972	65	1992-08-31	0
19973	163	1996-03-29	0
19974	989	1994-01-18	0
19975	1255	1994-06-25	0
20000	925	1996-10-07	0
20001	631	1993-01-08	0
20002	484	1992-10-27	0
20003	1162	1992-04-15	0
20004	341	1996-08-26	0
20005	470	1998-04-11	0
20006	1073	1996-08-29	0
20007	1399	1994-10-20	0
20032	656	1993-01-20	0
20033	40	1993-08-05	0
20034	530	1996-09-16	0
20035	1432	1996-06-26	0
20036	308	1994-02-19	0
20037	916	1994-03-27	0
20038	1141	1993-05-13	0
20039	1081	1998-06-20	0
20064	1300	1998-03-17	0
20065	436	1998-10-03	0
20066	685	1992-11-17	0
20067	385	1995-11-02	0
20068	241	1995-05-15	0
20069	635	1994-12-11	0
20070	1021	1996-06-07	0
20071	490	1995-12-02	0
20096	1363	1992-11-03	0
20097	1318	1996-07-13	0
20098	817	1996-02-22	0
20099	202	1997-12-12	0
20100	887	1994-06-15	0
20101	925	1996-07-28	0
20102	622	1995-08-20	0
20103	844	1993-04-28	0
20128	427	1994-11-15	0
20129	944	1997-08-17	0
20130	379	1992-08-26	0
20131	1465	1992-12-18	0
20132	877	1993-08-01	0
20133	1448	1994-11-27	0
20134	160	1995-05-27	0
20135	1372	1994-09-14	0
20160	1376	1996-01-06	0
20161	436	1995-05-08	0
20162	598	1994-04-25	0
20163	931	1998-07-06	0
20164	430	1996-10-04	0
20165	961	1996-04-27	0
20166	409	1994-05-19	0
20167	1090	1992-10-16	0
20192	1159	1993-12-21	0
20193	229	1994-01-22	0
20194	1237	1992-05-28	0
20195	10	1998-10-16	0
20196	1078	1996-07-27	0
20197	968	1994-07-11	0
20198	956	1995-08-25	0
20199	293	1994-07-11	0
20224	1408	1994-10-04	0
20225	599	1993-10-10	0
20226	1223	1994-04-19	0
20227	1153	1995-07-21	0
20228	850	1998-03-16	0
20229	1445	1995-01-14	0
20230	28	1997-01-06	0
20231	578	1995-10-12	0
20256	490	1992-04-16	0
20257	2	1996-05-18	0
20258	184	1997-12-14	0
20259	764	1995-08-08	0
20260	1411	1998-01-12	0
20261	1397	1994-08-04	0
20262	1439	1995-03-12	0
20263	250	1995-01-29	0
20288	1343	1996-11-04	0
20289	775	1997-09-06	0
20290	1375	1998-01-16	0
20291	748	1997-06-12	0
20292	766	1993-01-23	0
20293	668	1998-03-10	0
20294	128	1993-03-17	0
20295	1436	1993-05-01	0
20320	487	1997-02-16	0
20321	341	1996-11-16	0
20322	1174	1994-09-12	0
20323	334	1995-07-22	0
20324	653	1995-08-31	0
20325	1342	1993-09-17	0
20326	959	1996-02-09	0
20327	1103	1996-08-12	0
20352	818	1998-05-02	0
20353	1237	1997-09-18	0
20354	460	1992-12-04	0
20355	355	1993-08-03	0
20356	595	1995-12-04	0
20357	20	1997-01-14	0
20358	578	1997-05-29	0
20359	823	1995-01-16	0
20384	71	1996-01-09	0
20385	1115	1996-10-06	0
20386	4	1993-05-14	0
20387	751	1997-08-02	0
20388	1156	1996-07-08	0
20389	1126	1994-10-26	0
20390	256	1994-11-15	0
20391	581	1994-04-14	0
20416	908	1996-08-31	0
20417	991	1992-04-17	0
20418	1138	1997-11-25	0
20419	733	1997-12-07	0
20420	1147	1997-09-05	0
20421	1150	1998-07-30	0
20422	1075	1994-04-12	0
20423	1442	1998-01-22	0
20448	94	1995-10-17	0
20449	427	1993-03-20	0
20450	74	1993-02-21	0
20451	839	1992-08-09	0
20452	992	1995-03-22	0
20453	859	1995-05-25	0
20454	58	1995-06-19	0
20455	182	1993-09-12	0
20480	488	1994-04-15	0
20481	958	1998-01-24	0
20482	1132	1995-10-02	0
20483	1483	1993-03-26	0
20484	1117	1994-04-15	0
20485	1189	1997-02-09	0
20486	1216	1995-05-20	0
20487	268	1996-08-23	0
20512	326	1996-01-19	0
20513	328	1994-09-21	0
20514	184	1998-07-26	0
20515	559	1996-01-30	0
20516	1318	1996-05-11	0
20517	262	1993-11-30	0
20518	794	1994-12-20	0
20519	1340	1994-06-25	0
20544	604	1998-03-23	0
20545	1177	1993-12-24	0
20546	379	1995-02-26	0
20547	808	1993-11-10	0
20548	730	1994-07-17	0
20549	142	1994-03-29	0
20550	919	1998-07-23	0
20551	121	1996-07-10	0
20576	1279	1993-12-09	0
20577	712	1993-04-26	0
20578	220	1997-08-26	0
20579	304	1992-12-16	0
20580	847	1995-11-24	0
20581	1069	1996-12-16	0
20582	1445	1997-07-21	0
20583	1427	1997-06-22	0
20608	1199	1998-06-06	0
20609	598	1992-12-29	0
20610	14	1998-01-27	0
20611	1321	1996-06-08	0
20612	607	1997-02-06	0
20613	433	1992-12-07	0
20614	743	1994-08-02	0
20615	310	1992-06-30	0
20640	751	1998-02-20	0
20641	1292	1995-05-06	0
20642	1118	1992-08-03	0
20643	1330	1995-11-05	0
20644	1345	1995-09-06	0
20645	601	1992-05-25	0
20646	1384	1995-06-14	0
20647	1117	1998-05-09	0
20672	1159	1993-08-15	0
20673	301	1996-08-01	0
20674	295	1994-02-22	0
20675	1198	1993-06-24	0
20676	868	1993-02-06	0
20677	404	1997-02-04	0
20678	1456	1997-04-28	0
20679	715	1993-10-29	0
20704	473	1993-04-27	0
20705	157	1998-08-10	0
20706	1313	1994-09-26	0
20707	1213	1996-06-08	0
20708	1009	1992-03-26	0
20709	172	1994-10-26	0
20710	499	1995-02-13	0
20711	1085	1994-04-05	0
20736	1058	1995-12-06	0
20737	38	1996-03-10	0
20738	565	1992-11-17	0
20739	1382	1997-06-04	0
20740	283	1993-03-27	0
20741	1480	1994-01-14	0
20742	1369	1992-03-16	0
20743	145	1996-02-29	0
20768	1094	1993-01-01	0
20769	1124	1998-09-17	0
20770	943	1993-09-06	0
20771	175	1996-05-11	0
20772	1412	1993-08-18	0
20773	466	1994-05-20	0
20774	85	1994-11-13	0
20775	382	1993-04-16	0
20800	1219	1994-10-20	0
20801	1021	1997-06-06	0
20802	1441	1995-12-04	0
20803	52	1992-05-06	0
20804	814	1996-02-10	0
20805	1318	1995-03-27	0
20806	1403	1996-12-22	0
20807	704	1992-10-05	0
20832	1018	1993-10-14	0
20833	370	1998-09-20	0
20834	1168	1992-03-30	0
20835	874	1996-04-04	0
20836	406	1998-08-22	0
20837	751	1994-04-19	0
20838	994	1994-06-25	0
20839	1394	1998-08-19	0
20864	833	1996-02-20	0
20865	518	1998-03-04	0
20866	1435	1995-06-11	0
20867	343	1997-01-14	0
20868	544	1993-12-24	0
20869	1430	1996-11-28	0
20870	814	1994-10-29	0
20871	517	1993-12-21	0
20896	1016	1993-04-05	0
20897	530	1995-05-30	0
20898	290	1996-01-14	0
20899	994	1993-06-27	0
20900	823	1994-02-08	0
20901	173	1995-06-04	0
20902	25	1997-03-22	0
20903	589	1994-08-04	0
20928	1270	1995-07-01	0
20929	850	1998-03-11	0
20930	769	1996-08-07	0
20931	742	1995-04-13	0
20932	668	1992-10-13	0
20933	643	1992-11-10	0
20934	79	1993-04-06	0
20935	997	1996-06-15	0
20960	1258	1996-02-02	0
20961	667	1993-03-31	0
20962	457	1992-04-30	0
20963	13	1994-12-23	0
20964	10	1992-06-14	0
20965	1240	1995-03-06	0
20966	643	1993-12-03	0
20967	301	1995-05-30	0
20992	836	1992-10-19	0
20993	1462	1996-04-08	0
20994	907	1996-06-26	0
20995	139	1992-06-11	0
20996	583	1996-10-30	0
20997	889	1998-05-19	0
20998	766	1997-04-16	0
20999	1309	1997-07-07	0
21024	706	1994-03-14	0
21025	136	1993-11-26	0
21026	865	1996-10-22	0
21027	943	1993-03-22	0
21028	106	1992-08-22	0
21029	499	1996-07-03	0
21030	307	1992-07-07	0
21031	343	1995-10-27	0
21056	347	1993-02-02	0
21057	1129	1995-04-20	0
21058	881	1992-12-25	0
21059	536	1993-01-18	0
21060	566	1998-08-01	0
21061	113	1995-03-07	0
21062	881	1997-12-30	0
21063	445	1995-06-30	0
21088	463	1997-05-04	0
21089	49	1995-10-12	0
21090	91	1992-07-30	0
21091	1096	1995-02-26	0
21092	745	1997-04-03	0
21093	643	1994-05-15	0
21094	1282	1994-09-30	0
21095	772	1994-05-04	0
21120	1469	1993-05-26	0
21121	649	1994-12-01	0
21122	676	1997-04-22	0
21123	709	1998-10-05	0
21124	341	1996-11-10	0
21125	307	1995-05-13	0
21126	1136	1992-06-02	0
21127	184	1993-12-10	0
21152	184	1998-01-06	0
21153	1183	1994-04-02	0
21154	1105	1993-11-01	0
21155	892	1995-04-22	0
21156	1217	1997-06-28	0
21157	1489	1996-04-22	0
21158	490	1997-01-07	0
21159	86	1995-08-22	0
21184	388	1998-09-24	0
21185	443	1997-03-26	0
21186	961	1992-07-25	0
21187	136	1996-12-09	0
21188	349	1995-12-06	0
21189	719	1996-04-30	0
21190	775	1994-08-12	0
21191	979	1993-01-29	0
21216	1042	1998-10-05	0
21217	1208	1994-11-24	0
21218	152	1997-09-01	0
21219	1346	1995-04-02	0
21220	301	1993-03-08	0
21221	808	1994-10-09	0
21222	814	1994-04-20	0
21223	410	1992-05-30	0
21248	775	1996-10-25	0
21249	785	1993-12-04	0
21250	1489	1997-09-21	0
21251	1024	1997-02-07	0
21252	1151	1996-08-16	0
21253	1466	1992-07-02	0
21254	229	1993-11-03	0
21255	454	1994-11-12	0
21280	991	1998-02-20	0
21281	1115	1995-06-19	0
21282	1141	1998-07-16	0
21283	908	1997-03-15	0
21284	1121	1992-11-29	0
21285	1348	1993-09-17	0
21286	607	1994-07-31	0
21287	920	1997-04-13	0
21312	283	1996-04-16	0
21313	460	1992-10-11	0
21314	730	1995-01-17	0
21315	184	1996-12-23	0
21316	943	1998-01-04	0
21317	838	1995-06-24	0
21318	980	1993-09-18	0
21319	815	1993-07-14	0
21344	493	1993-02-23	0
21345	22	1993-07-09	0
21346	932	1995-08-22	0
21347	887	1998-08-05	0
21348	118	1995-05-25	0
21349	1138	1998-10-01	0
21350	389	1995-05-11	0
21351	1072	1998-05-27	0
21376	1277	1996-08-23	0
21377	1144	1993-05-09	0
21378	179	1995-10-22	0
21379	544	1995-03-31	0
21380	775	1997-05-28	0
21381	260	1994-08-29	0
21382	455	1992-03-28	0
21383	178	1994-04-16	0
21408	1042	1997-11-13	0
21409	1165	1994-05-11	0
21410	1499	1992-07-16	0
21411	1325	1997-09-26	0
21412	1270	1995-09-27	0
21413	677	1997-08-27	0
21414	1400	1995-07-19	0
21415	788	1992-07-11	0
21440	1378	1993-01-28	0
21441	1156	1997-08-02	0
21442	1225	1995-03-11	0
21443	137	1996-03-20	0
21444	199	1995-06-30	0
21445	883	1995-02-01	0
21446	523	1998-08-10	0
21447	1430	1993-08-18	0
21472	908	1996-03-23	0
21473	559	1995-06-16	0
21474	757	1993-06-19	0
21475	1138	1995-05-07	0
21476	1264	1995-08-02	0
21477	337	1995-08-05	0
21478	1061	1992-05-17	0
21479	385	1994-11-12	0
21504	83	1998-01-20	0
21505	80	1993-02-17	0
21506	976	1994-08-22	0
21507	1054	1997-08-29	0
21508	1309	1998-07-10	0
21509	1198	1992-09-17	0
21510	385	1992-07-23	0
21511	149	1996-07-01	0
21536	868	1997-06-26	0
21537	857	1992-04-21	0
21538	1243	1994-10-11	0
21539	604	1993-09-23	0
21540	412	1992-07-27	0
21541	220	1994-12-23	0
21542	794	1995-08-05	0
21543	262	1992-05-22	0
21568	566	1995-10-03	0
21569	838	1996-11-26	0
21570	1093	1996-04-18	0
21571	172	1995-11-03	0
21572	1405	1994-04-30	0
21573	316	1992-07-10	0
21574	754	1993-04-01	0
21575	1220	1997-04-18	0
21600	1474	1993-06-19	0
21601	475	1995-06-21	0
21602	1157	1994-09-15	0
21603	607	1997-07-05	0
21604	1177	1992-06-16	0
21605	712	1992-06-23	0
21606	685	1995-04-08	0
21607	1084	1992-05-30	0
21632	1381	1993-04-07	0
21633	68	1994-06-11	0
21634	586	1993-01-12	0
21635	704	1995-02-16	0
21636	868	1994-10-25	0
21637	955	1998-04-30	0
21638	1244	1992-07-01	0
21639	1282	1995-04-19	0
21664	134	1995-01-27	0
21665	1234	1992-12-30	0
21666	935	1994-03-03	0
21667	161	1996-08-04	0
21668	104	1997-01-20	0
21669	1135	1995-10-08	0
21670	841	1995-03-28	0
21671	307	1993-08-30	0
21696	442	1994-01-05	0
21697	958	1996-05-19	0
21698	1111	1998-05-18	0
21699	248	1996-02-18	0
21700	103	1997-10-04	0
21701	826	1996-04-05	0
21702	1414	1994-03-03	0
21703	785	1994-05-17	0
21728	745	1997-03-11	0
21729	10	1993-02-20	0
21730	1343	1996-05-19	0
21731	1415	1996-02-10	0
21732	829	1996-03-26	0
21733	1270	1997-01-31	0
21734	1442	1996-05-06	0
21735	337	1993-05-24	0
21760	455	1995-04-16	0
21761	328	1997-05-17	0
21762	595	1996-11-04	0
21763	391	1992-08-12	0
21764	160	1997-05-10	0
21765	598	1997-06-22	0
21766	1390	1994-08-16	0
21767	358	1998-06-17	0
21792	310	1992-12-10	0
21793	1096	1995-07-05	0
21794	1376	1994-08-25	0
21795	380	1993-08-28	0
21796	1385	1992-07-21	0
21797	196	1997-07-22	0
21798	458	1998-09-04	0
21799	385	1995-07-04	0
21824	656	1995-04-24	0
21825	395	1993-03-19	0
21826	1168	1996-06-08	0
21827	950	1993-01-24	0
21828	535	1997-02-02	0
21829	758	1998-04-12	0
21830	548	1994-03-28	0
21831	625	1994-12-04	0
21856	514	1992-06-20	0
21857	748	1992-09-13	0
21858	1162	1998-01-10	0
21859	707	1996-02-02	0
21860	605	1992-07-13	0
21861	1211	1994-11-02	0
21862	451	1993-11-27	0
21863	652	1994-02-05	0
21888	289	1992-06-20	0
21889	1480	1993-06-16	0
21890	940	1995-04-10	0
21891	832	1998-02-08	0
21892	679	1993-09-18	0
21893	1456	1996-01-08	0
21894	856	1996-03-03	0
21895	464	1998-08-14	0
21920	44	1998-05-27	0
21921	1039	1994-11-27	0
21922	1483	1995-01-26	0
21923	256	1998-09-05	0
21924	758	1998-07-25	0
21925	614	1992-09-26	0
21926	958	1996-11-01	0
21927	442	1996-02-24	0
21952	206	1993-09-01	0
21953	79	1994-08-13	0
21954	664	1993-01-19	0
21955	883	1997-07-03	0
21956	662	1995-04-18	0
21957	853	1996-07-16	0
21958	1345	1994-08-20	0
21959	53	1996-05-03	0
21984	970	1998-01-05	0
21985	217	1994-11-10	0
21986	1357	1997-09-24	0
21987	128	1992-09-21	0
21988	662	1993-06-12	0
21989	1363	1995-04-27	0
21990	695	1992-11-06	0
21991	904	1997-07-27	0
22016	169	1996-10-22	0
22017	998	1995-03-09	0
22018	146	1996-08-18	0
22019	604	1996-01-13	0
22020	331	1993-08-01	0
22021	1259	1996-08-10	0
22022	1130	1993-06-18	0
22023	1108	1996-03-23	0
22048	727	1998-01-29	0
22049	770	1997-11-01	0
22050	673	1993-09-09	0
22051	625	1996-03-15	0
22052	1063	1996-01-23	0
22053	883	1993-11-05	0
22054	484	1993-10-13	0
22055	1108	1992-12-08	0
22080	202	1992-12-28	0
22081	92	1992-07-28	0
22082	256	1997-10-26	0
22083	1472	1994-05-04	0
22084	985	1992-11-13	0
22085	116	1992-05-24	0
22086	845	1996-02-29	0
22087	457	1994-10-13	0
22112	145	1996-04-11	0
22113	850	1993-06-01	0
22114	536	1996-06-08	0
22115	94	1993-08-30	0
22116	884	1996-10-29	0
22117	386	1993-10-27	0
22118	1442	1994-04-04	0
22119	1099	1994-10-08	0
22144	1177	1998-05-29	0
22145	1111	1996-05-28	0
22146	1139	1998-07-30	0
22147	896	1994-04-02	0
22148	854	1998-05-27	0
22149	203	1995-12-08	0
22150	727	1998-04-17	0
22151	1111	1993-10-15	0
22176	1415	1994-10-30	0
22177	328	1997-09-22	0
22178	1315	1994-06-13	0
22179	1253	1994-01-25	0
22180	1115	1998-07-20	0
22181	589	1995-12-22	0
22182	817	1992-11-20	0
22183	229	1992-07-08	0
22208	485	1994-12-28	0
22209	656	1993-11-21	0
22210	1132	1995-12-04	0
22211	1237	1995-12-18	0
22212	1168	1993-12-02	0
22213	29	1997-10-01	0
22214	739	1998-09-22	0
22215	550	1996-05-29	0
22240	418	1997-01-02	0
22241	1451	1994-04-23	0
22242	173	1994-08-30	0
22243	1063	1994-04-01	0
22244	281	1995-07-15	0
22245	736	1994-07-15	0
22246	928	1997-07-01	0
22247	1177	1998-06-18	0
22272	980	1992-07-21	0
22273	1280	1997-04-11	0
22274	1477	1993-11-01	0
22275	772	1997-10-10	0
22276	220	1995-04-14	0
22277	1261	1998-06-11	0
22278	529	1996-06-17	0
22279	899	1995-03-08	0
22304	544	1996-02-09	0
22305	1130	1992-09-16	0
22306	458	1996-10-30	0
22307	701	1993-12-08	0
22308	871	1994-06-15	0
22309	1490	1997-03-13	0
22310	181	1998-02-09	0
22311	290	1998-08-25	0
22336	1483	1997-10-17	0
22337	784	1996-05-08	0
22338	1360	1993-07-29	0
22339	154	1995-01-19	0
22340	278	1998-07-10	0
22341	86	1996-02-15	0
22342	994	1994-08-13	0
22343	655	1996-04-09	0
22368	1043	1993-05-06	0
22369	1141	1996-05-27	0
22370	1460	1998-02-28	0
22371	1150	1994-06-19	0
22372	769	1997-06-18	0
22373	523	1992-06-12	0
22374	979	1994-12-09	0
22375	73	1995-06-22	0
22400	805	1993-09-14	0
22401	241	1997-04-17	0
22402	632	1994-08-11	0
22403	529	1998-10-15	0
22404	677	1994-01-31	0
22405	1280	1997-06-03	0
22406	521	1996-06-07	0
22407	755	1995-02-01	0
22432	1456	1993-02-12	0
22433	905	1995-05-18	0
22434	1027	1992-11-13	0
22435	709	1997-08-20	0
22436	751	1996-08-07	0
22437	79	1994-10-14	0
22438	1192	1997-12-12	0
22439	610	1997-11-15	0
22464	308	1998-04-29	0
22465	1348	1992-10-05	0
22466	4	1992-06-12	0
22467	1342	1998-04-16	0
22468	1244	1993-08-25	0
22469	964	1993-12-26	0
22470	547	1993-10-05	0
22471	1435	1997-07-01	0
22496	1135	1994-11-06	0
22497	757	1992-07-13	0
22498	802	1994-01-24	0
22499	200	1994-12-21	0
22500	704	1992-10-19	0
22501	493	1993-08-02	0
22502	946	1998-05-25	0
22503	251	1998-02-28	0
22528	1160	1996-01-26	0
22529	968	1993-07-22	0
22530	883	1997-04-05	0
22531	37	1996-02-03	0
22532	598	1995-04-25	0
22533	436	1996-02-12	0
22534	1439	1995-10-02	0
22535	940	1994-11-02	0
22560	1084	1996-05-15	0
22561	52	1995-04-06	0
22562	103	1994-06-11	0
22563	854	1992-08-04	0
22564	1321	1995-05-11	0
22565	844	1998-04-16	0
22566	634	1998-07-19	0
22567	175	1996-10-23	0
22592	65	1997-09-04	0
22593	97	1998-08-07	0
22594	1496	1993-07-24	0
22595	1033	1996-05-29	0
22596	116	1996-12-16	0
22597	625	1996-03-16	0
22598	118	1993-06-04	0
22599	241	1997-09-24	0
22624	535	1996-03-27	0
22625	8	1994-12-15	0
22626	659	1993-09-13	0
22627	1021	1993-06-18	0
22628	1219	1995-01-13	0
22629	595	1993-06-30	0
22630	239	1994-04-06	0
22631	166	1996-06-22	0
22656	778	1994-03-08	0
22657	452	1996-01-13	0
22658	445	1995-07-25	0
22659	1435	1998-09-09	0
22660	712	1993-09-29	0
22661	247	1993-12-11	0
22662	1408	1998-08-15	0
22663	1342	1992-03-27	0
22688	1375	1992-07-02	0
22689	1448	1995-12-24	0
22690	961	1992-12-12	0
22691	139	1997-07-10	0
22692	1324	1998-03-22	0
22693	218	1992-03-18	0
22694	932	1994-01-03	0
22695	695	1994-09-17	0
22720	332	1997-10-31	0
22721	1211	1997-02-03	0
22722	644	1992-09-14	0
22723	967	1994-08-04	0
22724	112	1998-07-10	0
22725	1129	1996-12-28	0
22726	838	1992-07-14	0
22727	868	1995-09-17	0
22752	1324	1993-02-21	0
22753	277	1995-06-01	0
22754	941	1992-07-10	0
22755	1162	1994-06-14	0
22756	706	1995-03-10	0
22757	1225	1994-06-03	0
22758	22	1994-06-14	0
22759	617	1992-12-14	0
22784	346	1995-08-08	0
22785	1381	1994-01-10	0
22786	440	1996-09-24	0
22787	146	1995-06-20	0
22788	749	1998-08-05	0
22789	1016	1996-04-11	0
22790	1051	1998-06-05	0
22791	895	1997-04-11	0
22816	928	1995-06-29	0
22817	1153	1993-02-05	0
22818	704	1994-08-06	0
22819	1210	1993-01-25	0
22820	1489	1993-11-01	0
22821	1093	1997-05-31	0
22822	418	1994-01-21	0
22823	1177	1997-04-28	0
22848	460	1996-02-24	0
22849	574	1995-05-01	0
22850	40	1995-07-15	0
22851	1102	1994-05-16	0
22852	73	1997-06-12	0
22853	1387	1994-06-11	0
22854	1102	1996-11-11	0
22855	776	1997-10-10	0
22880	112	1993-08-14	0
22881	791	1993-06-21	0
22882	820	1993-11-28	0
22883	319	1992-06-19	0
22884	952	1996-07-28	0
22885	1115	1995-02-07	0
22886	214	1993-04-15	0
22887	1483	1994-02-02	0
22912	1402	1993-12-31	0
22913	883	1993-09-09	0
22914	409	1992-03-29	0
22915	553	1997-12-04	0
22916	460	1992-04-18	0
22917	157	1994-05-16	0
22918	571	1996-04-15	0
22919	748	1994-10-01	0
22944	1138	1997-08-31	0
22945	1433	1995-06-13	0
22946	1141	1994-03-25	0
22947	175	1995-03-04	0
22948	79	1993-01-11	0
22949	1489	1998-08-24	0
22950	545	1996-03-06	0
22951	1216	1992-07-18	0
22976	1477	1998-05-28	0
22977	608	1995-11-21	0
22978	325	1994-06-17	0
22979	1475	1992-12-10	0
22980	1094	1992-12-16	0
22981	187	1995-08-10	0
22982	212	1996-03-13	0
22983	1348	1995-02-09	0
23008	1399	1994-12-24	0
23009	1270	1992-07-11	0
23010	913	1992-03-16	0
23011	7	1993-08-30	0
23012	1477	1996-11-01	0
23013	236	1993-09-12	0
23014	511	1996-01-01	0
23015	782	1992-03-27	0
23040	1357	1997-10-13	0
23041	880	1993-10-04	0
23042	919	1994-07-11	0
23043	94	1995-07-16	0
23044	1360	1997-01-05	0
23045	355	1996-05-25	0
23046	1282	1993-12-21	0
23047	460	1996-07-28	0
23072	404	1996-12-03	0
23073	1261	1993-06-12	0
23074	1070	1998-08-31	0
23075	278	1994-07-22	0
23076	338	1994-08-11	0
23077	1342	1998-05-13	0
23078	170	1995-11-30	0
23079	931	1997-04-25	0
23104	313	1995-06-24	0
23105	682	1994-12-29	0
23106	1474	1994-01-04	0
23107	344	1995-08-26	0
23108	1042	1998-06-29	0
23109	640	1997-07-20	0
23110	364	1996-12-17	0
23111	94	1992-07-11	0
23136	1172	1994-12-10	0
23137	956	1993-01-26	0
23138	838	1997-10-06	0
23139	958	1995-07-24	0
23140	424	1992-04-24	0
23141	46	1997-10-23	0
23142	22	1996-08-10	0
23143	806	1996-12-21	0
23168	35	1993-11-30	0
23169	530	1995-09-07	0
23170	1075	1994-08-05	0
23171	550	1996-09-08	0
23172	652	1992-07-09	0
23173	1453	1998-08-27	0
23174	1490	1992-10-10	0
23175	430	1996-05-10	0
23200	331	1997-01-17	0
23201	214	1997-03-03	0
23202	202	1995-10-14	0
23203	703	1997-12-31	0
23204	1420	1997-05-30	0
23205	1474	1994-08-08	0
23206	46	1997-03-12	0
23207	202	1994-01-06	0
23232	382	1993-07-01	0
23233	1460	1994-05-06	0
23234	842	1993-10-11	0
23235	208	1995-09-19	0
23236	1423	1998-07-09	0
23237	983	1996-03-27	0
23238	1345	1993-06-15	0
23239	1324	1997-05-28	0
23264	67	1994-02-21	0
23265	1336	1996-06-14	0
23266	443	1995-05-03	0
23267	82	1996-09-10	0
23268	601	1992-04-01	0
23269	1181	1998-05-02	0
23270	634	1995-05-28	0
23271	860	1994-01-18	0
23296	1312	1997-12-25	0
23297	761	1992-09-16	0
23298	214	1995-01-26	0
23299	1192	1992-10-27	0
23300	976	1996-04-22	0
23301	1037	1995-07-03	0
23302	283	1996-05-11	0
23303	761	1994-09-04	0
23328	658	1993-11-30	0
23329	1381	1994-03-12	0
23330	61	1994-02-26	0
23331	1118	1993-11-07	0
23332	1399	1993-06-17	0
23333	1225	1994-10-20	0
23334	1444	1992-03-24	0
23335	262	1994-05-12	0
23360	842	1994-07-26	0
23361	245	1993-09-17	0
23362	1441	1993-11-11	0
23363	905	1992-08-13	0
23364	1342	1998-05-21	0
23365	493	1998-05-27	0
23366	280	1994-02-03	0
23367	986	1995-09-14	0
23392	1049	1994-10-31	0
23393	487	1992-11-06	0
23394	596	1993-07-14	0
23395	1247	1993-01-11	0
23396	278	1993-09-02	0
23397	617	1998-09-29	0
23398	722	1994-05-28	0
23399	1093	1994-03-15	0
23424	67	1993-06-29	0
23425	1336	1998-09-13	0
23426	496	1995-05-03	0
23427	491	1995-10-23	0
23428	883	1993-01-12	0
23429	1183	1994-06-03	0
23430	934	1997-03-18	0
23431	1078	1995-08-26	0
23456	1132	1997-09-06	0
23457	950	1997-08-14	0
23458	844	1994-04-03	0
23459	302	1993-10-30	0
23460	1141	1993-01-25	0
23461	1222	1998-06-19	0
23462	1316	1996-11-14	0
23463	463	1997-06-26	0
23488	416	1994-03-23	0
23489	1456	1992-11-12	0
23490	1456	1998-05-12	0
23491	943	1993-01-19	0
23492	1243	1997-11-25	0
23493	1001	1994-12-04	0
23494	1318	1997-11-09	0
23495	1333	1993-09-25	0
23520	754	1996-10-07	0
23521	1475	1998-05-31	0
23522	181	1995-06-26	0
23523	1096	1998-07-29	0
23524	1360	1994-07-13	0
23525	1009	1997-02-15	0
23526	395	1998-08-05	0
23527	1303	1997-10-02	0
23552	1018	1998-04-04	0
23553	685	1998-07-27	0
23554	544	1997-02-17	0
23555	1469	1993-02-25	0
23556	739	1995-03-26	0
23557	1144	1995-08-15	0
23558	103	1995-10-24	0
23559	1495	1993-10-02	0
23584	1135	1992-05-27	0
23585	136	1993-01-15	0
23586	772	1993-03-31	0
23587	1262	1992-07-25	0
23588	892	1997-01-11	0
23589	943	1998-06-29	0
23590	106	1996-03-23	0
23591	23	1997-06-27	0
23616	1381	1992-11-12	0
23617	346	1995-07-20	0
23618	88	1993-02-11	0
23619	1445	1993-03-07	0
23620	65	1998-10-05	0
23621	788	1997-03-14	0
23622	1037	1994-06-24	0
23623	1210	1997-03-23	0
23648	869	1992-12-09	0
23649	1142	1992-11-20	0
23650	962	1997-03-06	0
23651	1229	1998-01-30	0
23652	820	1994-11-14	0
23653	125	1996-12-28	0
23654	437	1996-12-20	0
23655	695	1996-12-01	0
23680	808	1994-01-21	0
23681	1444	1992-08-03	0
23682	901	1998-05-22	0
23683	466	1996-12-03	0
23684	970	1998-05-13	0
23685	1271	1992-09-13	0
23686	536	1997-02-14	0
23687	784	1997-01-29	0
23712	667	1993-11-09	0
23713	433	1993-02-12	0
23714	1445	1996-06-20	0
23715	715	1997-08-31	0
23716	946	1997-05-24	0
23717	754	1994-01-31	0
23718	415	1994-04-08	0
23719	73	1993-10-09	0
23744	463	1998-04-25	0
23745	1351	1993-02-19	0
23746	136	1994-03-01	0
23747	347	1998-07-26	0
23748	859	1992-10-25	0
23749	1345	1997-04-09	0
23750	1144	1992-11-01	0
23751	1039	1994-06-02	0
23776	1450	1992-10-23	0
23777	301	1993-02-10	0
23778	1067	1994-09-27	0
23779	601	1998-09-14	0
23780	1483	1997-06-18	0
23781	463	1996-01-15	0
23782	808	1993-03-27	0
23783	1465	1995-07-01	0
23808	1331	1994-04-24	0
23809	1223	1992-08-19	0
23810	1477	1993-07-09	0
23811	1451	1997-08-04	0
23812	1313	1992-10-11	0
23813	811	1997-09-01	0
23814	79	1998-06-19	0
23815	635	1997-04-16	0
23840	1063	1994-06-19	0
23841	232	1992-11-02	0
23842	1135	1993-12-02	0
23843	1466	1996-07-29	0
23844	656	1994-09-20	0
23845	1336	1997-08-19	0
23846	155	1997-11-03	0
23847	805	1993-01-24	0
23872	1399	1997-01-01	0
23873	418	1995-02-02	0
23874	386	1993-11-03	0
23875	1393	1996-02-15	0
23876	725	1992-12-14	0
23877	986	1994-09-26	0
23878	865	1997-02-04	0
23879	260	1998-10-05	0
23904	340	1997-01-25	0
23905	1198	1997-12-19	0
23906	1258	1993-12-05	0
23907	281	1995-09-28	0
23908	1336	1997-07-09	0
23909	493	1997-04-01	0
23910	722	1996-08-03	0
23911	319	1992-08-16	0
23936	1402	1995-03-03	0
23937	1004	1997-06-04	0
23938	1169	1997-02-19	0
23939	1471	1998-06-15	0
23940	1025	1995-06-23	0
23941	181	1996-09-08	0
23942	883	1993-02-26	0
23943	1360	1995-09-07	0
23968	533	1995-05-19	0
23969	455	1997-10-26	0
23970	277	1998-06-17	0
23971	925	1995-02-05	0
23972	1036	1993-10-31	0
23973	352	1996-09-27	0
23974	763	1992-10-08	0
23975	841	1997-06-07	0
24000	754	1995-09-22	0
24001	637	1997-08-08	0
24002	1292	1997-01-21	0
24003	487	1995-01-15	0
24004	856	1992-08-29	0
24005	602	1992-03-28	0
24006	1210	1996-12-26	0
24007	581	1993-11-10	0
24032	112	1997-11-06	0
24033	856	1995-03-19	0
24034	784	1997-03-16	0
24035	506	1995-06-08	0
24036	989	1995-09-03	0
24037	425	1996-12-15	0
24038	973	1995-09-04	0
24039	1189	1992-10-01	0
24064	35	1993-10-09	0
24065	799	1997-05-27	0
24066	397	1992-06-28	0
24067	745	1992-11-06	0
24068	647	1998-06-14	0
24069	28	1993-09-30	0
24070	1229	1995-05-30	0
24071	256	1992-06-16	0
24096	604	1995-05-15	0
24097	1258	1993-10-19	0
24098	670	1992-07-02	0
24099	1361	1995-08-04	0
24100	1351	1995-06-09	0
24101	1286	1992-06-28	0
24102	1270	1994-02-14	0
24103	868	1994-11-28	0
24128	845	1994-02-07	0
24129	482	1995-09-21	0
24130	358	1995-09-24	0
24131	641	1996-09-16	0
24132	550	1994-09-20	0
24133	1225	1996-09-22	0
24134	1184	1998-08-01	0
24135	946	1993-04-08	0
24160	787	1995-04-18	0
24161	130	1994-10-21	0
24162	1087	1994-11-06	0
24163	700	1998-06-06	0
24164	73	1998-08-14	0
24165	187	1995-02-27	0
24166	265	1992-10-23	0
24167	1036	1992-03-18	0
24192	575	1998-05-16	0
24193	235	1994-05-29	0
24194	365	1995-12-12	0
24195	1198	1996-12-03	0
24196	244	1993-10-14	0
24197	52	1993-04-20	0
24198	391	1995-04-25	0
24199	976	1994-08-31	0
24224	1474	1997-11-22	0
24225	1117	1996-07-05	0
24226	364	1997-04-04	0
24227	1420	1993-10-31	0
24228	1322	1994-10-01	0
24229	1058	1996-11-13	0
24230	1156	1996-12-23	0
24231	722	1994-10-22	0
24256	712	1997-06-08	0
24257	1247	1992-10-24	0
24258	1384	1996-07-06	0
24259	727	1996-08-08	0
24260	154	1993-12-18	0
24261	181	1992-12-02	0
24262	1411	1994-04-09	0
24263	1457	1992-11-30	0
24288	322	1993-05-15	0
24289	1315	1997-09-15	0
24290	1351	1992-04-03	0
24291	1160	1992-07-09	0
24292	488	1994-05-23	0
24293	104	1997-06-09	0
24294	925	1994-10-17	0
24295	466	1998-05-05	0
24320	382	1994-03-16	0
24321	68	1995-01-19	0
24322	1	1997-04-14	0
24323	257	1997-08-20	0
24324	209	1993-08-23	0
24325	1414	1996-10-16	0
24326	232	1995-12-14	0
24327	440	1996-04-23	0
24352	1468	1993-07-25	0
24353	1160	1996-08-07	0
24354	1201	1998-03-24	0
24355	1072	1997-09-19	0
24356	812	1993-07-26	0
24357	434	1996-04-14	0
24358	1085	1994-07-31	0
24359	1042	1998-05-25	0
24384	151	1995-06-10	0
24385	1279	1993-04-08	0
24386	860	1992-09-10	0
24387	995	1995-10-25	0
24388	286	1995-04-12	0
24389	406	1998-04-10	0
24390	709	1992-08-21	0
24391	82	1994-05-21	0
24416	4	1997-01-01	0
24417	752	1998-09-09	0
24418	1367	1992-11-06	0
24419	199	1998-10-04	0
24420	956	1992-07-31	0
24421	1192	1997-09-22	0
24422	233	1996-03-14	0
24423	1051	1998-04-06	0
24448	1367	1992-04-22	0
24449	520	1997-09-03	0
24450	320	1992-09-23	0
24451	25	1993-02-17	0
24452	1364	1994-07-22	0
24453	508	1992-08-04	0
24454	878	1994-06-27	0
24455	988	1995-02-20	0
24480	275	1994-05-19	0
24481	725	1996-02-15	0
24482	1124	1996-02-23	0
24483	677	1996-06-14	0
24484	958	1995-03-28	0
24485	232	1994-07-11	0
24486	727	1995-07-07	0
24487	832	1992-05-02	0
24512	346	1995-11-09	0
24513	1370	1998-03-31	0
24514	88	1996-01-23	0
24515	1483	1993-07-21	0
24516	535	1993-12-25	0
24517	280	1994-08-23	0
24518	1118	1997-12-08	0
24519	952	1995-08-26	0
24544	193	1994-04-12	0
24545	1171	1996-09-05	0
24546	331	1992-06-10	0
24547	820	1997-10-02	0
24548	1294	1995-05-29	0
24549	727	1997-06-06	0
24550	1136	1997-01-07	0
24551	1295	1997-03-23	0
24576	164	1993-02-25	0
24577	1139	1993-05-16	0
24578	544	1996-12-14	0
24579	877	1993-02-02	0
24580	1415	1992-09-07	0
24581	1144	1993-06-24	0
24582	913	1996-09-14	0
24583	1288	1995-10-24	0
24608	29	1992-10-29	0
24609	7	1994-10-24	0
24610	955	1993-04-04	0
24611	584	1998-08-29	0
24612	181	1994-08-28	0
24613	1048	1992-09-30	0
24614	724	1995-02-05	0
24615	1444	1993-10-27	0
24640	419	1995-04-15	0
24641	235	1996-05-28	0
24642	494	1997-01-02	0
24643	230	1992-07-14	0
24644	256	1994-10-12	0
24645	532	1995-02-03	0
24646	1142	1995-06-30	0
24647	1072	1994-08-19	0
24672	826	1992-06-01	0
24673	196	1997-09-04	0
24674	91	1996-07-29	0
24675	512	1994-08-11	0
24676	199	1994-06-15	0
24677	101	1992-05-20	0
24678	17	1997-10-10	0
24679	170	1995-07-22	0
24704	1208	1995-01-14	0
24705	536	1995-11-30	0
24706	58	1992-07-08	0
24707	1421	1992-05-25	0
24708	733	1993-02-18	0
24709	479	1995-04-01	0
24710	1001	1993-12-15	0
24711	769	1993-01-11	0
24736	149	1998-03-31	0
24737	218	1995-02-20	0
24738	1067	1994-01-27	0
24739	44	1996-08-08	0
24740	1432	1993-03-27	0
24741	1147	1997-01-25	0
24742	1330	1995-06-23	0
24743	89	1992-09-12	0
24768	1001	1998-07-23	0
24769	1276	1996-02-08	0
24770	1438	1992-06-08	0
24771	85	1996-06-23	0
24772	700	1996-09-11	0
24773	841	1998-07-08	0
24774	1231	1997-08-03	0
24775	607	1992-05-03	0
24800	1084	1998-06-29	0
24801	1138	1993-01-30	0
24802	256	1994-04-09	0
24803	1381	1997-05-11	0
24804	1498	1995-08-11	0
24805	590	1995-01-18	0
24806	625	1993-11-21	0
24807	1306	1996-06-16	0
24832	379	1997-06-02	0
24833	1376	1993-09-30	0
24834	391	1994-09-02	0
24835	464	1998-04-18	0
24836	386	1998-08-09	0
24837	469	1997-06-29	0
24838	599	1997-09-03	0
24839	767	1998-10-02	0
24864	400	1992-03-31	0
24865	497	1992-06-03	0
24866	737	1994-02-18	0
24867	856	1994-04-17	0
24868	241	1992-08-10	0
24869	319	1994-08-25	0
24870	862	1994-07-09	0
24871	236	1995-06-07	0
24896	490	1993-05-05	0
24897	110	1998-04-22	0
24898	1187	1997-04-05	0
24899	715	1995-11-04	0
24900	200	1996-10-19	0
24901	367	1996-11-14	0
24902	709	1993-08-10	0
24903	1258	1994-01-03	0
24928	1153	1996-06-29	0
24929	316	1996-12-15	0
24930	502	1998-07-02	0
24931	1189	1996-01-22	0
24932	932	1996-05-10	0
24933	269	1994-10-10	0
24934	635	1995-04-16	0
24935	1300	1998-10-07	0
24960	371	1995-04-13	0
24961	1175	1993-04-12	0
24962	199	1998-04-25	0
24963	1145	1996-03-08	0
24964	31	1995-03-15	0
24965	394	1995-06-13	0
24966	1481	1996-03-02	0
24967	298	1997-05-28	0
24992	866	1998-06-07	0
24993	532	1993-05-26	0
24994	1189	1998-09-08	0
24995	647	1998-02-10	0
24996	1031	1995-12-10	0
24997	938	1998-10-02	0
24998	653	1996-10-02	0
24999	559	1997-06-11	0
25024	631	1997-09-18	0
25025	1336	1996-12-08	0
25026	1342	1996-11-15	0
25027	73	1995-03-02	0
25028	436	1995-03-22	0
25029	1376	1998-01-29	0
25030	1024	1998-09-28	0
25031	1411	1994-11-07	0
25056	367	1993-12-06	0
25057	319	1998-07-15	0
25058	739	1995-07-21	0
25059	311	1998-01-30	0
25060	625	1994-10-04	0
25061	952	1996-03-03	0
25062	772	1994-01-14	0
25063	209	1994-09-13	0
25088	739	1998-09-03	0
25089	640	1998-10-13	0
25090	1097	1993-07-30	0
25091	806	1993-05-06	0
25092	976	1994-02-15	0
25093	694	1993-01-12	0
25094	1099	1994-07-07	0
25095	1231	1995-04-11	0
25120	346	1994-04-21	0
25121	85	1994-01-31	0
25122	17	1998-09-16	0
25123	1097	1992-12-06	0
25124	902	1998-02-15	0
25125	824	1997-11-13	0
25126	904	1993-03-09	0
25127	1051	1996-09-26	0
25152	880	1992-12-30	0
25153	1274	1998-03-07	0
25154	316	1993-11-04	0
25155	1315	1993-04-06	0
25156	197	1996-05-06	0
25157	1399	1993-08-09	0
25158	422	1996-11-09	0
25159	97	1996-06-10	0
25184	1222	1995-05-14	0
25185	943	1993-08-09	0
25186	811	1997-01-07	0
25187	1300	1997-05-01	0
25188	865	1995-03-20	0
25189	235	1994-01-27	0
25190	1435	1998-02-16	0
25191	778	1995-06-14	0
25216	34	1993-02-21	0
25217	634	1998-09-08	0
25218	871	1998-06-07	0
25219	35	1997-11-27	0
25220	652	1998-02-22	0
25221	814	1995-08-29	0
25222	109	1998-02-06	0
25223	886	1996-07-23	0
25248	458	1996-02-15	0
25249	1004	1993-01-21	0
25250	329	1995-10-03	0
25251	1043	1996-07-30	0
25252	1090	1992-10-06	0
25253	40	1995-10-14	0
25254	1267	1993-12-02	0
25255	490	1992-05-06	0
25280	4	1995-08-05	0
25281	58	1996-06-13	0
25282	439	1996-03-19	0
25283	370	1998-09-11	0
25284	304	1993-12-03	0
25285	1298	1995-12-02	0
25286	671	1996-10-12	0
25287	853	1994-03-02	0
25312	464	1996-06-05	0
25313	124	1992-11-05	0
25314	347	1992-05-10	0
25315	586	1994-02-16	0
25316	1385	1997-02-09	0
25317	154	1995-09-16	0
25318	238	1996-02-03	0
25319	955	1997-05-05	0
25344	343	1997-06-20	0
25345	1457	1996-07-15	0
25346	577	1997-11-07	0
25347	640	1994-08-27	0
25348	763	1992-07-24	0
25349	53	1996-04-18	0
25350	1184	1994-02-17	0
25351	1498	1992-03-31	0
25376	49	1995-06-10	0
25377	1136	1993-02-10	0
25378	1282	1996-03-03	0
25379	460	1997-01-22	0
25380	97	1994-12-26	0
25381	1042	1996-11-07	0
25382	1441	1998-09-05	0
25383	929	1998-02-10	0
25408	517	1996-03-23	0
25409	1223	1997-12-20	0
25410	70	1998-06-03	0
25411	1238	1997-05-27	0
25412	1163	1995-08-21	0
25413	733	1996-11-29	0
25414	1105	1996-07-02	0
25415	568	1998-01-28	0
25440	634	1994-04-23	0
25441	572	1995-03-26	0
25442	499	1992-03-21	0
25443	1066	1992-12-07	0
25444	250	1993-03-30	0
25445	214	1994-08-09	0
25446	596	1993-01-25	0
25447	181	1992-08-07	0
25472	1076	1994-08-05	0
25473	742	1992-12-29	0
25474	1277	1992-09-05	0
25475	421	1994-06-19	0
25476	409	1992-12-17	0
25477	1360	1993-12-05	0
25478	463	1992-07-09	0
25479	382	1995-07-13	0
25504	1324	1995-08-10	0
25505	1334	1997-03-17	0
25506	1412	1993-05-28	0
25507	1354	1994-10-20	0
25508	1480	1998-09-27	0
25509	1081	1994-08-06	0
25510	1210	1994-09-08	0
25511	217	1994-04-01	0
25536	242	1995-10-06	0
25537	1082	1993-07-04	0
25538	446	1996-09-22	0
25539	1366	1997-12-28	0
25540	613	1996-06-06	0
25541	187	1994-03-30	0
25542	25	1993-03-16	0
25543	628	1993-12-16	0
25568	1027	1997-01-14	0
25569	328	1992-09-23	0
25570	391	1992-05-02	0
25571	853	1992-11-02	0
25572	433	1995-04-08	0
25573	1315	1994-01-19	0
25574	1148	1994-05-27	0
25575	1192	1992-08-13	0
25600	652	1998-09-30	0
25601	722	1994-03-22	0
25602	823	1996-05-15	0
25603	103	1995-05-20	0
25604	760	1998-02-04	0
25605	512	1994-08-17	0
25606	650	1992-07-07	0
25607	877	1997-02-06	0
25632	1246	1996-11-16	0
25633	1093	1995-10-16	0
25634	70	1993-10-13	0
25635	1048	1992-08-13	0
25636	94	1998-09-21	0
25637	305	1992-05-11	0
25638	202	1994-10-21	0
25639	1258	1994-12-26	0
25664	566	1995-03-15	0
25665	19	1996-10-15	0
25666	589	1992-11-17	0
25667	532	1996-01-29	0
25668	118	1997-07-11	0
25669	1375	1995-04-02	0
25670	751	1998-02-25	0
25671	1294	1997-07-05	0
25696	86	1993-05-02	0
25697	464	1995-07-11	0
25698	271	1998-05-16	0
25699	464	1998-02-02	0
25700	1009	1997-07-12	0
25701	977	1996-04-23	0
25702	1492	1996-09-09	0
25703	488	1994-05-21	0
25728	31	1997-05-02	0
25729	790	1995-10-31	0
25730	491	1997-12-16	0
25731	1000	1994-06-09	0
25732	187	1996-05-01	0
25733	128	1992-07-27	0
25734	523	1997-09-08	0
25735	1231	1994-03-16	0
25760	1078	1996-10-01	0
25761	1253	1998-09-28	0
25762	1267	1997-04-29	0
25763	130	1997-09-22	0
25764	1120	1998-01-11	0
25765	1006	1994-06-27	0
25766	601	1998-03-08	0
25767	538	1992-05-18	0
25792	193	1997-01-08	0
25793	1078	1992-06-22	0
25794	854	1997-12-12	0
25795	856	1997-12-07	0
25796	241	1993-03-16	0
25797	1469	1992-11-16	0
25798	1067	1998-07-13	0
25799	305	1995-05-11	0
25824	1477	1994-11-19	0
25825	73	1992-10-03	0
25826	775	1997-01-07	0
25827	901	1998-09-30	0
25828	526	1994-02-07	0
25829	451	1997-08-05	0
25830	982	1993-07-21	0
25831	469	1994-11-29	0
25856	1136	1992-11-29	0
25857	1450	1996-06-02	0
25858	1316	1995-04-16	0
25859	202	1997-04-04	0
25860	940	1993-03-19	0
25861	884	1992-10-22	0
25862	185	1997-11-27	0
25863	1498	1995-07-07	0
25888	136	1997-01-03	0
25889	926	1993-08-23	0
25890	286	1998-02-14	0
25891	208	1997-04-19	0
25892	838	1996-02-29	0
25893	4	1997-11-30	0
25894	1021	1996-11-29	0
25895	784	1992-07-02	0
25920	1265	1998-01-25	0
25921	484	1997-08-27	0
25922	622	1995-10-23	0
25923	1483	1993-06-15	0
25924	1237	1997-11-11	0
25925	787	1997-10-11	0
25926	1144	1995-02-04	0
25927	712	1994-07-07	0
25952	1303	1993-11-19	0
25953	712	1994-12-12	0
25954	340	1995-04-12	0
25955	137	1995-07-19	0
25956	1202	1998-08-18	0
25957	715	1996-10-15	0
25958	155	1997-09-03	0
25959	310	1994-10-01	0
25984	107	1997-07-09	0
25985	469	1992-11-17	0
25986	206	1992-09-06	0
25987	286	1997-11-30	0
25988	883	1996-12-28	0
25989	311	1998-08-01	0
25990	1357	1994-05-22	0
25991	619	1998-06-30	0
26016	214	1994-12-22	0
26017	215	1998-08-19	0
26018	803	1997-09-23	0
26019	1319	1998-02-07	0
26020	1469	1996-04-22	0
26021	850	1992-11-29	0
26022	745	1997-12-30	0
26023	1261	1993-11-04	0
26048	251	1998-09-15	0
26049	937	1995-05-15	0
26050	187	1995-08-31	0
26051	178	1993-09-11	0
26052	277	1996-07-14	0
26053	853	1992-04-09	0
26054	841	1993-04-29	0
26055	610	1993-02-09	0
26080	601	1994-03-01	0
26081	1142	1994-01-30	0
26082	788	1996-04-17	0
26083	962	1996-07-25	0
26084	1489	1992-12-31	0
26085	326	1998-03-24	0
26086	377	1997-09-09	0
26087	905	1996-12-27	0
26112	1435	1998-06-01	0
26113	160	1998-09-28	0
26114	794	1997-11-22	0
26115	128	1997-01-20	0
26116	674	1993-01-13	0
26117	79	1997-08-20	0
26118	133	1998-01-30	0
26119	671	1995-02-01	0
26144	55	1996-01-10	0
26145	971	1995-09-18	0
26146	320	1994-12-26	0
26147	650	1995-07-06	0
26148	1000	1994-06-21	0
26149	316	1996-08-07	0
26150	799	1998-09-10	0
26151	1288	1992-04-28	0
26176	571	1996-02-03	0
26177	1003	1996-03-12	0
26178	1078	1997-10-14	0
26179	598	1997-06-18	0
26180	511	1995-02-19	0
26181	1456	1994-06-28	0
26182	28	1993-04-02	0
26183	1259	1996-05-06	0
26208	755	1996-06-04	0
26209	1015	1997-07-14	0
26210	1499	1993-05-12	0
26211	406	1996-04-18	0
26212	196	1996-06-20	0
26213	604	1997-04-02	0
26214	1138	1996-02-04	0
26215	619	1995-09-18	0
26240	61	1995-03-05	0
26241	13	1996-04-25	0
26242	532	1997-03-12	0
26243	16	1995-09-30	0
26244	422	1993-10-18	0
26245	1165	1995-04-04	0
26246	1297	1995-07-13	0
26247	764	1998-01-21	0
26272	727	1992-09-13	0
26273	206	1998-03-11	0
26274	247	1992-08-27	0
26275	1436	1994-03-07	0
26276	719	1993-11-27	0
26277	602	1995-09-11	0
26278	775	1994-06-02	0
26279	313	1994-10-14	0
26304	1124	1995-06-03	0
26305	1387	1994-02-16	0
26306	922	1993-01-14	0
26307	404	1996-08-27	0
26308	409	1996-02-15	0
26309	1367	1992-05-05	0
26310	920	1992-10-13	0
26311	445	1996-01-14	0
26336	523	1992-08-10	0
26337	109	1995-01-22	0
26338	436	1992-06-13	0
26339	757	1992-10-29	0
26340	524	1997-12-11	0
26341	1309	1993-10-12	0
26342	635	1995-01-02	0
26343	671	1998-06-10	0
26368	1262	1993-09-29	0
26369	1208	1993-02-26	0
26370	359	1995-10-23	0
26371	992	1998-10-05	0
26372	565	1994-09-26	0
26373	322	1993-10-06	0
26374	1276	1995-01-20	0
26375	1198	1996-07-29	0
26400	839	1998-06-18	0
26401	868	1993-12-28	0
26402	244	1994-12-07	0
26403	1360	1998-02-25	0
26404	1303	1997-03-18	0
26405	287	1993-08-28	0
26406	569	1995-06-27	0
26407	4	1992-09-03	0
26432	1144	1995-03-16	0
26433	1177	1996-08-21	0
26434	896	1996-02-12	0
26435	140	1994-12-23	0
26436	686	1994-07-18	0
26437	328	1996-02-12	0
26438	506	1996-03-19	0
26439	634	1995-11-30	0
26464	958	1996-02-25	0
26465	382	1997-04-29	0
26466	1420	1994-08-26	0
26467	1159	1997-04-28	0
26468	998	1997-05-30	0
26469	298	1992-10-14	0
26470	445	1994-06-05	0
26471	298	1997-05-31	0
26496	479	1996-08-24	0
26497	1484	1997-10-06	0
26498	1277	1996-12-16	0
26499	94	1993-05-08	0
26500	1048	1997-02-12	0
26501	536	1993-08-01	0
26502	1391	1993-03-13	0
26503	619	1995-07-06	0
26528	1217	1996-02-04	0
26529	1340	1995-04-14	0
26530	1288	1998-09-14	0
26531	553	1995-09-04	0
26532	1303	1995-02-21	0
26533	106	1993-07-02	0
26534	1282	1996-03-21	0
26535	304	1992-06-04	0
26560	761	1998-02-17	0
26561	968	1998-10-11	0
26562	1312	1998-07-21	0
26563	127	1997-04-18	0
26564	520	1994-07-15	0
26565	404	1995-01-05	0
26566	38	1996-01-29	0
26567	1384	1994-11-19	0
26592	634	1997-07-23	0
26593	1390	1995-09-18	0
26594	613	1995-07-08	0
26595	1462	1997-06-01	0
26596	134	1997-01-01	0
26597	1459	1995-03-30	0
26598	361	1997-12-07	0
26599	395	1997-07-27	0
26624	797	1997-05-07	0
26625	334	1995-12-30	0
26626	1468	1995-01-28	0
26627	313	1995-01-14	0
26628	1423	1997-04-03	0
26629	1273	1994-09-24	0
26630	382	1994-02-11	0
26631	737	1994-01-16	0
26656	1417	1992-08-23	0
26657	85	1992-12-14	0
26658	877	1996-03-07	0
26659	1279	1997-06-09	0
26660	976	1992-06-02	0
26661	1163	1993-03-05	0
26662	107	1994-05-08	0
26663	800	1996-06-30	0
26688	955	1993-11-02	0
26689	407	1994-12-14	0
26690	619	1994-05-14	0
26691	970	1992-10-18	0
26692	1304	1993-10-06	0
26693	854	1993-11-05	0
26694	643	1998-04-27	0
26695	1282	1993-08-21	0
26720	1249	1997-03-05	0
26721	826	1997-06-06	0
26722	4	1996-07-30	0
26723	568	1995-05-18	0
26724	1411	1994-04-23	0
26725	1475	1998-08-15	0
26726	359	1993-03-13	0
26727	944	1998-08-16	0
26752	1312	1996-09-27	0
26753	838	1992-12-29	0
26754	880	1998-04-22	0
26755	1240	1997-02-17	0
26756	739	1992-07-25	0
26757	442	1997-01-18	0
26758	767	1994-08-07	0
26759	41	1992-04-10	0
26784	1094	1993-10-07	0
26785	10	1996-09-08	0
26786	461	1993-06-22	0
26787	232	1995-12-04	0
26788	172	1993-04-18	0
26789	983	1994-06-11	0
26790	1121	1997-01-26	0
26791	347	1995-07-14	0
26816	466	1993-10-19	0
26817	770	1998-06-29	0
26818	1186	1992-03-24	0
26819	679	1996-03-27	0
26820	847	1994-10-04	0
26821	1073	1996-02-13	0
26822	998	1994-07-22	0
26823	155	1997-07-09	0
26848	623	1995-05-24	0
26849	844	1998-06-27	0
26850	311	1996-02-19	0
26851	181	1995-10-08	0
26852	4	1993-05-21	0
26853	263	1992-08-27	0
26854	433	1994-09-05	0
26855	352	1994-05-30	0
26880	1129	1996-03-22	0
26881	1123	1994-10-16	0
26882	853	1995-09-11	0
26883	1478	1992-03-31	0
26884	373	1993-05-19	0
26885	1288	1997-07-25	0
26886	1303	1995-09-05	0
26887	1057	1995-07-30	0
26912	887	1992-07-12	0
26913	1075	1994-12-14	0
26914	916	1997-01-17	0
26915	1474	1996-03-29	0
26916	349	1993-09-22	0
26917	140	1996-01-21	0
26918	560	1994-06-21	0
26919	1321	1993-02-24	0
26944	1480	1995-01-22	0
26945	334	1994-04-22	0
26946	1291	1997-10-23	0
26947	224	1993-08-19	0
26948	280	1996-02-06	0
26949	1172	1994-10-30	0
26950	526	1997-07-25	0
26951	616	1993-06-23	0
26976	457	1995-08-04	0
26977	316	1995-02-13	0
26978	976	1993-09-09	0
26979	52	1992-06-12	0
26980	1408	1992-07-05	0
26981	739	1992-11-14	0
26982	61	1992-07-13	0
26983	1240	1996-10-19	0
27008	1168	1998-05-22	0
27009	1486	1994-03-12	0
27010	1309	1997-04-07	0
27011	1099	1994-03-16	0
27012	1210	1993-07-14	0
27013	961	1994-09-19	0
27014	670	1997-10-25	0
27015	110	1992-03-16	0
27040	463	1997-08-13	0
27041	961	1998-09-13	0
27042	982	1994-12-07	0
27043	1345	1997-12-14	0
27044	1429	1997-05-28	0
27045	889	1992-05-16	0
27046	397	1998-01-08	0
27047	446	1994-02-06	0
27072	682	1993-09-20	0
27073	1039	1995-06-15	0
27074	823	1997-09-23	0
27075	1013	1998-08-18	0
27076	622	1992-06-02	0
27077	1033	1993-05-30	0
27078	1090	1992-10-27	0
27079	580	1994-05-28	0
27104	256	1993-11-05	0
27105	379	1995-05-03	0
27106	554	1996-02-15	0
27107	436	1993-09-13	0
27108	551	1996-07-01	0
27109	307	1992-04-24	0
27110	1069	1996-06-26	0
27111	1114	1994-05-26	0
27136	865	1998-07-10	0
27137	542	1992-03-16	0
27138	1049	1992-08-14	0
27139	902	1995-01-16	0
27140	743	1997-08-09	0
27141	1225	1993-04-21	0
27142	280	1992-08-02	0
27143	973	1997-11-25	0
27168	1139	1995-01-12	0
27169	476	1995-11-26	0
27170	428	1998-09-01	0
27171	673	1992-05-10	0
27172	880	1996-04-21	0
27173	1495	1995-01-29	0
27174	1408	1995-12-23	0
27175	148	1993-11-15	0
27200	10	1995-11-05	0
27201	1084	1992-10-09	0
27202	1252	1996-07-27	0
27203	1322	1996-04-04	0
27204	142	1996-08-12	0
27205	107	1993-08-05	0
27206	1355	1993-07-09	0
27207	16	1996-11-21	0
27232	334	1993-11-02	0
27233	271	1996-09-13	0
27234	181	1997-12-18	0
27235	1225	1993-01-26	0
27236	1063	1993-05-17	0
27237	418	1996-05-19	0
27238	301	1995-10-29	0
27239	1480	1998-04-25	0
27264	1246	1995-08-19	0
27265	1132	1992-07-21	0
27266	628	1995-11-23	0
27267	686	1996-11-29	0
27268	976	1995-02-12	0
27269	988	1997-09-12	0
27270	610	1993-05-24	0
27271	1202	1995-11-29	0
27296	682	1997-11-13	0
27297	1468	1997-09-04	0
27298	1106	1996-02-03	0
27299	1255	1992-10-20	0
27300	1273	1992-12-15	0
27301	994	1993-06-19	0
27302	697	1992-11-27	0
27303	706	1993-03-22	0
27328	1378	1995-08-19	0
27329	319	1993-03-09	0
27330	307	1994-12-01	0
27331	1391	1994-04-12	0
27332	109	1996-06-06	0
27333	1009	1994-02-07	0
27334	1097	1996-04-22	0
27335	1264	1994-01-21	0
27360	593	1996-08-27	0
27361	893	1995-04-08	0
27362	1300	1994-04-08	0
27363	1036	1996-01-02	0
27364	226	1995-08-04	0
27365	805	1997-10-26	0
27366	70	1997-10-16	0
27367	74	1997-05-22	0
27392	338	1992-05-17	0
27393	1423	1997-06-24	0
27394	1084	1998-05-20	0
27395	16	1997-12-09	0
27396	484	1994-02-22	0
27397	1190	1997-04-29	0
27398	181	1992-12-14	0
27399	937	1997-05-20	0
27424	986	1997-04-13	0
27425	578	1995-04-23	0
27426	212	1993-05-10	0
27427	1201	1993-12-21	0
27428	739	1996-06-30	0
27429	1312	1998-07-19	0
27430	629	1995-04-17	0
27431	832	1998-07-13	0
27456	514	1994-06-25	0
27457	697	1995-08-13	0
27458	637	1997-10-22	0
27459	1013	1997-06-19	0
27460	1162	1994-07-27	0
27461	1306	1993-05-13	0
27462	817	1998-06-22	0
27463	1030	1995-01-28	0
27488	1204	1998-05-11	0
27489	1012	1996-12-03	0
27490	1238	1992-05-29	0
27491	508	1994-06-24	0
27492	166	1998-05-30	0
27493	520	1997-05-14	0
27494	1492	1997-05-30	0
27495	412	1997-10-09	0
27520	115	1996-09-26	0
27521	1321	1994-03-15	0
27522	509	1998-03-07	0
27523	107	1997-05-03	0
27524	815	1993-04-18	0
27525	331	1992-08-31	0
27526	806	1995-12-15	0
27527	1435	1994-02-14	0
27552	1003	1992-11-24	0
27553	917	1995-10-27	0
27554	1246	1995-05-25	0
27555	1051	1994-11-16	0
27556	1243	1992-08-16	0
27557	190	1992-04-24	0
27558	886	1995-09-21	0
27559	505	1996-01-14	0
27584	749	1998-07-19	0
27585	1274	1997-10-31	0
27586	368	1998-03-05	0
27587	772	1997-01-06	0
27588	565	1998-10-15	0
27589	280	1995-11-30	0
27590	670	1994-09-27	0
27591	562	1998-04-02	0
27616	1316	1992-10-14	0
27617	224	1993-01-23	0
27618	193	1993-08-08	0
27619	890	1994-10-27	0
27620	950	1996-12-24	0
27621	605	1997-12-24	0
27622	631	1995-04-23	0
27623	1168	1996-04-21	0
27648	575	1994-11-13	0
27649	209	1996-04-21	0
27650	259	1992-09-26	0
27651	1028	1998-02-01	0
27652	100	1993-03-17	0
27653	1129	1995-08-16	0
27654	947	1993-12-09	0
27655	764	1998-04-12	0
27680	109	1993-04-12	0
27681	1084	1994-02-08	0
27682	377	1994-09-24	0
27683	67	1995-12-22	0
27684	37	1995-11-20	0
27685	1265	1997-11-15	0
27686	1321	1993-03-30	0
27687	326	1993-07-07	0
27712	1297	1993-05-19	0
27713	1213	1997-03-08	0
27714	400	1997-08-24	0
27715	1228	1995-12-04	0
27716	821	1996-07-13	0
27717	1183	1996-01-10	0
27718	154	1997-05-06	0
27719	380	1995-04-30	0
27744	745	1993-10-18	0
27745	41	1993-12-05	0
27746	805	1994-02-18	0
27747	938	1995-07-20	0
27748	22	1996-10-22	0
27749	1466	1998-08-09	0
27750	985	1993-01-03	0
27751	521	1998-06-09	0
27776	271	1993-07-19	0
27777	1246	1998-09-04	0
27778	418	1995-11-17	0
27779	1247	1993-10-05	0
27780	427	1993-01-04	0
27781	1180	1995-11-30	0
27782	571	1996-05-06	0
27783	463	1996-04-22	0
27808	100	1993-04-12	0
27809	265	1995-12-15	0
27810	29	1993-04-14	0
27811	1471	1995-05-19	0
27812	1246	1997-12-06	0
27813	1495	1994-03-29	0
27814	865	1998-01-09	0
27815	35	1996-06-26	0
27840	841	1994-09-17	0
27841	563	1992-12-01	0
27842	301	1998-08-11	0
27843	110	1993-11-20	0
27844	1123	1995-09-13	0
27845	1385	1995-09-27	0
27846	649	1996-08-02	0
27847	956	1998-09-24	0
27872	595	1995-12-28	0
27873	79	1996-07-23	0
27874	242	1997-11-20	0
27875	1211	1993-06-10	0
27876	184	1993-11-22	0
27877	838	1997-05-25	0
27878	364	1997-06-10	0
27879	1459	1993-05-13	0
27904	143	1995-11-18	0
27905	1027	1998-01-14	0
27906	241	1997-08-11	0
27907	1435	1998-02-05	0
27908	1355	1994-07-20	0
27909	382	1992-04-23	0
27910	358	1995-01-23	0
27911	1120	1997-02-23	0
27936	124	1995-09-21	0
27937	1093	1998-04-12	0
27938	413	1994-07-20	0
27939	1060	1992-06-25	0
27940	275	1998-02-21	0
27941	1402	1993-09-15	0
27942	401	1998-01-11	0
27943	542	1998-02-12	0
27968	632	1998-02-14	0
27969	382	1993-08-23	0
27970	472	1998-09-19	0
27971	614	1997-03-12	0
27972	1207	1996-10-08	0
27973	323	1993-05-18	0
27974	1372	1993-12-22	0
27975	1132	1995-04-29	0
28000	1087	1995-06-17	0
28001	374	1994-08-29	0
28002	409	1994-12-25	0
28003	715	1995-06-03	0
28004	470	1998-09-18	0
28005	625	1995-04-09	0
28006	544	1997-07-26	0
28007	560	1993-06-23	0
28032	526	1998-04-29	0
28033	43	1993-11-29	0
28034	1141	1996-01-02	0
28035	164	1995-07-23	0
28036	688	1994-01-25	0
28037	1153	1995-02-26	0
28038	1352	1996-08-19	0
28039	406	1992-12-12	0
28064	1372	1993-11-17	0
28065	839	1998-01-26	0
28066	772	1997-05-21	0
28067	1318	1994-03-15	0
28068	893	1993-11-10	0
28069	1051	1994-08-05	0
28070	68	1998-01-12	0
28071	659	1995-09-26	0
28096	1066	1998-06-28	0
28097	31	1994-07-28	0
28098	1391	1997-10-15	0
28099	740	1996-12-10	0
28100	1213	1996-01-23	0
28101	1222	1998-06-05	0
28102	65	1998-03-28	0
28103	637	1992-10-01	0
28128	1249	1996-10-04	0
28129	991	1992-04-11	0
28130	670	1994-10-14	0
28131	652	1992-08-27	0
28132	1213	1998-07-27	0
28133	788	1998-05-30	0
28134	604	1997-06-06	0
28135	893	1994-12-10	0
28160	1139	1997-11-03	0
28161	632	1994-08-30	0
28162	517	1993-12-18	0
28163	869	1994-10-25	0
28164	1483	1997-11-20	0
28165	1300	1992-09-23	0
28166	298	1993-07-12	0
28167	2	1997-08-07	0
28192	350	1997-12-27	0
28193	1211	1994-05-14	0
28194	730	1997-02-26	0
28195	1483	1995-03-06	0
28196	1436	1996-01-03	0
28197	1361	1992-04-03	0
28198	172	1992-04-24	0
28199	1271	1997-07-12	0
28224	58	1993-03-05	0
28225	1430	1994-04-08	0
28226	16	1998-10-07	0
28227	709	1997-01-24	0
28228	820	1992-09-25	0
28229	986	1996-10-11	0
28230	1153	1997-11-16	0
28231	1397	1993-01-16	0
28256	1216	1994-05-10	0
28257	778	1998-07-05	0
28258	797	1994-05-28	0
28259	1399	1995-01-19	0
28260	1228	1996-11-10	0
28261	880	1993-02-19	0
28262	821	1995-03-17	0
28263	226	1997-04-13	0
28288	8	1996-05-30	0
28289	1438	1993-03-31	0
28290	1193	1994-03-27	0
28291	1376	1994-05-19	0
28292	839	1993-05-12	0
28293	1403	1997-12-19	0
28294	701	1992-08-06	0
28295	1228	1998-02-18	0
28320	781	1993-03-25	0
28321	472	1993-10-16	0
28322	811	1996-02-27	0
28323	1348	1996-05-25	0
28324	407	1995-10-22	0
28325	1396	1996-09-28	0
28326	49	1998-09-20	0
28327	1333	1994-08-30	0
28352	550	1998-03-19	0
28353	239	1993-08-10	0
28354	697	1994-06-11	0
28355	793	1993-12-19	0
28356	841	1998-01-20	0
28357	1498	1993-08-05	0
28358	1174	1994-06-22	0
28359	551	1997-07-17	0
28384	209	1997-03-22	0
28385	520	1993-01-17	0
28386	88	1998-05-10	0
28387	448	1992-09-13	0
28388	751	1994-03-03	0
28389	532	1995-01-18	0
28390	1045	1992-04-23	0
28391	542	1998-03-16	0
28416	101	1997-01-20	0
28417	4	1998-04-10	0
28418	878	1992-07-28	0
28419	1030	1995-01-15	0
28420	967	1994-12-09	0
28421	1219	1998-05-08	0
28422	1222	1998-01-25	0
28423	611	1996-11-30	0
28448	694	1995-11-30	0
28449	722	1998-06-07	0
28450	1138	1998-07-05	0
28451	505	1994-03-22	0
28452	169	1997-05-29	0
28453	730	1993-03-14	0
28454	569	1992-10-21	0
28455	826	1993-08-14	0
28480	175	1994-05-30	0
28481	1393	1994-04-07	0
28482	1483	1993-05-23	0
28483	1439	1997-05-19	0
28484	28	1998-10-14	0
28485	79	1992-03-28	0
28486	1051	1994-11-10	0
28487	1237	1997-11-27	0
28512	1141	1993-07-12	0
28513	1171	1997-12-08	0
28514	1159	1998-08-13	0
28515	787	1993-09-14	0
28516	1007	1992-10-24	0
28517	1489	1996-09-20	0
28518	752	1995-09-06	0
28519	1006	1993-09-06	0
28544	304	1992-11-12	0
28545	770	1995-11-07	0
28546	1450	1992-12-09	0
28547	910	1997-03-05	0
28548	1219	1998-03-29	0
28549	208	1997-09-20	0
28550	238	1995-06-04	0
28551	295	1998-02-15	0
28576	394	1998-06-19	0
28577	587	1996-05-18	0
28578	916	1998-09-06	0
28579	1306	1997-12-24	0
28580	491	1993-11-01	0
28581	614	1996-02-21	0
28582	1202	1992-04-07	0
28583	1361	1995-01-27	0
28608	94	1995-05-01	0
28609	982	1997-07-03	0
28610	65	1997-01-28	0
28611	436	1993-03-13	0
28612	1403	1997-11-27	0
28613	745	1997-01-20	0
28614	1168	1995-01-03	0
28615	1331	1997-03-10	0
28640	574	1996-06-14	0
28641	1471	1995-12-27	0
28642	932	1995-04-04	0
28643	778	1993-07-12	0
28644	478	1997-08-24	0
28645	332	1993-12-29	0
28646	886	1997-08-25	0
28647	1351	1994-05-29	0
28672	1181	1996-02-22	0
28673	1091	1998-01-12	0
28674	76	1995-10-30	0
28675	1279	1994-12-23	0
28676	841	1998-08-09	0
28677	1183	1997-10-26	0
28678	962	1994-03-22	0
28679	856	1995-11-09	0
28704	841	1996-09-13	0
28705	1102	1998-03-10	0
28706	1042	1994-08-23	0
28707	1360	1997-04-06	0
28708	949	1997-05-03	0
28709	386	1997-08-28	0
28710	401	1992-06-28	0
28711	1351	1995-01-07	0
28736	616	1994-07-06	0
28737	796	1995-12-18	0
28738	218	1992-10-25	0
28739	1456	1996-11-24	0
28740	937	1992-12-19	0
28741	277	1995-05-15	0
28742	1417	1992-07-14	0
28743	1061	1996-07-26	0
28768	1492	1996-10-21	0
28769	40	1993-11-12	0
28770	421	1997-10-01	0
28771	1465	1992-07-21	0
28772	52	1994-04-23	0
28773	701	1995-04-27	0
28774	364	1994-03-18	0
28775	608	1994-12-24	0
28800	184	1998-04-28	0
28801	107	1993-12-08	0
28802	619	1994-01-19	0
28803	1364	1996-09-05	0
28804	994	1997-09-25	0
28805	85	1995-06-17	0
28806	697	1996-12-04	0
28807	560	1995-06-15	0
28832	893	1993-12-09	0
28833	668	1996-06-04	0
28834	709	1996-07-01	0
28835	152	1992-06-15	0
28836	175	1994-01-08	0
28837	1315	1993-07-31	0
28838	373	1998-09-21	0
28839	464	1994-07-13	0
28864	487	1993-01-13	0
28865	479	1998-06-23	0
28866	388	1997-08-29	0
28867	1499	1995-10-06	0
28868	172	1992-06-20	0
28869	1213	1998-07-21	0
28870	869	1996-01-25	0
28871	1291	1992-06-30	0
28896	1144	1998-09-28	0
28897	992	1994-11-08	0
28898	10	1995-08-12	0
28899	1043	1992-08-29	0
28900	577	1996-11-16	0
28901	391	1992-08-26	0
28902	388	1992-04-08	0
28903	964	1994-10-22	0
28928	631	1993-07-15	0
28929	506	1992-12-24	0
28930	1493	1998-02-22	0
28931	101	1995-09-10	0
28932	1114	1993-10-05	0
28933	920	1994-09-23	0
28934	650	1993-02-12	0
28935	829	1998-01-17	0
28960	946	1998-04-26	0
28961	415	1998-02-22	0
28962	1141	1997-10-24	0
28963	1453	1996-02-18	0
28964	1130	1998-02-09	0
28965	1402	1996-08-06	0
28966	736	1994-11-19	0
28967	446	1994-11-16	0
28992	799	1995-12-04	0
28993	803	1995-05-24	0
28994	263	1998-09-03	0
28995	938	1993-07-27	0
28996	100	1997-07-07	0
28997	884	1998-01-14	0
28998	1025	1992-05-13	0
28999	1327	1994-03-27	0
29024	1198	1992-06-20	0
29025	739	1994-08-29	0
29026	931	1995-11-09	0
29027	547	1994-10-01	0
29028	367	1995-04-22	0
29029	850	1997-10-08	0
29030	1153	1992-03-18	0
29031	214	1998-01-04	0
29056	719	1995-02-26	0
29057	1244	1997-08-21	0
29058	1300	1993-03-20	0
29059	799	1998-01-25	0
29060	610	1997-07-13	0
29061	1396	1997-03-29	0
29062	1447	1995-02-04	0
29063	1270	1993-08-03	0
29088	220	1997-11-10	0
29089	458	1997-05-19	0
29090	1024	1992-04-01	0
29091	409	1997-01-28	0
29092	1214	1994-10-24	0
29093	136	1997-02-05	0
29094	1171	1997-09-23	0
29095	1258	1995-05-23	0
29120	1036	1993-07-27	0
29121	236	1993-06-26	0
29122	616	1998-07-28	0
29123	1492	1997-06-08	0
29124	1127	1995-01-13	0
29125	274	1997-10-06	0
29126	1393	1995-09-20	0
29127	1132	1994-06-15	0
29152	691	1995-10-07	0
29153	1201	1996-07-26	0
29154	442	1996-12-09	0
29155	1078	1994-12-02	0
29156	1327	1993-05-11	0
29157	358	1997-04-22	0
29158	667	1996-01-04	0
29159	1069	1997-07-15	0
29184	628	1992-09-13	0
29185	994	1993-04-06	0
29186	565	1998-06-25	0
29187	1150	1994-10-15	0
29188	71	1992-07-10	0
29189	1247	1993-09-07	0
29190	1261	1997-03-26	0
29191	1232	1992-09-12	0
29216	1324	1993-03-15	0
29217	911	1997-11-22	0
29218	769	1992-08-13	0
29219	1405	1994-06-25	0
29220	1216	1993-03-15	0
29221	206	1992-08-13	0
29222	97	1998-05-06	0
29223	1099	1992-04-05	0
29248	1177	1998-05-30	0
29249	140	1995-08-28	0
29250	551	1992-08-01	0
29251	1297	1998-08-29	0
29252	766	1994-10-21	0
29253	830	1997-06-27	0
29254	113	1997-12-03	0
29255	667	1996-02-17	0
29280	1399	1992-06-12	0
29281	661	1998-06-16	0
29282	1345	1993-02-12	0
29283	830	1998-04-08	0
29284	235	1994-06-25	0
29285	1178	1998-02-27	0
29286	112	1994-10-12	0
29287	499	1994-09-16	0
29312	433	1995-02-22	0
29313	632	1998-09-02	0
29314	767	1996-04-30	0
29315	1474	1998-09-21	0
29316	1366	1997-07-17	0
29317	1441	1995-12-17	0
29318	377	1995-09-14	0
29319	527	1994-04-10	0
29344	1301	1998-05-17	0
29345	335	1997-04-15	0
29346	1193	1994-10-31	0
29347	946	1992-10-27	0
29348	829	1998-08-14	0
29349	1319	1993-08-25	0
29350	1334	1994-11-09	0
29351	1018	1995-12-18	0
29376	1103	1992-10-26	0
29377	512	1998-06-12	0
29378	664	1996-08-23	0
29379	709	1996-11-08	0
29380	577	1994-07-12	0
29381	706	1996-11-06	0
29382	1441	1994-02-01	0
29383	313	1996-02-02	0
29408	2	1993-07-17	0
29409	85	1995-03-30	0
29410	1406	1994-12-02	0
29411	625	1992-06-21	0
29412	944	1992-04-02	0
29413	859	1994-05-01	0
29414	1384	1997-12-06	0
29415	899	1994-10-26	0
29440	1280	1993-06-24	0
29441	1192	1992-11-18	0
29442	626	1998-04-24	0
29443	310	1993-04-30	0
29444	128	1996-09-03	0
29445	1304	1993-12-14	0
29446	835	1996-07-13	0
29447	244	1997-07-27	0
29472	994	1993-06-19	0
29473	1469	1992-05-01	0
29474	475	1994-05-28	0
29475	1220	1993-05-09	0
29476	385	1997-12-06	0
29477	1061	1998-04-03	0
29478	325	1993-06-24	0
29479	83	1997-12-15	0
29504	853	1993-12-08	0
29505	28	1993-03-13	0
29506	1186	1995-08-29	0
29507	265	1992-04-25	0
29508	79	1994-09-19	0
29509	1447	1996-06-19	0
29510	592	1995-06-30	0
29511	242	1995-06-21	0
29536	494	1992-11-22	0
29537	793	1992-12-04	0
29538	505	1995-03-16	0
29539	484	1995-07-08	0
29540	1444	1997-10-04	0
29541	784	1994-10-17	0
29542	1487	1998-05-30	0
29543	826	1997-04-27	0
29568	1216	1998-02-20	0
29569	1468	1995-09-17	0
29570	224	1994-10-18	0
29571	1369	1996-07-17	0
29572	1010	1993-08-18	0
29573	256	1992-04-01	0
29574	4	1996-09-25	0
29575	844	1992-08-06	0
29600	530	1996-03-22	0
29601	248	1998-07-30	0
29602	230	1998-02-25	0
29603	359	1998-10-11	0
29604	668	1993-04-11	0
29605	248	1993-03-22	0
29606	785	1998-07-14	0
29607	496	1992-05-28	0
29632	149	1993-10-31	0
29633	827	1994-09-06	0
29634	106	1995-02-17	0
29635	14	1997-12-22	0
29636	943	1993-03-15	0
29637	371	1994-08-09	0
29638	1007	1996-01-08	0
29639	1247	1995-07-02	0
29664	1321	1997-06-07	0
29665	466	1996-06-18	0
29666	1114	1996-03-15	0
29667	208	1994-10-08	0
29668	1300	1997-03-06	0
29669	76	1996-05-23	0
29670	1304	1994-05-21	0
29671	485	1993-06-06	0
29696	1348	1996-09-15	0
29697	490	1997-05-17	0
29698	175	1996-09-10	0
29699	838	1996-05-09	0
29700	1118	1993-06-21	0
29701	226	1997-09-14	0
29702	986	1994-07-08	0
29703	1202	1996-09-15	0
29728	1448	1998-08-22	0
29729	124	1996-03-24	0
29730	1051	1993-08-31	0
29731	37	1996-02-05	0
29732	121	1993-02-26	0
29733	1285	1996-11-26	0
29734	1156	1996-12-08	0
29735	571	1996-12-20	0
29760	94	1996-05-12	0
29761	427	1992-09-17	0
29762	610	1993-10-18	0
29763	1162	1996-10-02	0
29764	538	1992-10-06	0
29765	835	1992-09-17	0
29766	700	1994-06-05	0
29767	214	1995-04-22	0
29792	670	1993-05-06	0
29793	721	1997-10-28	0
29794	1025	1994-03-25	0
29795	1432	1996-02-09	0
29796	1169	1998-08-10	0
29797	274	1993-09-10	0
29798	1301	1996-04-16	0
29799	517	1994-04-17	0
29824	1384	1995-03-15	0
29825	1466	1994-09-22	0
29826	358	1994-12-09	0
29827	901	1995-09-28	0
29828	886	1995-10-31	0
29829	706	1997-04-26	0
29830	775	1995-03-29	0
29831	1189	1992-06-13	0
29856	769	1992-08-23	0
29857	295	1995-02-26	0
29858	1271	1994-04-16	0
29859	82	1997-10-18	0
29860	98	1994-11-28	0
29861	205	1992-07-10	0
29862	511	1995-09-03	0
29863	965	1996-12-10	0
29888	1300	1992-04-01	0
29889	1207	1995-02-18	0
29890	413	1993-05-20	0
29891	472	1996-08-02	0
29892	1310	1993-02-07	0
29893	1049	1992-08-31	0
29894	251	1993-11-22	0
29895	340	1994-01-04	0
29920	1411	1996-04-26	0
29921	1459	1992-06-07	0
29922	719	1996-06-04	0
29923	965	1994-11-28	0
29924	374	1997-10-13	0
29925	1063	1998-04-25	0
29926	1291	1992-06-06	0
29927	923	1993-01-22	0
29952	893	1996-11-13	0
29953	814	1995-04-24	0
29954	220	1996-03-23	0
29955	511	1996-06-01	0
29956	2	1994-10-29	0
29957	889	1993-05-28	0
29958	1027	1995-03-23	0
29959	782	1996-05-14	0
29984	316	1994-05-20	0
29985	836	1992-09-25	0
29986	970	1995-09-17	0
29987	412	1997-08-31	0
29988	478	1994-08-27	0
29989	430	1994-10-08	0
29990	256	1994-01-26	0
29991	937	1992-12-20	0
30016	683	1994-03-20	0
30017	1351	1998-03-13	0
30018	661	1997-03-29	0
30019	1349	1998-01-10	0
30020	41	1997-10-12	0
30021	1252	1993-05-27	0
30022	271	1996-07-22	0
30023	278	1993-12-30	0
30048	62	1995-08-28	0
30049	403	1996-03-17	0
30050	499	1993-09-03	0
30051	235	1992-06-04	0
30052	565	1998-05-22	0
30053	1136	1994-04-18	0
30054	140	1992-11-16	0
30055	1199	1993-07-01	0
30080	899	1997-10-10	0
30081	1360	1996-03-02	0
30082	268	1997-02-26	0
30083	263	1994-03-25	0
30084	1310	1998-01-03	0
30085	1132	1996-10-03	0
30086	1067	1996-09-14	0
30087	283	1993-12-04	0
30112	955	1993-05-09	0
30113	115	1992-04-16	0
30114	1277	1993-10-31	0
30115	670	1998-03-12	0
30116	628	1998-06-19	0
30117	698	1993-08-27	0
30118	1156	1993-05-29	0
30119	391	1998-08-25	0
30144	769	1995-10-21	0
30145	418	1998-09-05	0
30146	1219	1998-06-24	0
30147	901	1992-09-01	0
30148	1028	1997-08-21	0
30149	385	1994-02-26	0
30150	1183	1993-12-19	0
30151	1426	1995-04-15	0
30176	1003	1994-07-04	0
30177	278	1993-01-08	0
30178	167	1993-02-06	0
30179	1477	1998-01-14	0
30180	334	1997-03-22	0
30181	1373	1996-09-28	0
30182	802	1995-03-25	0
30183	476	1997-08-24	0
30208	298	1992-09-30	0
30209	1061	1995-01-14	0
30210	767	1998-05-15	0
30211	1000	1993-08-22	0
30212	938	1998-01-24	0
30213	787	1993-06-30	0
30214	71	1994-12-19	0
30215	157	1994-05-13	0
30240	1352	1998-05-31	0
30241	211	1997-11-07	0
30242	8	1998-07-05	0
30243	409	1993-07-20	0
30244	730	1996-10-06	0
30245	766	1998-03-02	0
30246	1229	1997-01-04	0
30247	370	1998-07-16	0
30272	1030	1996-09-12	0
30273	376	1997-04-06	0
30274	674	1997-12-17	0
30275	646	1997-12-24	0
30276	998	1995-11-10	0
30277	1348	1998-03-26	0
30278	1340	1994-12-15	0
30279	1031	1996-02-21	0
30304	526	1995-08-29	0
30305	1412	1992-07-01	0
30306	10	1995-08-29	0
30307	1024	1992-07-16	0
30308	779	1993-06-05	0
30309	551	1996-12-05	0
30310	1342	1992-07-11	0
30311	1285	1992-10-21	0
30336	773	1993-04-15	0
30337	259	1997-07-27	0
30338	1081	1998-03-06	0
30339	995	1993-07-11	0
30340	686	1995-01-25	0
30341	142	1994-04-17	0
30342	1253	1998-04-27	0
30343	455	1992-08-05	0
30368	769	1998-02-15	0
30369	1141	1995-06-08	0
30370	259	1993-05-15	0
30371	431	1997-03-22	0
30372	418	1993-11-14	0
30373	193	1996-12-28	0
30374	1100	1993-06-05	0
30375	79	1992-07-18	0
30400	775	1997-05-03	0
30401	925	1993-01-02	0
30402	554	1994-09-02	0
30403	1216	1992-09-24	0
30404	1384	1994-05-13	0
30405	634	1992-07-13	0
30406	832	1994-08-31	0
30407	889	1994-07-02	0
30432	293	1994-05-13	0
30433	643	1993-08-24	0
30434	871	1997-01-14	0
30435	253	1998-08-07	0
30436	1357	1992-09-21	0
30437	218	1996-10-30	0
30438	1327	1997-08-19	0
30439	697	1995-06-26	0
30464	62	1997-11-06	0
30465	1184	1994-06-21	0
30466	500	1996-04-14	0
30467	982	1994-10-30	0
30468	185	1993-06-11	0
30469	874	1993-03-11	0
30470	808	1994-03-12	0
30471	935	1998-07-28	0
30496	550	1998-09-10	0
30497	947	1995-04-23	0
30498	613	1998-07-14	0
30499	1237	1993-01-14	0
30500	1478	1998-06-17	0
30501	70	1997-07-02	0
30502	247	1995-07-30	0
30503	1127	1994-06-18	0
30528	955	1993-10-01	0
30529	134	1994-10-19	0
30530	628	1996-10-15	0
30531	833	1997-02-10	0
30532	1018	1996-02-10	0
30533	277	1994-12-17	0
30534	55	1995-04-26	0
30535	280	1996-04-26	0
30560	826	1996-11-14	0
30561	296	1994-04-25	0
30562	1211	1993-01-16	0
30563	1417	1996-06-02	0
30564	202	1994-05-13	0
30565	1081	1995-10-10	0
30566	223	1995-09-15	0
30567	839	1994-03-31	0
30592	538	1996-11-28	0
30593	710	1995-10-09	0
30594	962	1998-01-09	0
30595	211	1996-11-30	0
30596	1426	1998-06-16	0
30597	712	1992-10-20	0
30598	394	1993-12-30	0
30599	517	1992-04-26	0
30624	304	1998-10-10	0
30625	17	1993-04-25	0
30626	662	1995-07-10	0
30627	781	1992-07-23	0
30628	652	1993-03-13	0
30629	962	1992-04-07	0
30630	256	1998-10-12	0
30631	205	1993-09-01	0
30656	656	1995-06-18	0
30657	1021	1995-07-25	0
30658	430	1995-06-10	0
30659	109	1995-11-28	0
30660	610	1992-11-20	0
30661	860	1994-06-17	0
30662	235	1996-04-02	0
30663	55	1998-06-29	0
30688	1166	1996-12-06	0
30689	652	1997-01-05	0
30690	877	1993-05-11	0
30691	1229	1996-09-06	0
30692	868	1996-12-07	0
30693	1468	1997-04-21	0
30694	122	1992-05-02	0
30695	1202	1998-05-06	0
30720	1033	1992-12-12	0
30721	370	1996-03-27	0
30722	694	1993-08-19	0
30723	649	1996-07-13	0
30724	1345	1996-05-13	0
30725	401	1995-03-14	0
30726	878	1995-02-09	0
30727	1063	1992-10-09	0
30752	1309	1998-01-23	0
30753	1273	1997-12-09	0
30754	490	1994-02-09	0
30755	979	1998-04-29	0
30756	764	1997-12-04	0
30757	656	1994-03-12	0
30758	487	1998-09-20	0
30759	448	1994-07-23	0
30784	490	1992-07-22	0
30785	872	1994-09-17	0
30786	682	1992-09-30	0
30787	1042	1995-12-12	0
30788	977	1993-01-05	0
30789	316	1994-09-10	0
30790	827	1993-02-24	0
30791	880	1997-12-28	0
30816	1075	1997-02-09	0
30817	1285	1996-11-13	0
30818	56	1997-10-05	0
30819	916	1992-07-21	0
30820	652	1995-06-24	0
30821	418	1994-03-26	0
30822	1390	1997-02-13	0
30823	920	1997-05-16	0
30848	262	1995-07-16	0
30849	568	1996-05-25	0
30850	193	1992-08-09	0
30851	364	1993-12-06	0
30852	664	1994-07-29	0
30853	1105	1995-10-11	0
30854	421	1997-05-14	0
30855	1093	1997-01-28	0
30880	937	1998-01-19	0
30881	919	1993-08-26	0
30882	10	1996-12-25	0
30883	1097	1993-11-05	0
30884	727	1993-12-11	0
30885	760	1993-09-05	0
30886	1229	1992-07-27	0
30887	415	1993-09-21	0
30912	1019	1994-02-08	0
30913	730	1992-12-07	0
30914	1442	1997-08-04	0
30915	1418	1994-04-02	0
30916	1228	1994-10-02	0
30917	70	1994-01-16	0
30918	101	1996-01-31	0
30919	590	1992-12-10	0
30944	236	1995-09-06	0
30945	211	1994-11-02	0
30946	200	1994-07-03	0
30947	1465	1993-09-28	0
30948	730	1996-12-25	0
30949	1075	1992-04-15	0
30950	433	1996-02-26	0
30951	955	1996-09-19	0
30976	52	1993-01-08	0
30977	115	1996-09-02	0
30978	1162	1996-09-13	0
30979	1028	1994-05-18	0
30980	244	1995-11-10	0
30981	938	1995-05-02	0
30982	1249	1997-04-23	0
30983	1147	1998-06-06	0
31008	253	1998-03-20	0
31009	259	1997-08-12	0
31010	116	1997-04-04	0
31011	659	1995-01-28	0
31012	320	1997-09-23	0
31013	916	1996-12-25	0
31014	613	1998-03-30	0
31015	224	1993-04-09	0
31040	985	1993-11-29	0
31041	1480	1998-02-06	0
31042	1402	1993-02-03	0
31043	694	1994-09-29	0
31044	649	1993-03-27	0
31045	772	1996-05-04	0
31046	656	1995-04-24	0
31047	1276	1997-08-05	0
31072	724	1994-02-13	0
31073	235	1993-10-09	0
31074	652	1997-07-06	0
31075	571	1995-11-10	0
31076	265	1992-10-03	0
31077	199	1994-01-07	0
31078	1244	1994-04-27	0
31079	230	1995-11-19	0
31104	1496	1997-05-07	0
31105	419	1996-08-30	0
31106	649	1992-05-02	0
31107	583	1993-10-16	0
31108	1069	1994-10-16	0
31109	1112	1996-01-12	0
31110	434	1997-02-22	0
31111	830	1994-11-08	0
31136	682	1996-06-27	0
31137	1402	1997-04-09	0
31138	49	1994-04-07	0
31139	454	1994-03-04	0
31140	1183	1995-04-18	0
31141	235	1992-09-25	0
31142	574	1997-04-09	0
31143	349	1997-02-20	0
31168	1009	1992-04-29	0
31169	1445	1995-08-24	0
31170	635	1992-04-12	0
31171	557	1994-06-23	0
31172	398	1997-12-31	0
31173	907	1992-11-02	0
31174	1438	1994-06-10	0
31175	583	1994-12-11	0
31200	1424	1996-11-21	0
31201	1117	1998-01-15	0
31202	715	1993-04-08	0
31203	74	1998-01-01	0
31204	1249	1993-11-05	0
31205	130	1996-10-13	0
31206	232	1993-04-21	0
31207	1147	1994-09-04	0
31232	1282	1992-11-13	0
31233	197	1995-12-09	0
31234	1417	1995-02-27	0
31235	1181	1996-10-09	0
31236	1444	1996-09-15	0
31237	268	1995-10-13	0
31238	275	1993-11-06	0
31239	736	1993-11-12	0
31264	638	1997-09-21	0
31265	1441	1997-01-11	0
31266	49	1992-12-18	0
31267	712	1997-03-28	0
31268	571	1995-09-26	0
31269	742	1992-05-26	0
31270	880	1993-02-07	0
31271	955	1995-07-05	0
31296	919	1994-02-14	0
31297	872	1992-11-02	0
31298	511	1997-01-14	0
31299	1015	1997-03-22	0
31300	146	1997-06-17	0
31301	35	1994-01-02	0
31302	1267	1992-10-16	0
31303	880	1995-06-04	0
31328	1135	1998-07-04	0
31329	100	1998-09-01	0
31330	919	1993-08-16	0
31331	1396	1998-09-05	0
31332	1241	1998-08-16	0
31333	1357	1994-12-30	0
31334	76	1997-01-18	0
31335	233	1996-03-27	0
31360	1088	1998-02-14	0
31361	994	1997-10-17	0
31362	181	1995-12-28	0
31363	1420	1994-07-02	0
31364	1379	1994-07-16	0
31365	1081	1995-08-11	0
31366	188	1993-11-15	0
31367	1241	1996-12-21	0
31392	1402	1993-07-21	0
31393	485	1992-07-26	0
31394	1187	1997-06-08	0
31395	1213	1992-10-15	0
31396	1012	1996-03-20	0
31397	530	1997-04-03	0
31398	679	1998-04-20	0
31399	1339	1996-01-20	0
31424	772	1996-11-23	0
31425	1039	1996-12-25	0
31426	1154	1994-10-20	0
31427	742	1994-08-10	0
31428	709	1997-05-26	0
31429	1459	1996-01-13	0
31430	1000	1992-07-29	0
31431	991	1996-07-23	0
31456	862	1993-01-30	0
31457	143	1996-03-16	0
31458	1090	1998-06-27	0
31459	1406	1998-02-23	0
31460	611	1992-11-10	0
31461	194	1995-09-11	0
31462	256	1993-09-24	0
31463	616	1997-01-16	0
31488	223	1996-01-27	0
31489	1298	1993-02-21	0
31490	1363	1996-07-05	0
31491	556	1998-08-01	0
31492	11	1993-12-30	0
31493	1265	1995-01-01	0
31494	1438	1998-06-29	0
31495	1207	1993-10-19	0
31520	146	1996-02-12	0
31521	1480	1992-08-09	0
31522	1481	1993-08-09	0
31523	625	1992-05-23	0
31524	748	1995-09-10	0
31525	239	1992-04-22	0
31526	1207	1995-12-30	0
31527	139	1994-09-20	0
31552	1184	1993-01-26	0
31553	1219	1994-03-27	0
31554	1172	1996-05-14	0
31555	679	1992-03-20	0
31556	514	1995-10-11	0
31557	1394	1997-07-30	0
31558	940	1995-10-07	0
31559	863	1998-01-20	0
31584	908	1997-02-15	0
31585	587	1996-08-18	0
31586	746	1992-06-05	0
31587	803	1998-04-24	0
31588	1348	1993-12-30	0
31589	1387	1996-11-27	0
31590	190	1993-08-20	0
31591	686	1998-02-23	0
31616	986	1993-11-12	0
31617	437	1995-08-10	0
31618	487	1995-09-25	0
31619	487	1994-12-02	0
31620	253	1995-10-26	0
31621	550	1997-10-12	0
31622	757	1992-05-11	0
31623	281	1997-09-03	0
31648	1400	1995-11-04	0
31649	331	1998-05-15	0
31650	1246	1993-10-26	0
31651	575	1997-11-17	0
31652	1255	1994-12-17	0
31653	1	1993-08-19	0
31654	1090	1996-11-29	0
31655	874	1993-05-28	0
31680	190	1998-05-31	0
31681	1078	1993-01-22	0
31682	295	1993-05-24	0
31683	1489	1997-07-05	0
31684	1024	1992-12-01	0
31685	1409	1994-09-06	0
31686	103	1996-08-29	0
31687	79	1995-08-03	0
31712	857	1997-06-14	0
31713	434	1998-04-24	0
31714	769	1997-11-04	0
31715	1234	1994-03-26	0
31716	74	1997-01-16	0
31717	983	1998-01-21	0
31718	1471	1994-02-11	0
31719	52	1997-05-27	0
31744	386	1992-11-24	0
31745	466	1993-12-30	0
31746	1133	1997-07-25	0
31747	121	1995-04-19	0
31748	937	1996-11-04	0
31749	710	1995-08-21	0
31750	392	1997-03-29	0
31751	1403	1995-08-10	0
31776	575	1997-07-08	0
31777	730	1996-01-03	0
31778	428	1998-02-21	0
31779	391	1993-12-23	0
31780	1348	1993-04-15	0
31781	1394	1994-04-02	0
31782	899	1993-01-03	0
31783	257	1996-06-27	0
31808	226	1993-12-07	0
31809	854	1993-10-12	0
31810	275	1994-08-05	0
31811	1379	1998-06-22	0
31812	1237	1995-10-15	0
31813	163	1997-07-25	0
31814	38	1997-10-15	0
31815	58	1996-10-15	0
31840	803	1993-07-03	0
31841	919	1996-08-22	0
31842	25	1993-09-30	0
31843	1034	1995-08-13	0
31844	395	1995-09-16	0
31845	152	1993-01-06	0
31846	694	1995-10-28	0
31847	641	1995-03-04	0
31872	488	1993-11-21	0
31873	871	1995-01-23	0
31874	1349	1992-11-30	0
31875	61	1992-09-25	0
31876	970	1995-07-22	0
31877	883	1994-09-13	0
31878	59	1996-03-03	0
31879	712	1993-10-18	0
31904	752	1997-06-21	0
31905	389	1998-07-15	0
31906	241	1997-09-24	0
31907	961	1993-08-02	0
31908	185	1998-03-27	0
31909	1196	1993-08-14	0
31910	244	1995-01-13	0
31911	398	1993-11-25	0
31936	850	1996-03-02	0
31937	383	1998-05-14	0
31938	70	1995-10-11	0
31939	281	1995-09-09	0
31940	1483	1992-09-28	0
31941	596	1994-06-02	0
31942	1481	1997-01-31	0
31943	710	1995-05-28	0
31968	371	1998-08-12	0
31969	1145	1998-08-09	0
31970	199	1993-03-06	0
31971	1354	1998-08-09	0
31972	1438	1998-10-03	0
31973	469	1995-07-27	0
31974	22	1998-06-16	0
31975	1006	1993-03-31	0
32000	488	1992-11-28	0
32001	1496	1996-01-12	0
32002	164	1993-10-04	0
32003	1349	1996-06-15	0
32004	1414	1996-09-14	0
32005	1039	1997-08-15	0
32006	1294	1997-02-20	0
32007	607	1995-04-22	0
32032	493	1992-07-09	0
32033	610	1996-06-21	0
32034	259	1995-08-04	0
32035	1106	1997-05-29	0
32036	61	1995-12-20	0
32037	478	1994-05-03	0
32038	256	1994-09-01	0
32039	1474	1998-03-30	0
32064	700	1994-03-09	0
32065	500	1996-02-16	0
32066	751	1998-09-24	0
32067	890	1992-05-27	0
32068	115	1992-08-27	0
32069	1265	1996-02-03	0
32070	97	1994-10-01	0
32071	1346	1997-11-15	0
32096	1112	1994-10-17	0
32097	34	1997-07-04	0
32098	191	1993-09-27	0
32099	1043	1993-07-20	0
32100	1072	1992-08-07	0
32101	964	1995-03-12	0
32102	1213	1993-02-28	0
32103	1174	1993-09-25	0
32128	349	1995-04-07	0
32129	214	1995-09-16	0
32130	1076	1993-12-18	0
32131	413	1994-03-13	0
32132	755	1996-06-04	0
32133	539	1997-09-07	0
32134	572	1996-04-22	0
32135	679	1994-02-09	0
32160	1450	1996-05-17	0
32161	250	1996-12-02	0
32162	187	1998-01-21	0
32163	175	1993-06-30	0
32164	274	1993-04-19	0
32165	1132	1992-12-29	0
32166	1456	1994-08-07	0
32167	941	1997-02-10	0
32192	334	1992-05-04	0
32193	256	1994-01-04	0
32194	1117	1997-11-12	0
32195	712	1995-02-09	0
32196	616	1997-03-31	0
32197	653	1996-05-07	0
32198	553	1996-01-24	0
32199	1168	1994-09-29	0
32224	991	1996-08-11	0
32225	968	1997-11-03	0
32226	17	1997-03-06	0
32227	242	1996-03-20	0
32228	1465	1994-01-19	0
32229	556	1993-11-14	0
32230	193	1992-11-03	0
32231	1168	1993-01-16	0
32256	200	1998-08-16	0
32257	1180	1997-12-17	0
32258	28	1997-04-14	0
32259	724	1996-03-31	0
32260	1225	1997-05-07	0
32261	355	1993-04-16	0
32262	794	1998-07-28	0
32263	490	1996-11-24	0
32288	1108	1996-05-16	0
32289	256	1998-05-16	0
32290	160	1997-06-20	0
32291	892	1995-01-20	0
32292	571	1992-05-01	0
32293	625	1996-01-29	0
32294	835	1996-05-04	0
32295	544	1994-03-24	0
32320	1205	1997-05-16	0
32321	706	1997-02-28	0
32322	1064	1997-10-21	0
32323	1417	1993-10-07	0
32324	190	1997-02-02	0
32325	1202	1993-01-16	0
32326	226	1994-01-15	0
32327	307	1992-10-22	0
32352	1235	1997-11-22	0
32353	331	1998-08-12	0
32354	652	1996-05-27	0
32355	652	1994-08-04	0
32356	400	1992-12-25	0
32357	694	1996-04-21	0
32358	1478	1994-08-24	0
32359	241	1997-02-18	0
32384	235	1998-07-08	0
32385	1390	1996-10-29	0
32386	412	1992-07-03	0
32387	815	1998-03-01	0
32388	572	1996-06-02	0
32389	652	1994-01-15	0
32390	1282	1996-11-24	0
32391	1478	1993-08-10	0
32416	328	1998-03-10	0
32417	1459	1993-06-27	0
32418	1465	1994-03-17	0
32419	1442	1997-06-30	0
32420	706	1994-10-13	0
32421	247	1996-03-03	0
32422	1001	1996-03-01	0
32423	437	1998-03-10	0
32448	403	1998-08-31	0
32449	397	1993-02-23	0
32450	1258	1996-03-04	0
32451	40	1994-06-08	0
32452	1120	1995-10-02	0
32453	427	1997-09-08	0
32454	1259	1995-06-15	0
32455	341	1993-12-08	0
32480	100	1997-05-24	0
32481	59	1995-12-14	0
32482	473	1997-01-26	0
32483	1216	1994-10-18	0
32484	1048	1995-04-21	0
32485	1123	1993-09-13	0
32486	1049	1995-01-15	0
32487	1195	1996-06-09	0
32512	796	1997-10-29	0
32513	829	1992-04-18	0
32514	1444	1992-12-10	0
32515	796	1996-11-09	0
32516	932	1994-01-08	0
32517	1294	1992-08-13	0
32518	74	1997-03-12	0
32519	448	1993-12-23	0
32544	896	1996-05-14	0
32545	742	1996-01-12	0
32546	55	1995-06-02	0
32547	853	1997-05-09	0
32548	208	1997-05-10	0
32549	265	1996-06-30	0
32550	662	1992-10-08	0
32551	859	1996-07-27	0
32576	539	1996-12-16	0
32577	491	1993-11-08	0
32578	724	1995-04-22	0
32579	977	1996-01-14	0
32580	151	1995-11-30	0
32581	359	1997-03-25	0
32582	380	1994-09-09	0
32583	253	1996-04-29	0
32608	1444	1992-08-06	0
32609	767	1996-07-31	0
32610	1396	1992-11-03	0
32611	968	1994-11-11	0
32612	1169	1993-03-17	0
32613	967	1996-03-01	0
32614	520	1996-10-29	0
32615	1348	1992-03-30	0
32640	1459	1992-11-30	0
32641	400	1993-06-05	0
32642	1237	1992-06-13	0
32643	890	1997-09-03	0
32644	49	1997-07-05	0
32645	82	1997-08-07	0
32646	872	1997-07-26	0
32647	1160	1996-02-02	0
32672	568	1994-08-24	0
32673	1018	1996-11-26	0
32674	364	1997-12-20	0
32675	1375	1995-01-18	0
32676	872	1994-04-18	0
32677	652	1996-05-19	0
32678	1060	1996-03-01	0
32679	520	1998-03-15	0
32704	161	1998-04-24	0
32705	1189	1994-06-09	0
32706	1072	1994-09-18	0
32707	292	1994-06-26	0
32708	23	1996-03-11	0
32709	1244	1996-04-20	0
32710	707	1995-01-31	0
32711	1427	1996-04-19	0
32736	1144	1998-04-28	0
32737	476	1995-01-12	0
32738	1102	1998-05-30	0
32739	292	1996-12-21	0
32740	1279	1992-12-23	0
32741	1024	1994-05-02	0
32742	409	1998-07-31	0
32743	385	1993-07-22	0
32768	1265	1997-10-19	0
32769	1000	1997-04-07	0
32770	1186	1996-04-12	0
32771	29	1997-03-28	0
32772	803	1997-12-30	0
32773	1078	1998-08-16	0
32774	259	1993-08-30	0
32775	712	1997-03-16	0
32800	220	1994-04-07	0
32801	1082	1997-07-14	0
32802	1243	1998-07-03	0
32803	34	1996-03-01	0
32804	598	1992-11-24	0
32805	901	1992-07-18	0
32806	148	1995-09-05	0
32807	226	1994-04-12	0
32832	763	1998-03-15	0
32833	904	1997-11-10	0
32834	559	1993-11-11	0
32835	487	1992-09-21	0
32836	655	1996-10-21	0
32837	433	1994-07-28	0
32838	955	1995-07-26	0
32839	419	1997-02-22	0
32864	1096	1997-12-23	0
32865	268	1994-11-17	0
32866	307	1998-05-05	0
32867	811	1998-03-26	0
32868	325	1994-04-03	0
32869	496	1994-06-11	0
32870	1061	1997-05-12	0
32871	910	1993-01-10	0
32896	1294	1997-06-19	0
32897	32	1996-04-18	0
32898	859	1994-11-07	0
32899	523	1994-07-02	0
32900	1217	1997-08-28	0
32901	1214	1995-03-27	0
32902	1453	1992-05-18	0
32903	925	1992-10-10	0
32928	428	1995-07-24	0
32929	1363	1995-07-17	0
32930	1256	1996-07-09	0
32931	257	1993-05-02	0
32932	281	1993-03-26	0
32933	1483	1996-10-12	0
32934	1276	1998-05-07	0
32935	1108	1994-03-31	0
32960	500	1994-04-24	0
32961	247	1993-06-01	0
32962	206	1995-06-23	0
32963	850	1997-06-20	0
32964	824	1996-10-28	0
32965	223	1995-05-11	0
32966	1006	1992-04-11	0
32967	709	1998-05-30	0
32992	1295	1996-08-16	0
32993	1144	1992-06-18	0
32994	806	1992-12-01	0
32995	464	1998-05-03	0
32996	1021	1994-03-03	0
32997	1429	1997-12-13	0
32998	1132	1993-12-14	0
32999	268	1994-06-29	0
33024	1096	1992-07-21	0
33025	1144	1994-04-10	0
33026	859	1996-01-22	0
33027	1486	1997-07-06	0
33028	1309	1996-12-06	0
33029	1333	1992-08-15	0
33030	496	1997-02-22	0
33031	611	1992-11-08	0
33056	835	1998-09-04	0
33057	1229	1998-10-06	0
33058	595	1992-12-20	0
33059	1172	1993-05-11	0
33060	730	1993-05-06	0
33061	358	1995-09-29	0
33062	448	1996-04-03	0
33063	97	1997-11-18	0
33088	776	1995-03-09	0
33089	1225	1993-08-14	0
33090	800	1994-10-20	0
33091	283	1995-04-11	0
33092	1414	1997-06-12	0
33093	1426	1997-07-31	0
33094	169	1992-11-12	0
33095	10	1994-05-02	0
33120	1369	1994-04-10	0
33121	478	1998-04-27	0
33122	542	1993-09-03	0
33123	1261	1994-02-08	0
33124	514	1995-12-05	0
33125	1438	1997-05-12	0
33126	334	1996-01-27	0
33127	1450	1993-11-17	0
33152	962	1994-02-05	0
33153	776	1997-08-18	0
33154	100	1993-10-18	0
33155	394	1996-12-28	0
33156	698	1993-01-31	0
33157	655	1996-09-23	0
33158	748	1998-04-29	0
33159	820	1992-07-12	0
33184	800	1992-04-29	0
33185	101	1996-12-27	0
33186	131	1992-11-12	0
33187	1208	1995-01-09	0
33188	949	1995-11-05	0
33189	1492	1995-02-04	0
33190	217	1997-12-29	0
33191	200	1997-05-05	0
33216	863	1996-08-31	0
33217	833	1994-05-27	0
33218	859	1993-03-23	0
33219	997	1996-02-24	0
33220	107	1994-06-30	0
33221	1381	1997-10-17	0
33222	772	1992-09-03	0
33223	14	1996-11-05	0
33248	214	1997-04-29	0
33249	631	1992-12-07	0
33250	1114	1994-09-09	0
33251	1051	1994-08-23	0
33252	1006	1992-06-09	0
33253	82	1996-02-14	0
33254	1085	1996-01-18	0
33255	595	1993-09-08	0
33280	1085	1998-06-07	0
33281	1211	1993-01-08	0
33282	499	1998-08-29	0
33283	1204	1993-06-04	0
33284	1441	1992-06-15	0
33285	736	1992-04-04	0
33286	968	1998-02-14	0
33287	1444	1995-07-07	0
33312	190	1996-09-07	0
33313	565	1997-03-23	0
33314	157	1997-07-06	0
33315	1486	1997-10-23	0
33316	1085	1998-06-12	0
33317	1201	1994-07-26	0
33318	142	1997-07-10	0
33319	889	1994-06-11	0
33344	982	1994-04-26	0
33345	698	1996-07-13	0
33346	1250	1995-10-18	0
33347	298	1992-11-10	0
33348	977	1995-01-22	0
33349	52	1997-04-01	0
33350	1187	1994-10-05	0
33351	782	1997-07-09	0
33376	673	1996-12-13	0
33377	464	1995-10-15	0
33378	886	1992-07-12	0
33379	362	1998-03-06	0
33380	103	1997-01-23	0
33381	634	1998-10-04	0
33382	1486	1997-07-21	0
33383	1405	1997-02-18	0
33408	190	1997-02-24	0
33409	103	1992-06-25	0
33410	1288	1992-04-01	0
33411	572	1998-03-26	0
33412	835	1997-03-11	0
33413	1484	1996-09-06	0
33414	1282	1992-04-26	0
33415	1409	1993-04-22	0
33440	601	1998-07-09	0
33441	980	1997-05-16	0
33442	499	1996-09-23	0
33443	7	1992-07-18	0
33444	1234	1992-12-21	0
33445	1207	1992-10-17	0
33446	1138	1993-10-06	0
33447	875	1998-01-20	0
33472	649	1996-06-21	0
33473	1205	1995-03-21	0
33474	418	1994-11-08	0
33475	913	1996-07-13	0
33476	1177	1995-03-18	0
33477	1336	1993-01-03	0
33478	1450	1993-08-29	0
33479	136	1992-12-03	0
33504	1384	1998-08-31	0
33505	644	1993-12-10	0
33506	1429	1998-02-04	0
33507	154	1992-04-29	0
33508	1426	1996-02-22	0
33509	815	1993-01-13	0
33510	1004	1996-02-16	0
33511	580	1998-05-13	0
33536	1229	1996-08-05	0
33537	1157	1993-10-28	0
33538	916	1996-10-25	0
33539	217	1996-05-17	0
33540	791	1995-08-21	0
33541	1202	1992-09-03	0
33542	103	1996-02-29	0
33543	1066	1998-06-01	0
33568	842	1992-10-05	0
33569	457	1994-11-12	0
33570	1285	1993-03-02	0
33571	886	1995-12-26	0
33572	103	1992-09-15	0
33573	328	1993-12-19	0
33574	1388	1996-11-06	0
33575	757	1993-08-27	0
33600	886	1993-12-21	0
33601	202	1996-03-03	0
33602	1135	1998-08-22	0
33603	40	1992-04-22	0
33604	241	1995-11-02	0
33605	409	1992-06-18	0
33606	653	1992-05-16	0
33607	1303	1996-06-05	0
33632	1360	1993-05-28	0
33633	383	1996-11-15	0
33634	535	1993-11-15	0
33635	1388	1994-09-26	0
33636	1466	1998-05-10	0
33637	307	1993-02-08	0
33638	179	1994-04-25	0
33639	364	1996-01-17	0
33664	1102	1992-12-22	0
33665	226	1995-08-09	0
33666	730	1992-09-30	0
33667	403	1997-10-28	0
33668	1135	1997-07-09	0
33669	829	1997-02-05	0
33670	1213	1992-07-12	0
33671	586	1996-08-23	0
33696	250	1994-07-22	0
33697	31	1998-09-01	0
33698	28	1995-07-30	0
33699	53	1994-10-10	0
33700	935	1995-06-22	0
33701	7	1994-12-16	0
33702	329	1992-11-17	0
33703	856	1993-04-23	0
33728	517	1996-11-14	0
33729	592	1992-12-04	0
33730	1186	1997-11-15	0
33731	1394	1992-12-23	0
33732	38	1994-11-12	0
33733	1213	1993-11-01	0
33734	565	1996-01-01	0
33735	1339	1996-09-22	0
33760	767	1992-10-13	0
33761	719	1992-10-19	0
33762	295	1996-03-30	0
33763	190	1993-12-08	0
33764	1279	1995-04-27	0
33765	1292	1997-07-24	0
33766	436	1998-09-13	0
33767	878	1994-06-25	0
33792	770	1997-06-17	0
33793	1457	1992-09-11	0
33794	1069	1995-05-09	0
33795	1111	1996-11-23	0
33796	1450	1997-11-12	0
33797	940	1994-03-28	0
33798	437	1997-01-30	0
33799	904	1997-05-04	0
33824	914	1995-05-17	0
33825	437	1998-06-28	0
33826	223	1994-03-05	0
33827	88	1994-03-19	0
33828	817	1996-10-20	0
33829	91	1998-01-31	0
33830	1150	1995-07-24	0
33831	1300	1998-08-28	0
33856	98	1996-08-08	0
33857	1481	1993-07-14	0
33858	541	1995-07-29	0
33859	842	1996-04-01	0
33860	682	1996-03-15	0
33861	1190	1996-06-01	0
33862	199	1993-09-06	0
33863	1036	1993-05-22	0
33888	587	1994-11-04	0
33889	1484	1994-01-21	0
33890	1283	1996-11-11	0
33891	91	1993-06-23	0
33892	575	1995-08-06	0
33893	905	1992-12-05	0
33894	854	1993-08-29	0
33895	1078	1996-05-26	0
33920	1040	1994-09-13	0
33921	409	1993-06-14	0
33922	211	1993-05-14	0
33923	145	1994-03-24	0
33924	974	1993-01-02	0
33925	1015	1995-07-18	0
33926	1418	1996-11-04	0
33927	52	1997-06-09	0
33952	1219	1996-05-17	0
33953	746	1992-09-04	0
33954	1424	1998-04-21	0
33955	1144	1996-06-23	0
33956	253	1992-04-04	0
33957	38	1998-08-28	0
33958	982	1995-04-19	0
33959	706	1994-10-15	0
33984	880	1997-08-19	0
33985	292	1993-09-15	0
33986	815	1994-04-28	0
33987	961	1996-01-09	0
33988	959	1994-03-27	0
33989	664	1993-04-29	0
33990	19	1993-03-27	0
33991	1078	1998-10-11	0
34016	56	1997-02-24	0
34017	781	1994-06-07	0
34018	1132	1997-12-05	0
34019	1	1998-06-12	0
34020	1249	1993-04-10	0
34021	1465	1996-10-10	0
34022	17	1993-01-18	0
34023	1246	1993-10-28	0
34048	1114	1995-06-12	0
34049	268	1995-04-12	0
34050	793	1993-06-29	0
34051	263	1996-05-13	0
34052	764	1996-09-11	0
34053	245	1997-12-08	0
34054	1093	1997-07-31	0
34055	1417	1995-02-26	0
34080	619	1996-09-30	0
34081	329	1994-07-18	0
34082	421	1996-01-12	0
34083	886	1992-04-21	0
34084	511	1997-05-25	0
34085	440	1993-08-25	0
34086	226	1992-07-14	0
34087	658	1994-10-08	0
34112	1456	1995-11-16	0
34113	80	1998-05-15	0
34114	103	1994-07-25	0
34115	1219	1994-08-04	0
34116	352	1993-07-08	0
34117	1259	1992-04-23	0
34118	343	1997-10-07	0
34119	937	1998-01-02	0
34144	481	1994-08-16	0
34145	530	1992-03-19	0
34146	514	1998-09-20	0
34147	743	1997-01-19	0
34148	1195	1992-11-05	0
34149	73	1997-11-27	0
34150	841	1993-04-29	0
34151	427	1995-11-24	0
34176	1342	1994-05-30	0
34177	818	1994-10-30	0
34178	295	1996-01-23	0
34179	1343	1996-01-17	0
34180	1393	1995-11-18	0
34181	1178	1998-02-15	0
34182	65	1993-01-01	0
34183	1444	1994-07-27	0
34208	1498	1994-10-24	0
34209	1285	1993-11-08	0
34210	1126	1997-08-17	0
34211	965	1992-04-29	0
34212	1070	1996-06-21	0
34213	211	1997-07-31	0
34214	784	1998-07-12	0
34215	358	1995-07-29	0
34240	1385	1997-12-01	0
34241	995	1992-12-23	0
34242	703	1998-09-05	0
34243	493	1995-04-28	0
34244	1021	1993-12-14	0
34245	1162	1993-04-24	0
34246	619	1993-12-22	0
34247	674	1994-06-08	0
34272	1376	1997-05-30	0
34273	224	1996-10-23	0
34274	1087	1993-04-26	0
34275	955	1994-09-15	0
34276	568	1992-05-21	0
34277	1292	1997-11-04	0
34278	712	1997-05-05	0
34279	694	1992-06-12	0
34304	1216	1994-05-23	0
34305	830	1993-05-06	0
34306	494	1997-04-11	0
34307	1282	1993-06-02	0
34308	124	1994-03-09	0
34309	245	1992-11-21	0
34310	1334	1996-06-12	0
34311	10	1994-11-20	0
34336	967	1997-09-26	0
34337	1366	1993-07-29	0
34338	691	1993-09-14	0
34339	202	1992-07-28	0
34340	746	1997-07-01	0
34341	787	1997-02-03	0
34342	1081	1998-04-25	0
34343	1354	1998-06-24	0
34368	1228	1995-03-24	0
34369	649	1998-01-01	0
34370	1121	1998-01-28	0
34371	1346	1993-06-16	0
34372	1394	1992-12-31	0
34373	571	1993-02-22	0
34374	889	1994-09-14	0
34375	851	1994-03-21	0
34400	397	1993-03-10	0
34401	1288	1996-05-08	0
34402	1084	1993-07-17	0
34403	604	1996-10-16	0
34404	554	1993-05-10	0
34405	823	1992-05-16	0
34406	667	1992-12-13	0
34407	869	1993-10-15	0
34432	425	1994-06-22	0
34433	502	1995-04-05	0
34434	301	1995-07-24	0
34435	782	1994-10-20	0
34436	956	1998-04-22	0
34437	769	1995-05-04	0
34438	1102	1994-02-25	0
34439	1045	1994-12-25	0
34464	917	1997-08-23	0
34465	844	1997-03-29	0
34466	550	1998-04-06	0
34467	67	1995-01-08	0
34468	188	1996-12-26	0
34469	937	1998-01-05	0
34470	247	1992-04-17	0
34471	154	1996-11-22	0
34496	326	1993-07-28	0
34497	646	1994-05-25	0
34498	1276	1994-05-02	0
34499	1219	1993-10-02	0
34500	1333	1998-06-17	0
34501	431	1994-03-01	0
34502	635	1997-12-25	0
34503	1412	1997-03-08	0
34528	1349	1998-01-16	0
34529	50	1998-04-05	0
34530	1321	1993-11-14	0
34531	1295	1998-04-10	0
34532	1468	1993-02-25	0
34533	691	1996-07-01	0
34534	698	1998-03-08	0
34535	817	1993-10-21	0
34560	208	1993-01-18	0
34561	1049	1994-09-12	0
34562	149	1993-11-08	0
34563	665	1992-05-19	0
34564	986	1998-01-25	0
34565	1339	1994-09-27	0
34566	379	1996-01-25	0
34567	700	1994-07-11	0
34592	253	1995-05-14	0
34593	1129	1997-01-19	0
34594	1265	1993-02-07	0
34595	1490	1992-10-03	0
34596	91	1995-11-15	0
34597	1303	1994-03-02	0
34598	472	1997-08-19	0
34599	1099	1993-05-18	0
34624	634	1992-12-06	0
34625	1105	1997-08-03	0
34626	400	1992-12-30	0
34627	772	1992-12-18	0
34628	766	1993-07-02	0
34629	853	1997-10-28	0
34630	1379	1996-02-13	0
34631	1315	1995-01-07	0
34656	749	1995-09-07	0
34657	430	1993-07-20	0
34658	1201	1994-02-02	0
34659	44	1993-02-03	0
34660	877	1995-11-18	0
34661	130	1993-04-06	0
34662	760	1992-03-26	0
34663	34	1995-09-20	0
34688	1453	1992-09-26	0
34689	946	1995-02-07	0
34690	169	1993-09-16	0
34691	239	1994-03-31	0
34692	334	1993-07-24	0
34693	824	1997-04-28	0
34694	304	1995-07-13	0
34695	202	1997-07-17	0
34720	704	1997-04-24	0
34721	508	1994-01-16	0
34722	1090	1997-05-18	0
34723	517	1993-02-23	0
34724	1486	1995-03-13	0
34725	1471	1995-10-11	0
34726	887	1997-01-14	0
34727	277	1995-05-28	0
34752	1469	1995-09-23	0
34753	482	1993-04-04	0
34754	835	1992-08-19	0
34755	4	1997-05-10	0
34756	229	1998-06-07	0
34757	401	1992-08-12	0
34758	493	1995-07-17	0
34759	1255	1998-02-02	0
34784	1178	1994-04-20	0
34785	149	1993-04-11	0
34786	952	1996-09-24	0
34787	622	1993-05-15	0
34788	686	1995-01-24	0
34789	49	1997-01-07	0
34790	415	1998-02-26	0
34791	100	1995-07-22	0
34816	809	1994-01-20	0
34817	1037	1994-06-27	0
34818	295	1996-05-07	0
34819	1388	1998-02-13	0
34820	350	1993-08-16	0
34821	1246	1993-11-03	0
34822	1183	1992-09-24	0
34823	118	1993-12-24	0
34848	1342	1997-04-26	0
34849	391	1993-12-27	0
34850	388	1993-11-01	0
34851	580	1993-01-20	0
34852	1307	1992-11-20	0
34853	445	1995-12-14	0
34854	1093	1995-01-31	0
34855	788	1994-06-13	0
34880	133	1994-12-01	0
34881	1274	1995-04-24	0
34882	1483	1994-10-08	0
34883	286	1995-01-19	0
34884	529	1997-02-21	0
34885	253	1997-08-27	0
34886	925	1998-07-21	0
34887	1411	1998-04-01	0
34912	1472	1992-04-18	0
34913	1316	1996-02-06	0
34914	88	1997-11-22	0
34915	877	1994-11-12	0
34916	254	1993-10-24	0
34917	304	1995-12-31	0
34918	827	1995-01-07	0
34919	1150	1996-10-22	0
34944	338	1998-05-22	0
34945	745	1998-06-14	0
34946	487	1998-07-03	0
34947	883	1996-09-24	0
34948	916	1993-03-29	0
34949	1187	1994-02-23	0
34950	131	1996-11-21	0
34951	35	1996-08-06	0
34976	832	1993-02-08	0
34977	1199	1993-12-31	0
34978	235	1995-04-21	0
34979	1192	1993-12-13	0
34980	1015	1993-10-17	0
34981	1114	1996-06-21	0
34982	1376	1992-11-02	0
34983	1117	1997-07-04	0
35008	1489	1992-07-22	0
35009	1438	1998-06-09	0
35010	370	1998-02-25	0
35011	805	1993-02-24	0
35012	686	1992-08-23	0
35013	1343	1998-01-26	0
35014	835	1994-12-18	0
35015	442	1998-02-08	0
35040	488	1992-07-03	0
35041	1150	1994-06-30	0
35042	538	1994-02-16	0
35043	970	1993-10-03	0
35044	1447	1997-07-16	0
35045	698	1992-06-17	0
35046	214	1993-10-08	0
35047	1480	1993-08-24	0
35072	953	1996-03-08	0
35073	646	1997-11-03	0
35074	628	1996-11-26	0
35075	920	1993-04-02	0
35076	616	1998-05-28	0
35077	202	1995-12-22	0
35078	304	1996-10-24	0
35079	830	1993-10-29	0
35104	493	1992-07-07	0
35105	1117	1994-02-11	0
35106	1213	1995-09-23	0
35107	664	1994-11-30	0
35108	268	1994-08-09	0
35109	952	1998-04-24	0
35110	640	1996-01-02	0
35111	734	1993-08-20	0
35136	1121	1994-12-23	0
35137	188	1993-10-01	0
35138	973	1997-07-29	0
35139	1045	1993-04-04	0
35140	1333	1998-01-21	0
35141	1000	1993-11-26	0
35142	1234	1993-07-07	0
35143	1499	1995-12-20	0
35168	455	1998-09-28	0
35169	674	1996-08-15	0
35170	646	1994-08-25	0
35171	157	1997-03-16	0
35172	1210	1994-11-01	0
35173	334	1992-05-28	0
35174	988	1998-04-10	0
35175	1415	1998-01-29	0
35200	236	1994-04-22	0
35201	61	1993-08-19	0
35202	803	1997-09-18	0
35203	1277	1997-08-05	0
35204	524	1997-11-22	0
35205	896	1997-09-20	0
35206	818	1996-10-07	0
35207	1012	1996-07-19	0
35232	622	1996-09-20	0
35233	97	1993-12-27	0
35234	209	1997-08-09	0
35235	89	1997-12-18	0
35236	1285	1997-08-22	0
35237	520	1993-03-19	0
35238	926	1995-07-13	0
35239	302	1996-01-27	0
35264	910	1995-05-28	0
35265	1442	1994-02-13	0
35266	1048	1995-03-27	0
35267	1324	1997-08-08	0
35268	383	1998-03-31	0
35269	265	1994-08-31	0
35270	782	1995-01-24	0
35271	334	1993-10-10	0
35296	1358	1995-06-05	0
35297	844	1993-03-17	0
35298	1351	1993-01-02	0
35299	635	1992-10-25	0
35300	332	1993-05-17	0
35301	373	1993-03-07	0
35302	529	1993-08-22	0
35303	821	1998-05-10	0
35328	1418	1993-09-21	0
35329	628	1997-06-04	0
35330	1085	1994-06-25	0
35331	1138	1997-07-23	0
35332	833	1997-09-02	0
35333	793	1997-02-07	0
35334	341	1996-10-07	0
35335	349	1997-04-29	0
35360	241	1995-07-03	0
35361	388	1994-06-21	0
35362	350	1995-09-18	0
35363	695	1997-01-31	0
35364	137	1995-02-26	0
35365	1043	1997-09-07	0
35366	1264	1995-09-26	0
35367	892	1996-06-21	0
35392	1207	1992-05-09	0
35393	1282	1995-07-02	0
35394	565	1997-08-15	0
35395	775	1994-06-06	0
35396	568	1996-05-18	0
35397	796	1998-07-26	0
35398	1129	1997-02-19	0
35399	674	1995-04-07	0
35424	772	1996-03-19	0
35425	203	1993-06-12	0
35426	1201	1993-12-18	0
35427	304	1996-05-10	0
35428	1342	1992-08-22	0
35429	8	1997-01-11	0
35430	298	1993-06-09	0
35431	70	1995-02-02	0
35456	1474	1993-01-16	0
35457	1126	1995-02-21	0
35458	1229	1996-12-26	0
35459	770	1997-06-26	0
35460	334	1994-02-11	0
35461	779	1994-08-16	0
35462	1322	1998-08-24	0
35463	778	1996-08-26	0
35488	1171	1995-11-01	0
35489	649	1998-09-03	0
35490	673	1994-02-21	0
35491	976	1996-10-01	0
35492	1237	1992-04-26	0
35493	13	1994-06-16	0
35494	727	1995-05-01	0
35495	568	1997-09-19	0
35520	1411	1998-05-06	0
35521	1394	1996-06-02	0
35522	215	1994-01-09	0
35523	1319	1996-08-09	0
35524	1267	1997-09-25	0
35525	566	1996-01-25	0
35526	463	1996-10-12	0
35527	607	1993-07-12	0
35552	1322	1997-06-21	0
35553	427	1993-06-09	0
35554	1259	1992-12-09	0
35555	1199	1995-05-19	0
35556	688	1997-06-16	0
35557	358	1994-05-09	0
35558	997	1994-11-30	0
35559	334	1998-06-23	0
35584	53	1995-07-18	0
35585	755	1997-09-13	0
35586	187	1997-01-07	0
35587	1480	1996-01-25	0
35588	103	1993-08-28	0
35589	175	1994-03-13	0
35590	1258	1993-02-16	0
35591	886	1997-03-12	0
35616	1345	1993-03-23	0
35617	130	1995-04-17	0
35618	1036	1996-05-17	0
35619	1193	1996-07-25	0
35620	338	1996-10-22	0
35621	1432	1995-03-08	0
35622	1457	1998-08-20	0
35623	298	1996-05-16	0
35648	731	1998-04-01	0
35649	325	1995-12-24	0
35650	161	1996-11-12	0
35651	172	1998-08-23	0
35652	1459	1993-12-06	0
35653	1078	1996-08-24	0
35654	550	1995-11-22	0
35655	539	1998-10-09	0
35680	454	1996-04-24	0
35681	997	1997-11-10	0
35682	775	1994-09-19	0
35683	281	1997-12-10	0
35684	230	1995-10-18	0
35685	611	1995-02-07	0
35686	248	1993-12-17	0
35687	380	1996-02-02	0
35712	667	1993-01-07	0
35713	580	1993-01-01	0
35714	223	1997-06-16	0
35715	1043	1993-04-24	0
35716	641	1996-06-02	0
35717	874	1998-06-24	0
35718	1061	1998-02-01	0
35719	803	1997-04-29	0
35744	1246	1994-06-05	0
35745	910	1995-12-29	0
35746	553	1994-04-25	0
35747	1120	1997-11-16	0
35748	965	1996-12-22	0
35749	1492	1996-05-20	0
35750	1279	1993-12-11	0
35751	338	1997-05-29	0
35776	958	1994-04-21	0
35777	787	1993-11-23	0
35778	892	1995-12-01	0
35779	529	1993-08-26	0
35780	1051	1995-04-03	0
35781	1142	1993-07-30	0
35782	715	1995-10-20	0
35783	349	1997-09-04	0
35808	173	1997-12-17	0
35809	586	1993-09-26	0
35810	721	1997-04-06	0
35811	586	1992-03-19	0
35812	823	1993-04-08	0
35813	1207	1994-07-06	0
35814	223	1992-06-11	0
35815	610	1993-01-11	0
35840	199	1993-08-13	0
35841	947	1995-07-23	0
35842	1058	1992-08-08	0
35843	1192	1998-02-02	0
35844	7	1995-02-20	0
35845	904	1995-03-23	0
35846	200	1992-05-01	0
35847	832	1994-04-16	0
35872	1081	1995-03-04	0
35873	1261	1996-03-05	0
35874	940	1997-03-01	0
35875	887	1995-08-29	0
35876	1019	1998-05-18	0
35877	473	1993-08-09	0
35878	340	1993-10-28	0
35879	473	1996-07-10	0
35904	206	1997-10-14	0
35905	1204	1992-05-05	0
35906	980	1997-05-30	0
35907	1295	1998-06-27	0
35908	844	1994-02-26	0
35909	1303	1996-12-23	0
35910	1343	1994-02-08	0
35911	1247	1997-05-03	0
35936	940	1994-04-07	0
35937	484	1996-08-28	0
35938	50	1993-02-01	0
35939	1486	1996-10-15	0
35940	934	1993-08-11	0
35941	934	1996-12-02	0
35942	82	1997-12-01	0
35943	331	1998-02-25	0
35968	718	1992-05-18	0
35969	503	1997-11-11	0
35970	1433	1997-07-06	0
35971	106	1997-03-20	0
35972	10	1994-03-10	0
35973	215	1997-11-22	0
35974	1324	1998-08-28	0
35975	1199	1997-10-09	0
36000	1063	1992-04-08	0
36001	260	1995-06-12	0
36002	643	1993-07-27	0
36003	1396	1994-01-15	0
36004	457	1998-07-27	0
36005	637	1993-12-02	0
36006	682	1995-12-28	0
36007	209	1997-07-08	0
36032	922	1997-09-29	0
36033	584	1995-03-05	0
36034	811	1992-12-31	0
36035	749	1997-01-24	0
36036	1042	1993-06-22	0
36037	139	1994-07-14	0
36038	142	1992-10-31	0
36039	1313	1996-06-16	0
36064	1138	1998-01-07	0
36065	1117	1993-05-04	0
36066	442	1997-11-16	0
36067	1078	1994-09-18	0
36068	1186	1994-04-22	0
36069	904	1995-02-19	0
36070	1354	1998-08-16	0
36071	1267	1994-02-07	0
36096	238	1993-04-12	0
36097	167	1998-05-03	0
36098	1412	1996-02-14	0
36099	1040	1993-12-02	0
36100	862	1992-10-03	0
36101	805	1992-11-04	0
36102	920	1993-08-04	0
36103	904	1992-07-14	0
36128	64	1995-10-08	0
36129	469	1997-10-05	0
36130	322	1992-11-28	0
36131	1223	1994-08-01	0
36132	389	1992-06-24	0
36133	22	1995-11-04	0
36134	1394	1994-02-06	0
36135	349	1995-08-14	0
36160	847	1993-02-06	0
36161	814	1993-04-02	0
36162	517	1998-08-04	0
36163	181	1993-01-20	0
36164	1028	1996-05-16	0
36165	308	1996-11-22	0
36166	661	1998-09-14	0
36167	1138	1997-06-01	0
36192	1078	1996-06-30	0
36193	832	1995-10-05	0
36194	1075	1998-03-02	0
36195	848	1997-08-20	0
36196	1495	1995-10-21	0
36197	898	1995-04-10	0
36198	349	1995-09-30	0
36199	193	1996-04-29	0
36224	199	1994-07-18	0
36225	334	1997-08-24	0
36226	827	1997-03-17	0
36227	241	1996-06-11	0
36228	715	1998-02-10	0
36229	760	1992-12-06	0
36230	496	1994-08-25	0
36231	835	1993-02-16	0
36256	59	1997-03-07	0
36257	130	1992-05-14	0
36258	146	1995-04-26	0
36259	442	1996-12-28	0
36260	370	1997-11-13	0
36261	947	1996-07-24	0
36262	1060	1993-10-11	0
36263	1393	1998-04-13	0
36288	862	1993-04-05	0
36289	977	1994-08-10	0
36290	668	1993-12-03	0
36291	1427	1997-09-02	0
36292	538	1993-04-24	0
36293	451	1994-03-16	0
36294	709	1992-11-04	0
36295	163	1993-11-19	0
36320	1268	1994-10-19	0
36321	1076	1995-11-19	0
36322	1324	1996-07-04	0
36323	970	1994-01-02	0
36324	979	1992-07-28	0
36325	1274	1997-03-19	0
36326	373	1993-09-13	0
36327	515	1995-01-11	0
36352	941	1995-05-24	0
36353	1345	1996-10-25	0
36354	1472	1992-08-20	0
36355	632	1995-02-16	0
36356	115	1996-03-10	0
36357	670	1992-03-30	0
36358	1246	1994-07-28	0
36359	551	1996-02-07	0
36384	1033	1997-03-26	0
36385	418	1996-12-16	0
36386	4	1994-06-17	0
36387	845	1996-01-22	0
36388	1331	1996-08-14	0
36389	1064	1997-05-08	0
36390	35	1992-12-27	0
36391	118	1997-10-04	0
36416	446	1995-02-14	0
36417	1399	1996-07-17	0
36418	1489	1992-04-12	0
36419	383	1998-06-14	0
36420	1358	1997-10-07	0
36421	1243	1996-06-25	0
36422	1	1997-05-18	0
36423	1376	1995-07-08	0
36448	940	1993-11-25	0
36449	1177	1993-11-20	0
36450	472	1998-02-15	0
36451	643	1992-11-20	0
36452	49	1994-06-20	0
36453	293	1996-08-02	0
36454	583	1995-05-05	0
36455	1426	1994-05-06	0
36480	1163	1993-11-06	0
36481	673	1998-10-08	0
36482	1024	1995-09-19	0
36483	718	1997-01-17	0
36484	493	1992-04-13	0
36485	1202	1992-08-20	0
36486	292	1997-02-24	0
36487	1072	1997-08-01	0
36512	1000	1992-06-12	0
36513	488	1996-03-27	0
36514	47	1994-08-04	0
36515	1321	1997-08-11	0
36516	943	1995-10-09	0
36517	101	1993-05-16	0
36518	353	1997-10-20	0
36519	1486	1993-08-14	0
36544	881	1997-09-30	0
36545	859	1998-01-02	0
36546	850	1996-06-11	0
36547	1136	1995-02-16	0
36548	527	1994-01-14	0
36549	223	1996-07-31	0
36550	1456	1994-04-29	0
36551	499	1992-08-05	0
36576	565	1993-06-07	0
36577	95	1998-08-31	0
36578	136	1998-09-17	0
36579	88	1998-08-10	0
36580	137	1997-09-26	0
36581	355	1996-11-16	0
36582	34	1992-03-18	0
36583	1387	1997-07-17	0
36608	253	1995-12-13	0
36609	68	1994-07-29	0
36610	464	1995-12-25	0
36611	625	1998-01-22	0
36612	721	1992-05-21	0
36613	721	1996-03-31	0
36614	139	1992-08-02	0
36615	1051	1994-01-13	0
36640	839	1996-02-02	0
36641	352	1998-02-03	0
36642	433	1996-11-23	0
36643	1210	1994-05-10	0
36644	22	1992-07-28	0
36645	944	1996-07-15	0
36646	734	1993-08-23	0
36647	484	1994-09-14	0
36672	1183	1997-10-19	0
36673	1226	1993-11-28	0
36674	1078	1996-11-10	0
36675	455	1995-09-17	0
36676	380	1995-11-09	0
36677	1094	1995-03-09	0
36678	557	1994-04-06	0
36679	646	1995-11-14	0
36704	11	1995-08-31	0
36705	1063	1994-09-09	0
36706	409	1994-06-26	0
36707	1175	1995-02-13	0
36708	13	1995-12-04	0
36709	481	1992-11-07	0
36710	628	1997-05-18	0
36711	1141	1998-02-13	0
36736	1045	1995-07-18	0
36737	1085	1993-05-30	0
36738	220	1996-09-16	0
36739	239	1994-12-23	0
36740	281	1997-03-23	0
36741	1322	1994-03-05	0
36742	1123	1998-03-19	0
36743	1136	1992-11-23	0
36768	1006	1998-06-22	0
36769	805	1994-05-08	0
36770	1057	1996-11-20	0
36771	274	1996-01-10	0
36772	799	1993-07-30	0
36773	1154	1993-12-08	0
36774	497	1996-11-17	0
36775	755	1997-01-24	0
36800	1198	1993-11-25	0
36801	625	1996-10-29	0
36802	836	1997-06-30	0
36803	545	1992-10-19	0
36804	314	1994-09-12	0
36805	541	1994-02-28	0
36806	424	1998-09-08	0
36807	1177	1994-05-31	0
36832	926	1992-08-16	0
36833	487	1992-09-25	0
36834	1388	1995-03-10	0
36835	1205	1995-01-04	0
36836	1138	1993-05-13	0
36837	487	1997-09-01	0
36838	1484	1994-06-23	0
36839	1141	1997-01-27	0
36864	320	1992-10-13	0
36865	565	1997-11-12	0
36866	731	1993-06-08	0
36867	760	1994-11-20	0
36868	722	1997-08-27	0
36869	811	1993-12-04	0
36870	410	1996-10-11	0
36871	1114	1998-06-20	0
36896	614	1995-01-18	0
36897	1085	1996-02-26	0
36898	862	1992-09-20	0
36899	136	1995-06-12	0
36900	1421	1997-09-21	0
36901	1252	1992-11-28	0
36902	832	1997-12-17	0
36903	638	1996-08-21	0
36928	1030	1998-03-17	0
36929	502	1992-08-09	0
36930	1391	1995-12-13	0
36931	1409	1995-04-05	0
36932	61	1994-09-21	0
36933	146	1995-09-26	0
36934	50	1995-03-08	0
36935	1193	1996-01-20	0
36960	680	1995-05-23	0
36961	833	1996-11-28	0
36962	1018	1994-02-15	0
36963	442	1997-05-29	0
36964	58	1998-05-23	0
36965	479	1994-08-03	0
36966	160	1995-06-01	0
36967	253	1997-03-04	0
36992	148	1995-02-21	0
36993	613	1996-03-14	0
36994	1111	1995-09-01	0
36995	977	1994-03-04	0
36996	256	1995-12-14	0
36997	1094	1994-02-19	0
36998	823	1992-12-14	0
36999	865	1995-02-26	0
37024	925	1992-09-24	0
37025	1387	1995-01-25	0
37026	1333	1997-06-11	0
37027	1216	1998-05-13	0
37028	367	1998-07-23	0
37029	757	1997-12-01	0
37030	286	1995-11-08	0
37031	916	1995-10-23	0
37056	1444	1993-10-09	0
37057	1135	1998-04-06	0
37058	613	1996-04-18	0
37059	623	1998-02-28	0
37060	596	1996-05-30	0
37061	193	1996-09-01	0
37062	797	1994-01-21	0
37063	1444	1993-02-23	0
37088	43	1997-11-19	0
37089	302	1997-07-16	0
37090	154	1998-06-01	0
37091	751	1994-02-10	0
37092	469	1996-10-14	0
37093	544	1994-02-17	0
37094	748	1997-05-02	0
37095	427	1994-05-25	0
37120	1103	1996-09-01	0
37121	1079	1995-05-30	0
37122	506	1996-09-04	0
37123	32	1992-05-04	0
37124	1246	1992-06-14	0
37125	694	1993-03-31	0
37126	97	1998-09-14	0
37127	1276	1993-12-17	0
37152	1433	1995-08-06	0
37153	572	1996-09-28	0
37154	1165	1996-07-15	0
37155	1072	1997-06-04	0
37156	844	1992-12-02	0
37157	379	1993-05-07	0
37158	343	1992-12-07	0
37159	523	1993-07-14	0
37184	598	1995-05-26	0
37185	923	1993-01-15	0
37186	442	1996-07-26	0
37187	691	1995-09-24	0
37188	1396	1992-05-19	0
37189	815	1992-08-27	0
37190	142	1996-09-09	0
37191	478	1993-05-27	0
37216	787	1994-02-14	0
37217	1030	1997-11-20	0
37218	553	1994-03-05	0
37219	1225	1996-07-02	0
37220	1180	1997-02-16	0
37221	664	1998-01-16	0
37222	497	1996-07-06	0
37223	403	1996-01-25	0
37248	538	1996-05-07	0
37249	587	1996-04-22	0
37250	1132	1993-03-31	0
37251	994	1997-01-29	0
37252	1109	1996-02-03	0
37253	98	1992-11-16	0
37254	284	1994-12-03	0
37255	1360	1995-01-20	0
37280	1372	1997-11-03	0
37281	136	1994-11-12	0
37282	770	1994-10-20	0
37283	613	1996-12-26	0
37284	235	1995-05-28	0
37285	382	1996-06-26	0
37286	61	1996-09-10	0
37287	1456	1993-01-16	0
37312	571	1998-04-21	0
37313	1438	1992-09-16	0
37314	355	1995-07-19	0
37315	251	1992-08-20	0
37316	301	1995-11-19	0
37317	904	1993-05-23	0
37318	1445	1993-06-30	0
37319	25	1994-10-19	0
37344	670	1996-05-25	0
37345	370	1998-08-07	0
37346	551	1994-04-23	0
37347	374	1992-04-14	0
37348	868	1994-08-28	0
37349	361	1993-05-02	0
37350	328	1992-08-04	0
37351	52	1992-11-27	0
37376	739	1994-04-15	0
37377	1267	1992-04-05	0
37378	94	1998-03-05	0
37379	922	1996-09-11	0
37380	580	1995-06-16	0
37381	1186	1997-03-25	0
37382	778	1995-02-21	0
37383	1400	1995-08-29	0
37408	1105	1998-05-17	0
37409	893	1998-07-13	0
37410	728	1993-12-27	0
37411	1303	1997-03-10	0
37412	872	1992-10-18	0
37413	805	1997-09-22	0
37414	349	1995-11-24	0
37415	301	1996-02-18	0
37440	404	1993-09-07	0
37441	1045	1994-05-11	0
37442	1432	1997-11-27	0
37443	604	1993-06-30	0
37444	850	1992-04-22	0
37445	472	1992-05-04	0
37446	1090	1994-03-04	0
37447	754	1994-09-22	0
37472	277	1997-04-19	0
37473	1063	1994-12-16	0
37474	527	1994-08-09	0
37475	1117	1995-06-08	0
37476	115	1996-08-21	0
37477	328	1997-07-03	0
37478	1022	1993-07-16	0
37479	895	1998-06-30	0
37504	1291	1996-05-18	0
37505	1297	1995-08-18	0
37506	145	1997-06-26	0
37507	613	1995-02-22	0
37508	1051	1997-11-17	0
37509	910	1997-11-14	0
37510	166	1994-05-23	0
37511	572	1996-01-22	0
37536	473	1994-11-20	0
37537	1015	1994-03-19	0
37538	259	1997-09-03	0
37539	1445	1997-04-20	0
37540	1171	1997-07-21	0
37541	677	1993-05-13	0
37542	109	1994-10-04	0
37543	1243	1992-03-16	0
37568	655	1996-10-22	0
37569	1126	1994-08-24	0
37570	689	1995-05-24	0
37571	514	1998-09-01	0
37572	88	1993-10-18	0
37573	838	1996-08-16	0
37574	565	1994-08-28	0
37575	767	1997-08-08	0
37600	701	1993-04-30	0
37601	1055	1992-10-06	0
37602	871	1998-10-03	0
37603	146	1994-02-08	0
37604	590	1997-08-20	0
37605	1160	1992-05-28	0
37606	722	1993-05-09	0
37607	1366	1997-10-30	0
37632	826	1996-02-24	0
37633	373	1997-01-16	0
37634	7	1992-08-05	0
37635	1249	1997-05-10	0
37636	979	1996-10-11	0
37637	1417	1994-05-30	0
37638	1118	1994-04-07	0
37639	1090	1996-04-17	0
37664	481	1994-12-25	0
37665	1102	1997-01-28	0
37666	746	1997-08-14	0
37667	763	1996-02-16	0
37668	55	1993-03-25	0
37669	932	1994-01-13	0
37670	362	1996-04-04	0
37671	1462	1993-09-16	0
37696	568	1994-09-23	0
37697	1253	1993-02-08	0
37698	62	1997-01-08	0
37699	694	1995-11-06	0
37700	1495	1995-02-22	0
37701	1024	1997-06-11	0
37702	983	1995-08-25	0
37703	560	1996-03-01	0
37728	758	1998-10-14	0
37729	685	1994-04-01	0
37730	1489	1994-07-17	0
37731	85	1995-01-19	0
37732	410	1996-07-19	0
37733	1367	1992-08-08	0
37734	943	1995-03-12	0
37735	865	1998-10-15	0
37760	1366	1994-10-29	0
37761	715	1998-09-11	0
37762	740	1992-08-21	0
37763	1460	1992-04-24	0
37764	101	1996-12-29	0
37765	446	1993-02-08	0
37766	761	1997-07-07	0
37767	1136	1996-11-22	0
37792	1103	1996-03-14	0
37793	1159	1995-01-23	0
37794	233	1994-06-08	0
37795	94	1994-01-11	0
37796	904	1995-01-16	0
37797	1240	1992-05-08	0
37798	1069	1993-01-19	0
37799	559	1994-01-14	0
37824	97	1998-05-08	0
37825	146	1994-10-06	0
37826	730	1995-07-08	0
37827	554	1996-10-15	0
37828	412	1995-07-05	0
37829	1021	1993-12-14	0
37830	878	1994-10-31	0
37831	725	1992-10-10	0
37856	1144	1998-04-05	0
37857	148	1997-07-15	0
37858	278	1993-09-08	0
37859	925	1994-06-14	0
37860	479	1993-11-11	0
37861	1331	1996-03-13	0
37862	1349	1994-03-29	0
37863	364	1995-05-11	0
37888	173	1995-03-08	0
37889	547	1996-09-25	0
37890	283	1996-09-20	0
37891	514	1996-01-04	0
37892	1126	1992-04-10	0
37893	928	1996-02-08	0
37894	514	1996-02-10	0
37895	170	1992-06-14	0
37920	455	1993-09-28	0
37921	1366	1995-07-30	0
37922	1228	1998-06-07	0
37923	943	1993-06-11	0
37924	898	1995-02-13	0
37925	58	1993-12-11	0
37926	1391	1994-11-23	0
37927	857	1995-04-11	0
37952	229	1996-09-17	0
37953	358	1997-06-01	0
37954	823	1997-12-20	0
37955	436	1997-05-29	0
37956	1219	1997-10-08	0
37957	559	1994-01-20	0
37958	1024	1998-01-24	0
37959	1012	1993-12-31	0
37984	374	1993-07-01	0
37985	1214	1997-02-10	0
37986	638	1992-05-12	0
37987	293	1994-09-17	0
37988	1438	1995-06-20	0
37989	758	1997-01-28	0
37990	433	1993-07-01	0
37991	346	1995-05-08	0
38016	1175	1997-11-09	0
38017	556	1993-10-04	0
38018	1234	1994-09-17	0
38019	1369	1998-09-07	0
38020	1123	1998-06-24	0
38021	107	1994-04-07	0
38022	59	1998-05-17	0
38023	25	1996-10-18	0
38048	589	1993-04-10	0
38049	1411	1992-08-28	0
38050	760	1994-01-10	0
38051	1172	1997-06-15	0
38052	602	1992-05-01	0
38053	1031	1997-08-08	0
38054	1000	1995-06-23	0
38055	40	1994-11-25	0
38080	236	1994-11-29	0
38081	1271	1997-06-16	0
38082	697	1997-10-04	0
38083	736	1998-07-18	0
38084	803	1994-06-04	0
38085	284	1997-08-05	0
38086	959	1992-05-11	0
38087	376	1994-05-08	0
38112	607	1998-04-14	0
38113	412	1998-03-14	0
38114	464	1997-09-26	0
38115	1396	1998-02-03	0
38116	1180	1996-02-24	0
38117	4	1993-07-05	0
38118	1039	1995-07-03	0
38119	1477	1994-06-06	0
38144	809	1998-07-01	0
38145	862	1994-11-27	0
38146	1033	1996-02-21	0
38147	1384	1992-03-28	0
38148	254	1996-08-28	0
38149	1126	1998-04-10	0
38150	794	1998-04-23	0
38151	1360	1998-03-13	0
38176	967	1993-10-30	0
38177	1324	1998-10-05	0
38178	193	1992-11-13	0
38179	410	1997-12-26	0
38180	479	1994-11-03	0
38181	520	1997-07-18	0
38182	653	1992-08-06	0
38183	616	1998-04-11	0
38208	29	1996-06-07	0
38209	214	1994-10-30	0
38210	478	1994-02-26	0
38211	422	1996-07-16	0
38212	1298	1995-06-19	0
38213	340	1996-12-20	0
38214	269	1996-12-23	0
38215	1366	1993-03-19	0
38240	1021	1995-03-05	0
38241	1063	1995-02-05	0
38242	200	1992-07-03	0
38243	127	1994-11-07	0
38244	745	1997-08-18	0
38245	829	1993-07-13	0
38246	497	1996-11-09	0
38247	382	1997-11-19	0
38272	833	1996-01-30	0
38273	1010	1993-03-25	0
38274	283	1995-08-25	0
38275	1312	1997-03-08	0
38276	2	1996-05-27	0
38277	976	1992-04-04	0
38278	1234	1995-10-30	0
38279	673	1992-07-14	0
38304	1469	1995-06-06	0
38305	74	1995-07-15	0
38306	635	1996-09-22	0
38307	926	1998-04-04	0
38308	607	1996-11-09	0
38309	736	1996-07-28	0
38310	784	1992-06-29	0
38311	88	1995-07-08	0
38336	506	1992-12-20	0
38337	238	1994-01-15	0
38338	184	1998-06-08	0
38339	1117	1996-11-16	0
38340	1196	1994-04-06	0
38341	1414	1994-08-02	0
38342	550	1995-07-18	0
38343	413	1995-12-06	0
38368	182	1994-04-30	0
38369	140	1993-03-29	0
38370	775	1995-06-18	0
38371	586	1995-01-23	0
38372	1339	1993-07-30	0
38373	281	1997-12-24	0
38374	1405	1995-08-02	0
38375	964	1996-08-02	0
38400	34	1995-02-28	0
38401	403	1998-09-16	0
38402	892	1996-11-26	0
38403	58	1995-08-05	0
38404	703	1994-04-04	0
38405	331	1993-09-29	0
38406	946	1994-02-16	0
38407	290	1997-12-22	0
38432	343	1997-01-15	0
38433	1336	1994-07-31	0
38434	973	1994-07-24	0
38435	1096	1997-12-28	0
38436	1003	1992-12-13	0
38437	436	1992-07-23	0
38438	877	1995-08-15	0
38439	436	1995-03-30	0
38464	892	1994-02-02	0
38465	1045	1992-05-27	0
38466	1411	1995-11-01	0
38467	1150	1996-08-05	0
38468	472	1995-12-21	0
38469	635	1996-12-11	0
38470	1394	1993-10-02	0
38471	908	1997-07-22	0
38496	319	1993-05-07	0
38497	7	1993-12-18	0
38498	1183	1992-07-12	0
38499	334	1998-01-23	0
38500	989	1992-04-29	0
38501	241	1994-07-13	0
38502	95	1997-12-07	0
38503	154	1994-07-20	0
38528	592	1996-03-05	0
38529	754	1994-04-19	0
38530	1477	1995-07-02	0
38531	1057	1996-02-19	0
38532	280	1992-10-01	0
38533	214	1997-04-30	0
38534	532	1997-03-11	0
38535	643	1992-10-24	0
38560	673	1996-04-22	0
38561	19	1995-11-14	0
38562	223	1994-03-15	0
38563	185	1992-09-19	0
38564	326	1995-01-17	0
38565	199	1994-06-09	0
38566	607	1996-03-19	0
38567	229	1997-07-28	0
38592	53	1997-06-04	0
38593	559	1997-02-23	0
38594	91	1995-02-15	0
38595	740	1997-03-08	0
38596	1477	1993-06-17	0
38597	416	1992-04-20	0
38598	868	1994-10-30	0
38599	31	1995-01-10	0
38624	274	1998-05-02	0
38625	850	1994-02-01	0
38626	40	1997-06-30	0
38627	277	1995-01-15	0
38628	79	1996-01-13	0
38629	292	1997-07-04	0
38630	649	1993-07-02	0
38631	686	1998-01-27	0
38656	65	1992-10-25	0
38657	616	1993-08-12	0
38658	1154	1997-09-19	0
38659	847	1993-06-14	0
38660	397	1993-03-01	0
38661	1499	1992-04-28	0
38662	109	1996-02-08	0
38663	871	1997-07-21	0
38688	364	1998-08-30	0
38689	670	1994-07-10	0
38690	716	1992-04-05	0
38691	1082	1995-06-13	0
38692	991	1996-04-10	0
38693	58	1995-08-29	0
38694	538	1998-09-10	0
38695	1382	1997-11-04	0
38720	1328	1998-06-17	0
38721	1115	1994-06-08	0
38722	614	1997-06-06	0
38723	73	1992-12-05	0
38724	1102	1997-11-05	0
38725	1402	1994-10-01	0
38726	952	1994-08-05	0
38727	17	1993-08-28	0
38752	400	1994-12-17	0
38753	814	1993-11-25	0
38754	268	1997-11-21	0
38755	1108	1996-05-22	0
38756	14	1994-07-22	0
38757	538	1998-04-22	0
38758	334	1995-12-09	0
38759	7	1996-10-01	0
38784	904	1995-04-20	0
38785	280	1997-04-21	0
38786	545	1995-09-02	0
38787	1349	1995-10-20	0
38788	172	1997-02-01	0
38789	191	1994-01-29	0
38790	985	1996-03-26	0
38791	1349	1993-05-29	0
38816	1109	1993-03-09	0
38817	1132	1992-08-04	0
38818	841	1995-02-02	0
38819	155	1993-03-28	0
38820	976	1998-09-10	0
38821	1102	1993-08-05	0
38822	806	1995-03-13	0
38823	934	1998-01-23	0
38848	679	1993-03-02	0
38849	509	1996-10-05	0
38850	37	1993-07-14	0
38851	619	1992-08-25	0
38852	643	1995-01-16	0
38853	793	1992-06-07	0
38854	485	1996-04-25	0
38855	1262	1997-12-21	0
38880	667	1997-04-09	0
38881	1060	1996-04-22	0
38882	1036	1995-02-28	0
38883	953	1996-10-28	0
38884	499	1992-11-01	0
38885	313	1997-11-23	0
38886	1348	1994-10-22	0
38887	1339	1995-01-08	0
38912	949	1993-01-12	0
38913	967	1994-11-21	0
38914	1426	1992-08-14	0
38915	452	1994-12-02	0
38916	1490	1997-09-02	0
38917	302	1994-02-05	0
38918	1189	1997-07-24	0
38919	1219	1996-02-17	0
38944	1136	1993-07-05	0
38945	1477	1996-03-31	0
38946	1427	1997-01-15	0
38947	1138	1995-02-13	0
38948	877	1995-08-20	0
38949	917	1992-11-11	0
38950	1420	1995-09-16	0
38951	64	1997-06-17	0
38976	364	1994-03-11	0
38977	578	1993-04-29	0
38978	341	1994-10-18	0
38979	145	1993-05-13	0
38980	509	1994-01-28	0
38981	572	1993-04-15	0
38982	787	1994-10-01	0
38983	1096	1997-08-24	0
39008	670	1995-07-13	0
39009	283	1997-09-26	0
39010	565	1995-07-28	0
39011	187	1993-03-16	0
39012	223	1996-08-02	0
39013	493	1996-03-29	0
39014	166	1998-01-19	0
39015	760	1995-02-20	0
39040	494	1994-08-05	0
39041	529	1996-01-10	0
39042	244	1994-11-01	0
39043	1447	1994-03-08	0
39044	607	1993-07-14	0
39045	370	1992-11-29	0
39046	358	1996-01-31	0
39047	536	1993-05-17	0
39072	353	1994-05-09	0
39073	1357	1994-04-15	0
39074	494	1996-06-28	0
39075	1345	1992-05-05	0
39076	88	1995-02-25	0
39077	127	1998-03-05	0
39078	845	1994-09-07	0
39079	664	1995-11-22	0
39104	724	1996-03-29	0
39105	247	1996-07-21	0
39106	1379	1997-05-27	0
39107	574	1996-02-18	0
39108	1496	1997-09-04	0
39109	1093	1998-09-12	0
39110	1435	1993-04-22	0
39111	1024	1995-10-09	0
39136	407	1994-09-08	0
39137	1271	1998-06-16	0
39138	133	1996-03-14	0
39139	853	1994-01-28	0
39140	79	1993-12-12	0
39141	1489	1994-07-18	0
39142	1150	1993-01-14	0
39143	898	1992-06-21	0
39168	593	1992-08-01	0
39169	1067	1995-11-10	0
39170	1274	1994-09-29	0
39171	1054	1998-03-13	0
39172	779	1993-09-09	0
39173	556	1994-04-02	0
39174	19	1997-08-28	0
39175	1190	1995-10-12	0
39200	514	1996-07-28	0
39201	1387	1996-03-20	0
39202	859	1997-03-24	0
39203	733	1992-06-22	0
39204	146	1994-10-14	0
39205	125	1995-08-20	0
39206	728	1995-06-24	0
39207	34	1994-11-20	0
39232	724	1995-09-26	0
39233	1474	1996-11-06	0
39234	1253	1997-05-23	0
39235	1307	1993-09-28	0
39236	1183	1993-11-13	0
39237	820	1997-10-16	0
39238	1135	1993-12-11	0
39239	1036	1998-02-08	0
39264	1040	1997-06-18	0
39265	872	1993-07-22	0
39266	1399	1992-11-11	0
39267	676	1993-04-04	0
39268	1255	1995-07-07	0
39269	1066	1993-01-10	0
39270	1093	1995-04-23	0
39271	1306	1998-07-11	0
39296	623	1997-11-14	0
39297	1180	1994-06-04	0
39298	1099	1996-12-24	0
39299	1430	1998-03-19	0
39300	188	1992-07-07	0
39301	835	1994-06-06	0
39302	821	1992-07-18	0
39303	305	1998-09-08	0
39328	889	1997-07-22	0
39329	815	1996-04-07	0
39330	755	1993-10-01	0
39331	769	1995-11-28	0
39332	32	1995-12-24	0
39333	1010	1993-05-04	0
39334	335	1997-12-12	0
39335	790	1994-08-09	0
39360	1327	1995-02-18	0
39361	128	1995-02-27	0
39362	1244	1998-09-15	0
39363	1306	1998-01-31	0
39364	1066	1993-01-24	0
39365	832	1992-07-29	0
39366	979	1997-10-03	0
39367	1319	1994-10-21	0
39392	22	1997-09-13	0
39393	508	1994-02-01	0
39394	898	1996-05-09	0
39395	1072	1996-12-03	0
39396	599	1996-04-10	0
39397	16	1993-12-26	0
39398	56	1998-10-06	0
39399	454	1993-03-03	0
39424	1208	1997-06-26	0
39425	442	1992-10-31	0
39426	316	1994-08-10	0
39427	478	1994-02-25	0
39428	1415	1997-03-01	0
39429	58	1998-07-27	0
39430	554	1994-08-28	0
39431	416	1992-08-05	0
39456	1016	1998-05-02	0
39457	100	1995-08-17	0
39458	569	1997-11-04	0
39459	451	1997-11-15	0
39460	1105	1994-07-17	0
39461	776	1996-08-11	0
39462	550	1996-07-17	0
39463	1360	1994-12-16	0
39488	187	1994-09-06	0
39489	1135	1998-10-12	0
39490	1439	1992-10-27	0
39491	109	1993-09-20	0
39492	316	1995-07-02	0
39493	355	1997-09-16	0
39494	1337	1996-12-02	0
39495	920	1994-04-18	0
39520	1102	1997-12-17	0
39521	1480	1994-10-24	0
39522	295	1998-08-12	0
39523	148	1997-05-17	0
39524	160	1996-12-07	0
39525	98	1995-08-26	0
39526	665	1996-12-08	0
39527	176	1995-07-02	0
39552	1247	1998-03-14	0
39553	1282	1996-10-30	0
39554	1457	1996-04-22	0
39555	670	1992-11-19	0
39556	157	1998-05-04	0
39557	1372	1993-12-26	0
39558	553	1997-03-13	0
39559	473	1996-01-06	0
39584	763	1997-11-20	0
39585	1013	1996-03-14	0
39586	733	1995-08-03	0
39587	550	1997-06-19	0
39588	274	1998-03-05	0
39589	712	1994-10-17	0
39590	460	1995-07-29	0
39591	238	1997-06-08	0
39616	1291	1998-01-18	0
39617	502	1996-03-02	0
39618	1432	1998-05-27	0
39619	347	1992-03-20	0
39620	1279	1994-12-19	0
39621	608	1998-09-09	0
39622	346	1995-11-01	0
39623	526	1996-08-02	0
39648	653	1992-03-26	0
39649	262	1995-01-03	0
39650	584	1993-10-14	0
39651	349	1996-11-30	0
39652	574	1992-07-19	0
39653	805	1997-12-27	0
39654	1306	1992-12-15	0
39655	269	1992-06-07	0
39680	493	1993-09-05	0
39681	1199	1998-03-31	0
39682	835	1994-01-24	0
39683	169	1995-10-25	0
39684	896	1997-06-14	0
39685	1270	1996-10-29	0
39686	388	1992-08-23	0
39687	181	1993-09-22	0
39712	1318	1994-05-07	0
39713	883	1994-04-11	0
39714	1400	1995-01-04	0
39715	712	1997-06-17	0
39716	970	1996-10-25	0
39717	50	1995-02-12	0
39718	337	1994-12-15	0
39719	1291	1998-02-09	0
39744	161	1994-09-20	0
39745	581	1995-07-19	0
39746	1123	1997-02-09	0
39747	13	1997-09-19	0
39748	1106	1995-07-14	0
39749	1456	1993-09-11	0
39750	1261	1994-06-11	0
39751	1048	1993-05-30	0
39776	247	1994-09-11	0
39777	1312	1996-06-19	0
39778	1282	1992-12-21	0
39779	931	1994-04-09	0
39780	949	1994-08-22	0
39781	130	1996-11-18	0
39782	1405	1997-08-23	0
39783	1486	1992-12-05	0
39808	1354	1992-11-17	0
39809	811	1998-05-15	0
39810	949	1998-01-03	0
39811	1175	1997-02-27	0
39812	737	1994-09-04	0
39813	1120	1992-04-18	0
39814	1489	1993-03-31	0
39815	829	1994-06-24	0
39840	1163	1996-04-22	0
39841	301	1993-03-18	0
39842	1264	1994-03-05	0
39843	77	1994-11-11	0
39844	584	1995-02-15	0
39845	965	1994-11-21	0
39846	178	1994-05-14	0
39847	154	1993-06-19	0
39872	862	1993-05-09	0
39873	322	1992-05-10	0
39874	547	1996-05-09	0
39875	1282	1993-04-11	0
39876	235	1992-06-28	0
39877	541	1992-10-31	0
39878	685	1995-05-20	0
39879	199	1996-12-21	0
39904	1319	1994-04-19	0
39905	337	1997-08-30	0
39906	901	1994-06-01	0
39907	439	1993-11-13	0
39908	98	1994-07-25	0
39909	470	1995-05-11	0
39910	763	1992-11-02	0
39911	1178	1996-03-23	0
39936	1354	1998-08-29	0
39937	16	1995-08-07	0
39938	868	1992-08-25	0
39939	421	1992-10-10	0
39940	463	1998-01-14	0
39941	925	1995-01-02	0
39942	712	1992-03-27	0
39943	949	1992-08-22	0
39968	1106	1996-03-24	0
39969	1286	1998-03-09	0
39970	37	1994-09-09	0
39971	188	1994-03-25	0
39972	433	1992-12-10	0
39973	643	1998-01-24	0
39974	1073	1996-07-11	0
39975	622	1998-09-11	0
40000	1141	1995-04-15	0
40001	712	1995-05-11	0
40002	1064	1994-01-23	0
40003	515	1994-05-15	0
40004	44	1997-05-31	0
40005	1406	1993-10-09	0
40006	67	1994-08-30	0
40007	1435	1992-11-14	0
40032	820	1993-02-14	0
40033	781	1994-03-14	0
40034	34	1995-05-25	0
40035	32	1996-05-30	0
40036	521	1993-08-22	0
40037	1442	1993-07-05	0
40038	607	1998-10-02	0
40039	739	1995-02-27	0
40064	1324	1997-08-09	0
40065	337	1992-05-03	0
40066	1105	1997-11-04	0
40067	1462	1992-05-03	0
40068	998	1993-07-05	0
40069	794	1996-11-13	0
40070	2	1996-12-01	0
40071	353	1998-09-07	0
40096	1174	1996-01-29	0
40097	65	1994-03-26	0
40098	241	1992-04-21	0
40099	1402	1998-08-13	0
40100	1060	1992-04-20	0
40101	766	1994-04-17	0
40102	106	1995-04-20	0
40103	1180	1993-12-09	0
40128	808	1994-04-26	0
40129	590	1997-09-05	0
40130	1390	1997-11-29	0
40131	158	1992-07-17	0
40132	665	1992-05-09	0
40133	818	1993-10-10	0
40134	1498	1995-12-24	0
40135	335	1994-11-23	0
40160	347	1994-12-30	0
40161	484	1997-10-23	0
40162	365	1993-04-10	0
40163	628	1996-09-01	0
40164	743	1993-06-25	0
40165	115	1995-05-17	0
40166	310	1998-05-20	0
40167	1321	1992-12-03	0
40192	686	1998-09-25	0
40193	592	1992-11-17	0
40194	1301	1993-12-21	0
40195	428	1997-03-26	0
40196	410	1997-06-13	0
40197	1354	1995-06-08	0
40198	457	1996-06-25	0
40199	1211	1993-01-24	0
40224	451	1994-09-14	0
40225	1378	1995-03-26	0
40226	1366	1993-12-28	0
40227	781	1998-10-03	0
40228	1360	1997-10-24	0
40229	904	1997-08-27	0
40230	1018	1996-04-25	0
40231	1327	1997-06-12	0
40256	1255	1993-12-19	0
40257	800	1993-11-05	0
40258	1144	1994-06-24	0
40259	1441	1993-12-27	0
40260	247	1996-09-13	0
40261	647	1995-01-19	0
40262	1231	1992-10-06	0
40263	508	1996-12-06	0
40288	101	1996-08-14	0
40289	815	1993-02-10	0
40290	70	1996-10-02	0
40291	271	1992-06-30	0
40292	133	1995-07-14	0
40293	769	1995-03-27	0
40294	865	1996-05-29	0
40295	532	1998-03-20	0
40320	229	1997-02-12	0
40321	766	1993-09-07	0
40322	1363	1995-10-17	0
40323	761	1997-10-03	0
40324	601	1996-04-15	0
40325	961	1997-09-24	0
40326	1330	1995-03-12	0
40327	1366	1995-07-28	0
40352	979	1994-08-23	0
40353	311	1998-07-03	0
40354	1181	1994-03-20	0
40355	436	1996-12-27	0
40356	667	1995-03-05	0
40357	869	1992-10-05	0
40358	382	1997-08-24	0
40359	571	1993-04-23	0
40384	763	1997-06-08	0
40385	1138	1995-01-12	0
40386	364	1995-05-05	0
40387	10	1998-05-07	0
40388	1072	1992-10-08	0
40389	1049	1998-06-20	0
40390	226	1996-12-15	0
40391	1331	1997-12-12	0
40416	1343	1993-06-22	0
40417	128	1998-06-13	0
40418	1438	1998-06-18	0
40419	686	1996-08-24	0
40420	358	1995-03-27	0
40421	1009	1992-12-25	0
40422	938	1995-10-02	0
40423	1127	1998-09-24	0
40448	590	1997-11-08	0
40449	1409	1998-07-31	0
40450	431	1992-10-09	0
40451	754	1997-11-18	0
40452	1105	1997-12-12	0
40453	1183	1996-05-26	0
40454	1240	1995-07-06	0
40455	1361	1995-03-29	0
40480	808	1996-02-21	0
40481	1367	1998-04-08	0
40482	211	1996-01-05	0
40483	1061	1994-01-10	0
40484	1292	1993-10-09	0
40485	682	1995-03-13	0
40486	982	1998-02-24	0
40487	1069	1996-08-18	0
40512	743	1993-12-02	0
40513	1460	1996-08-14	0
40514	1121	1998-06-13	0
40515	626	1996-04-12	0
40516	923	1996-09-25	0
40517	838	1996-06-24	0
40518	365	1994-05-28	0
40519	80	1994-03-07	0
40544	1157	1994-06-21	0
40545	785	1998-02-15	0
40546	1369	1993-08-22	0
40547	517	1994-09-23	0
40548	305	1997-08-09	0
40549	280	1996-12-09	0
40550	829	1996-08-21	0
40551	541	1993-11-23	0
40576	878	1992-08-18	0
40577	175	1998-02-21	0
40578	121	1996-11-29	0
40579	913	1997-01-15	0
40580	1117	1996-11-29	0
40581	992	1996-07-12	0
40582	112	1997-08-18	0
40583	712	1998-05-06	0
40608	16	1992-11-03	0
40609	1465	1993-08-17	0
40610	487	1992-08-11	0
40611	674	1992-06-12	0
40612	623	1995-05-15	0
40613	472	1997-07-15	0
40614	223	1997-11-28	0
40615	1105	1994-09-18	0
40640	1382	1998-07-20	0
40641	586	1996-02-10	0
40642	196	1997-07-25	0
40643	130	1995-06-20	0
40644	842	1998-07-04	0
40645	1229	1993-02-24	0
40646	1352	1993-01-31	0
40647	623	1994-11-01	0
40672	512	1993-01-13	0
40673	325	1992-05-03	0
40674	968	1997-12-17	0
40675	511	1994-05-28	0
40676	619	1992-06-11	0
40677	88	1993-11-22	0
40678	937	1993-07-13	0
40679	244	1993-08-27	0
40704	67	1994-03-24	0
40705	31	1997-04-30	0
40706	778	1992-04-06	0
40707	431	1994-08-26	0
40708	1163	1994-12-27	0
40709	1211	1995-11-30	0
40710	1319	1996-09-24	0
40711	688	1992-09-28	0
40736	1303	1992-12-22	0
40737	28	1997-12-30	0
40738	991	1998-04-17	0
40739	541	1998-10-07	0
40740	170	1994-07-28	0
40741	1360	1998-06-06	0
40742	209	1998-03-18	0
40743	1447	1998-01-11	0
40768	319	1997-05-27	0
40769	604	1998-07-21	0
40770	49	1995-07-01	0
40771	80	1996-07-01	0
40772	361	1992-04-29	0
40773	338	1995-01-21	0
40774	289	1996-09-23	0
40775	1183	1994-02-01	0
40800	16	1994-02-18	0
40801	1069	1992-09-15	0
40802	437	1992-11-18	0
40803	1396	1995-06-28	0
40804	583	1993-05-27	0
40805	1378	1994-01-20	0
40806	446	1995-11-21	0
40807	1450	1993-07-03	0
40832	925	1993-06-13	0
40833	988	1993-09-29	0
40834	943	1998-08-14	0
40835	73	1995-02-08	0
40836	793	1998-02-25	0
40837	1144	1997-01-14	0
40838	802	1993-02-10	0
40839	55	1992-06-15	0
40864	23	1996-06-27	0
40865	13	1995-08-30	0
40866	1184	1993-08-07	0
40867	1367	1998-03-06	0
40868	400	1995-12-25	0
40869	530	1997-03-26	0
40870	83	1996-02-25	0
40871	760	1995-11-28	0
40896	1325	1995-11-17	0
40897	833	1998-02-07	0
40898	1082	1996-06-23	0
40899	359	1996-03-30	0
40900	955	1997-03-26	0
40901	766	1992-10-13	0
40902	559	1994-09-21	0
40903	1381	1996-07-26	0
40928	1459	1994-11-27	0
40929	106	1997-03-18	0
40930	470	1998-08-30	0
40931	328	1997-03-23	0
40932	1154	1998-07-26	0
40933	1289	1992-08-11	0
40934	986	1996-01-28	0
40935	713	1996-08-16	0
40960	278	1998-07-19	0
40961	1349	1995-06-14	0
40962	523	1995-05-07	0
40963	734	1997-06-18	0
40964	743	1995-08-07	0
40965	1462	1995-02-04	0
40966	1369	1997-08-04	0
40967	1031	1997-12-06	0
40992	1063	1994-02-14	0
40993	544	1997-12-21	0
40994	721	1992-12-24	0
40995	619	1998-08-10	0
40996	1058	1994-10-25	0
40997	184	1994-07-06	0
40998	1330	1994-07-17	0
40999	97	1992-07-20	0
41024	286	1993-10-02	0
41025	176	1996-04-24	0
41026	298	1995-07-04	0
41027	1109	1994-05-17	0
41028	1093	1997-07-21	0
41029	1156	1996-07-27	0
41030	113	1996-04-22	0
41031	1048	1996-05-10	0
41056	1123	1992-06-10	0
41057	491	1998-04-01	0
41058	1163	1997-09-27	0
41059	601	1993-11-29	0
41060	1184	1994-09-04	0
41061	1352	1997-06-12	0
41062	1363	1995-04-04	0
41063	949	1993-02-05	0
41088	1171	1998-07-14	0
41089	332	1998-10-05	0
41090	1291	1994-06-22	0
41091	811	1994-08-08	0
41092	301	1997-09-30	0
41093	805	1997-04-24	0
41094	1067	1994-03-23	0
41095	703	1997-03-07	0
41120	905	1992-09-21	0
41121	541	1996-09-08	0
41122	649	1993-05-08	0
41123	299	1994-02-20	0
41124	712	1994-07-26	0
41125	1147	1995-07-12	0
41126	733	1998-06-16	0
41127	151	1996-10-16	0
41152	52	1995-11-18	0
41153	412	1994-05-17	0
41154	1327	1994-07-15	0
41155	1324	1996-06-29	0
41156	382	1998-06-27	0
41157	286	1995-07-01	0
41158	949	1996-06-15	0
41159	575	1997-01-12	0
41184	1085	1995-12-07	0
41185	265	1995-02-20	0
41186	286	1994-02-06	0
41187	1246	1993-12-15	0
41188	1324	1998-06-19	0
41189	1025	1994-09-28	0
41190	826	1993-12-10	0
41191	791	1998-05-17	0
41216	235	1994-09-15	0
41217	307	1995-09-27	0
41218	1399	1997-01-04	0
41219	371	1992-09-18	0
41220	676	1997-10-30	0
41221	991	1994-11-27	0
41222	527	1998-06-06	0
41223	1310	1998-01-14	0
41248	1369	1998-06-12	0
41249	575	1998-07-09	0
41250	70	1996-08-18	0
41251	1207	1998-05-07	0
41252	1211	1997-04-18	0
41253	538	1994-07-22	0
41254	1289	1995-03-27	0
41255	1207	1995-01-02	0
41280	1309	1996-11-19	0
41281	502	1992-03-27	0
41282	206	1994-09-18	0
41283	631	1996-06-08	0
41284	598	1998-10-05	0
41285	94	1998-05-05	0
41286	806	1992-12-01	0
41287	191	1996-05-26	0
41312	1004	1992-04-16	0
41313	1330	1993-03-06	0
41314	1096	1997-07-21	0
41315	643	1998-10-07	0
41316	179	1994-10-05	0
41317	470	1998-07-26	0
41318	166	1995-12-24	0
41319	950	1992-08-28	0
41344	193	1992-06-28	0
41345	1306	1992-04-18	0
41346	884	1997-04-26	0
41347	725	1993-12-20	0
41348	1339	1997-02-02	0
41349	1298	1996-03-02	0
41350	271	1993-07-23	0
41351	250	1993-12-08	0
41376	1270	1993-02-26	0
41377	284	1996-03-02	0
41378	664	1993-01-13	0
41379	1384	1993-05-03	0
41380	506	1998-07-18	0
41381	328	1996-04-29	0
41382	77	1998-01-26	0
41383	943	1993-07-27	0
41408	224	1995-11-02	0
41409	130	1995-10-05	0
41410	215	1992-07-05	0
41411	796	1995-12-24	0
41412	320	1994-12-02	0
41413	16	1996-01-31	0
41414	223	1993-07-27	0
41415	1150	1995-01-25	0
41440	1150	1994-12-07	0
41441	1420	1992-04-08	0
41442	649	1994-07-22	0
41443	709	1996-03-22	0
41444	1057	1998-09-03	0
41445	61	1996-04-23	0
41446	313	1995-01-17	0
41447	922	1997-06-15	0
41472	296	1993-04-09	0
41473	80	1997-12-13	0
41474	584	1994-07-05	0
41475	1153	1998-07-13	0
41476	395	1993-08-15	0
41477	1027	1998-07-10	0
41478	722	1997-02-17	0
41479	677	1994-07-12	0
41504	1426	1993-01-12	0
41505	1102	1993-07-12	0
41506	1355	1996-10-28	0
41507	706	1994-01-11	0
41508	1150	1993-12-09	0
41509	113	1994-02-10	0
41510	616	1992-04-15	0
41511	610	1994-12-15	0
41536	727	1996-11-19	0
41537	520	1997-01-20	0
41538	1048	1997-01-08	0
41539	746	1995-07-18	0
41540	338	1997-03-14	0
41541	329	1997-02-01	0
41542	805	1994-12-11	0
41543	1462	1994-04-23	0
41568	1219	1993-08-30	0
41569	1045	1993-10-05	0
41570	197	1994-02-17	0
41571	659	1995-08-21	0
41572	815	1997-05-18	0
41573	284	1996-05-14	0
41574	289	1993-12-05	0
41575	373	1997-11-02	0
41600	4	1997-06-20	0
41601	310	1994-12-18	0
41602	295	1995-10-28	0
41603	203	1997-10-02	0
41604	377	1994-04-27	0
41605	1075	1994-03-11	0
41606	700	1994-09-07	0
41607	205	1995-03-05	0
41632	1163	1994-02-15	0
41633	1153	1994-01-24	0
41634	1085	1993-02-22	0
41635	196	1993-11-11	0
41636	1136	1994-10-29	0
41637	535	1993-07-20	0
41638	1435	1993-08-05	0
41639	830	1996-05-30	0
41664	1345	1996-02-18	0
41665	1303	1996-09-28	0
41666	661	1992-05-18	0
41667	77	1992-09-04	0
41668	1318	1996-07-22	0
41669	1492	1998-01-29	0
41670	998	1996-11-05	0
41671	487	1993-02-17	0
41696	1486	1994-09-27	0
41697	865	1997-03-02	0
41698	491	1998-06-11	0
41699	325	1993-04-16	0
41700	613	1997-09-11	0
41701	43	1997-05-12	0
41702	1180	1994-03-08	0
41703	181	1992-07-22	0
41728	79	1994-12-15	0
41729	1435	1993-04-07	0
41730	812	1997-01-31	0
41731	1499	1996-06-19	0
41732	139	1994-10-24	0
41733	650	1998-01-31	0
41734	280	1994-03-05	0
41735	1211	1996-11-17	0
41760	463	1992-04-12	0
41761	649	1998-08-19	0
41762	1427	1997-06-19	0
41763	319	1993-08-25	0
41764	299	1994-12-20	0
41765	1055	1995-02-23	0
41766	349	1992-11-26	0
41767	1375	1994-10-04	0
41792	1015	1997-09-28	0
41793	466	1994-07-30	0
41794	340	1995-08-11	0
41795	469	1996-11-30	0
41796	1264	1998-04-01	0
41797	757	1996-06-18	0
41798	769	1993-01-25	0
41799	560	1994-09-07	0
41824	1057	1993-09-18	0
41825	805	1994-11-06	0
41826	488	1993-12-31	0
41827	670	1996-02-17	0
41828	962	1997-01-20	0
41829	589	1998-01-10	0
41830	1303	1992-05-03	0
41831	878	1992-10-05	0
41856	1213	1993-11-15	0
41857	256	1995-07-21	0
41858	1099	1998-02-17	0
41859	583	1997-05-04	0
41860	545	1997-07-25	0
41861	520	1994-02-10	0
41862	1153	1997-04-14	0
41863	286	1996-03-22	0
41888	1312	1994-05-15	0
41889	812	1994-11-26	0
41890	740	1993-03-11	0
41891	655	1995-08-06	0
41892	14	1996-10-04	0
41893	439	1996-06-19	0
41894	1057	1998-09-17	0
41895	910	1995-03-27	0
41920	287	1998-09-29	0
41921	1070	1992-05-09	0
41922	1324	1993-12-15	0
41923	962	1996-10-05	0
41924	685	1995-08-09	0
41925	1394	1997-05-10	0
41926	67	1995-04-22	0
41927	251	1992-09-27	0
41952	1361	1993-10-13	0
41953	712	1997-11-20	0
41954	205	1996-07-20	0
41955	121	1995-06-16	0
41956	1339	1996-02-26	0
41957	878	1998-03-13	0
41958	1258	1997-08-08	0
41959	479	1993-07-13	0
41984	202	1997-04-16	0
41985	73	1996-09-25	0
41986	826	1993-04-30	0
41987	505	1996-01-05	0
41988	1210	1994-04-21	0
41989	358	1993-06-24	0
41990	295	1997-08-22	0
41991	361	1996-03-03	0
42016	1195	1993-10-02	0
42017	494	1995-08-15	0
42018	1367	1996-12-09	0
42019	449	1997-08-12	0
42020	1249	1995-06-04	0
42021	883	1996-08-28	0
42022	980	1994-12-09	0
42023	706	1992-12-05	0
42048	1025	1995-12-24	0
42049	563	1997-10-24	0
42050	1346	1995-06-14	0
42051	1148	1992-12-19	0
42052	259	1995-09-17	0
42053	400	1997-09-11	0
42054	13	1992-11-29	0
42055	700	1996-04-02	0
42080	599	1996-10-08	0
42081	1027	1995-03-27	0
42082	1324	1996-03-03	0
42083	175	1996-02-25	0
42084	724	1997-05-01	0
42085	418	1998-09-10	0
42086	1303	1993-10-06	0
42087	433	1997-06-22	0
42112	649	1994-03-10	0
42113	748	1994-05-07	0
42114	362	1997-05-02	0
42115	323	1992-05-04	0
42116	587	1996-11-17	0
42117	442	1995-05-05	0
42118	1324	1996-10-03	0
42119	838	1998-04-30	0
42144	208	1995-01-27	0
42145	679	1998-02-01	0
42146	734	1998-04-13	0
42147	278	1997-08-28	0
42148	317	1996-01-04	0
42149	1123	1996-06-22	0
42150	1022	1998-03-04	0
42151	640	1994-03-01	0
42176	340	1998-04-11	0
42177	694	1992-08-14	0
42178	61	1993-09-07	0
42179	637	1996-06-30	0
42180	1126	1997-10-10	0
42181	289	1996-01-01	0
42182	1151	1993-09-13	0
42183	628	1998-04-17	0
42208	881	1993-03-06	0
42209	580	1993-06-13	0
42210	1255	1994-07-06	0
42211	892	1992-09-05	0
42212	29	1992-07-07	0
42213	1133	1995-06-05	0
42214	784	1995-08-08	0
42215	935	1994-01-18	0
42240	1076	1996-05-30	0
42241	194	1992-07-08	0
42242	697	1994-06-16	0
42243	487	1992-05-26	0
42244	694	1998-07-27	0
42245	646	1997-07-27	0
42246	259	1992-07-11	0
42247	725	1996-12-14	0
42272	1160	1996-02-03	0
42273	28	1997-01-03	0
42274	127	1995-11-18	0
42275	1111	1993-01-18	0
42276	851	1994-10-04	0
42277	1345	1997-04-21	0
42278	322	1995-08-23	0
42279	701	1994-09-14	0
42304	361	1994-05-28	0
42305	925	1998-05-04	0
42306	1285	1992-11-29	0
42307	1426	1998-05-21	0
42308	133	1994-08-27	0
42309	643	1994-10-21	0
42310	679	1994-10-05	0
42311	1165	1998-09-30	0
42336	1069	1992-07-18	0
42337	262	1996-03-22	0
42338	23	1995-01-17	0
42339	1228	1994-04-29	0
42340	1426	1992-09-04	0
42341	448	1996-09-22	0
42342	68	1994-11-19	0
42343	1126	1994-10-29	0
42368	874	1996-01-25	0
42369	1403	1993-10-20	0
42370	889	1996-02-05	0
42371	1115	1996-04-23	0
42372	580	1996-07-08	0
42373	790	1995-11-01	0
42374	632	1992-10-01	0
42375	334	1993-12-16	0
42400	1172	1992-10-24	0
42401	1430	1996-11-30	0
42402	178	1992-10-27	0
42403	1226	1994-09-04	0
42404	1040	1997-12-16	0
42405	919	1993-04-07	0
42406	1036	1996-03-13	0
42407	1337	1997-03-24	0
42432	949	1993-12-01	0
42433	1405	1993-04-15	0
42434	881	1998-04-01	0
42435	181	1998-01-17	0
42436	61	1992-10-24	0
42437	181	1992-05-20	0
42438	274	1998-01-30	0
42439	358	1993-09-03	0
42464	742	1998-03-23	0
42465	523	1994-03-07	0
42466	628	1994-07-06	0
42467	1288	1993-12-29	0
42468	1013	1993-07-07	0
42469	937	1993-01-23	0
42470	1471	1998-08-24	0
42471	683	1992-05-24	0
42496	976	1997-04-13	0
42497	751	1996-07-12	0
42498	235	1993-04-14	0
42499	428	1995-11-07	0
42500	724	1993-04-22	0
42501	91	1993-01-28	0
42502	1411	1997-08-03	0
42503	1439	1997-02-17	0
42528	862	1993-05-10	0
42529	745	1993-12-25	0
42530	1000	1997-06-24	0
42531	1261	1996-07-26	0
42532	835	1996-04-15	0
42533	586	1998-08-11	0
42534	766	1993-07-17	0
42535	1295	1996-01-23	0
42560	1318	1993-01-16	0
42561	940	1993-04-23	0
42562	1000	1994-09-24	0
42563	1229	1993-10-27	0
42564	272	1992-11-27	0
42565	481	1993-12-07	0
42566	190	1994-05-25	0
42567	497	1993-03-28	0
42592	719	1994-10-02	0
42593	601	1998-08-08	0
42594	199	1996-02-02	0
42595	1379	1997-09-13	0
42596	349	1992-10-29	0
42597	1088	1993-06-09	0
42598	199	1996-07-14	0
42599	1282	1994-06-21	0
42624	115	1992-05-04	0
42625	1300	1997-11-11	0
42626	1084	1998-04-28	0
42627	355	1997-02-23	0
42628	490	1995-07-20	0
42629	1318	1994-04-13	0
42630	1171	1993-04-05	0
42631	940	1994-07-24	0
42656	1478	1996-02-15	0
42657	1138	1995-12-18	0
42658	448	1993-08-30	0
42659	920	1995-10-01	0
42660	1178	1997-04-26	0
42661	154	1998-07-27	0
42662	1274	1997-09-14	0
42663	1147	1998-05-16	0
42688	476	1992-10-15	0
42689	397	1996-02-20	0
42690	623	1993-12-13	0
42691	625	1993-08-08	0
42692	976	1996-03-05	0
42693	1232	1994-06-19	0
42694	1162	1996-06-10	0
42695	1075	1994-03-08	0
42720	1267	1995-10-04	0
42721	380	1997-03-11	0
42722	976	1992-12-22	0
42723	226	1998-03-06	0
42724	1123	1996-11-08	0
42725	7	1995-07-17	0
42726	1216	1993-09-30	0
42727	280	1995-07-14	0
42752	1166	1996-11-26	0
42753	1297	1992-04-03	0
42754	1004	1993-11-08	0
42755	1307	1992-10-16	0
42756	1150	1993-09-06	0
42757	283	1995-08-14	0
42758	1219	1993-01-25	0
42759	676	1997-04-24	0
42784	871	1996-07-12	0
42785	112	1996-11-26	0
42786	422	1993-12-25	0
42787	853	1997-07-30	0
42788	1015	1995-12-28	0
42789	904	1992-05-04	0
42790	1396	1998-07-14	0
42791	689	1998-03-07	0
42816	1396	1992-06-01	0
42817	1084	1997-11-14	0
42818	533	1993-08-12	0
42819	380	1998-06-09	0
42820	491	1993-05-03	0
42821	565	1997-10-06	0
42822	1106	1998-07-12	0
42823	1255	1993-09-09	0
42848	686	1992-12-21	0
42849	1102	1996-07-22	0
42850	1111	1995-09-05	0
42851	592	1994-08-16	0
42852	554	1995-03-06	0
42853	278	1997-02-24	0
42854	545	1998-04-22	0
42855	379	1995-09-22	0
42880	422	1997-06-12	0
42881	829	1992-12-30	0
42882	761	1994-01-11	0
42883	596	1995-04-12	0
42884	704	1993-05-27	0
42885	928	1997-01-29	0
42886	1265	1992-03-24	0
42887	1327	1992-08-25	0
42912	1387	1993-07-19	0
42913	559	1996-08-06	0
42914	25	1998-06-24	0
42915	1252	1998-06-01	0
42916	1456	1997-04-30	0
42917	61	1996-05-16	0
42918	1490	1995-08-06	0
42919	325	1995-12-21	0
42944	199	1993-02-02	0
42945	394	1993-03-15	0
42946	580	1997-11-25	0
42947	646	1993-11-10	0
42948	1361	1997-01-26	0
42949	22	1994-08-05	0
42950	1073	1993-11-06	0
42951	683	1992-12-01	0
42976	188	1998-10-10	0
42977	1480	1997-12-05	0
42978	683	1997-12-17	0
42979	503	1995-07-16	0
42980	461	1998-09-26	0
42981	158	1994-08-14	0
42982	224	1992-10-11	0
42983	773	1997-09-11	0
43008	1235	1997-01-09	0
43009	1217	1994-08-14	0
43010	221	1992-12-24	0
43011	299	1996-07-16	0
43012	824	1992-10-24	0
43013	256	1995-07-07	0
43014	305	1995-01-27	0
43015	1145	1996-05-15	0
43040	650	1996-10-17	0
43041	20	1997-03-04	0
43042	1156	1997-11-01	0
43043	274	1992-06-29	0
43044	368	1995-01-01	0
43045	646	1992-08-29	0
43046	1192	1996-11-09	0
43047	881	1997-05-12	0
43072	1100	1998-07-16	0
43073	976	1996-10-29	0
43074	352	1993-12-14	0
43075	433	1997-09-17	0
43076	244	1993-08-31	0
43077	166	1997-03-10	0
43078	10	1998-06-22	0
43079	983	1994-10-05	0
43104	886	1993-01-12	0
43105	797	1998-03-27	0
43106	928	1995-04-07	0
43107	1459	1997-07-28	0
43108	172	1996-10-30	0
43109	1067	1993-03-07	0
43110	1384	1995-04-23	0
43111	943	1995-11-27	0
43136	1274	1993-11-09	0
43137	292	1995-05-13	0
43138	557	1992-05-29	0
43139	38	1997-04-05	0
43140	391	1994-06-02	0
43141	512	1993-09-18	0
43142	1318	1996-04-21	0
43143	1274	1998-04-08	0
43168	677	1996-06-12	0
43169	277	1994-06-15	0
43170	283	1993-07-28	0
43171	1027	1996-08-27	0
43172	938	1994-09-17	0
43173	718	1996-03-18	0
43174	1123	1998-03-19	0
43175	610	1996-05-09	0
43200	563	1993-10-15	0
43201	638	1995-05-18	0
43202	626	1994-10-15	0
43203	1201	1992-04-30	0
43204	1288	1995-02-18	0
43205	1351	1997-07-12	0
43206	1159	1994-11-07	0
43207	124	1993-08-24	0
43232	292	1995-12-28	0
43233	1060	1993-09-03	0
43234	607	1997-12-31	0
43235	1357	1995-09-28	0
43236	643	1993-09-17	0
43237	808	1993-08-11	0
43238	448	1996-06-21	0
43239	233	1995-05-31	0
43264	46	1996-06-15	0
43265	937	1997-10-18	0
43266	211	1998-04-21	0
43267	304	1995-07-31	0
43268	1150	1996-11-19	0
43269	667	1994-06-25	0
43270	149	1992-11-16	0
43271	838	1993-05-18	0
43296	46	1992-05-18	0
43297	514	1998-05-14	0
43298	637	1995-09-24	0
43299	778	1997-03-14	0
43300	502	1998-05-18	0
43301	1142	1994-11-05	0
43302	1454	1995-11-07	0
43303	1141	1994-05-19	0
43328	1093	1995-05-18	0
43329	172	1993-05-22	0
43330	239	1994-07-12	0
43331	1364	1998-06-03	0
43332	62	1992-11-25	0
43333	1330	1994-03-05	0
43334	1411	1993-10-15	0
43335	316	1998-07-27	0
43360	241	1994-12-28	0
43361	292	1995-12-09	0
43362	167	1994-03-29	0
43363	1189	1995-11-20	0
43364	1255	1992-06-22	0
43365	1190	1998-05-23	0
43366	1177	1997-07-03	0
43367	719	1993-05-24	0
43392	652	1995-03-17	0
43393	395	1996-09-17	0
43394	124	1994-09-02	0
43395	580	1996-03-03	0
43396	1435	1993-03-01	0
43397	955	1995-07-27	0
43398	1342	1995-07-09	0
43399	475	1994-10-14	0
43424	967	1995-11-02	0
43425	199	1994-03-29	0
43426	509	1993-05-24	0
43427	1444	1995-12-22	0
43428	1253	1998-06-12	0
43429	808	1992-09-19	0
43430	586	1992-09-04	0
43431	1217	1995-07-31	0
43456	713	1997-07-01	0
43457	193	1996-08-19	0
43458	647	1996-08-27	0
43459	1009	1996-01-22	0
43460	1127	1992-08-26	0
43461	308	1998-05-11	0
43462	574	1993-08-05	0
43463	223	1996-10-11	0
43488	1249	1992-09-02	0
43489	841	1996-12-05	0
43490	356	1994-11-02	0
43491	766	1995-05-23	0
43492	1475	1996-05-31	0
43493	958	1992-07-25	0
43494	913	1992-03-19	0
43495	881	1997-01-11	0
43520	1408	1998-04-24	0
43521	287	1994-07-17	0
43522	866	1994-04-10	0
43523	1349	1992-08-07	0
43524	847	1992-09-20	0
43525	1013	1993-08-09	0
43526	65	1993-08-10	0
43527	655	1993-11-05	0
43552	517	1994-07-05	0
43553	1366	1994-07-29	0
43554	670	1995-01-14	0
43555	169	1992-09-17	0
43556	220	1992-10-06	0
43557	727	1998-04-16	0
43558	341	1996-09-02	0
43559	1372	1995-10-21	0
43584	1045	1996-08-18	0
43585	1373	1994-01-25	0
43586	1135	1996-12-30	0
43587	856	1997-04-10	0
43588	1163	1992-11-16	0
43589	880	1993-08-09	0
43590	200	1994-11-25	0
43591	1495	1996-05-14	0
43616	346	1997-02-17	0
43617	320	1996-07-11	0
43618	1078	1996-11-05	0
43619	811	1997-07-16	0
43620	431	1994-04-03	0
43621	541	1995-04-29	0
43622	721	1997-10-15	0
43623	646	1998-07-12	0
43648	1355	1995-06-14	0
43649	148	1993-12-10	0
43650	880	1994-06-07	0
43651	1094	1998-01-19	0
43652	626	1998-02-21	0
43653	1363	1993-01-14	0
43654	893	1994-08-26	0
43655	850	1997-09-15	0
43680	1126	1993-06-06	0
43681	1313	1995-06-14	0
43682	547	1992-11-11	0
43683	683	1997-11-27	0
43684	607	1997-03-28	0
43685	364	1997-10-30	0
43686	638	1995-07-22	0
43687	49	1997-06-10	0
43712	415	1995-06-08	0
43713	1450	1992-11-22	0
43714	112	1996-10-13	0
43715	865	1996-09-11	0
43716	1424	1995-07-17	0
43717	314	1997-02-28	0
43718	1210	1997-04-21	0
43719	551	1997-10-24	0
43744	706	1992-04-26	0
43745	928	1994-01-16	0
43746	326	1997-10-07	0
43747	821	1997-10-23	0
43748	652	1992-07-02	0
43749	1046	1992-11-08	0
43750	253	1997-01-04	0
43751	388	1992-09-11	0
43776	1040	1993-02-16	0
43777	1361	1998-07-07	0
43778	556	1997-06-25	0
43779	616	1994-11-05	0
43780	724	1997-02-12	0
43781	1366	1993-04-19	0
43782	611	1994-01-28	0
43783	1481	1997-04-06	0
43808	1001	1995-03-23	0
43809	1315	1997-07-09	0
43810	1141	1998-05-29	0
43811	1192	1998-08-12	0
43812	973	1996-08-11	0
43813	110	1994-10-05	0
43814	559	1995-03-26	0
43815	1357	1992-08-28	0
43840	1234	1998-06-19	0
43841	1468	1996-01-16	0
43842	1196	1994-04-17	0
43843	1189	1997-12-14	0
43844	1261	1994-01-15	0
43845	1465	1997-04-07	0
43846	1061	1994-05-13	0
43847	1325	1992-10-28	0
43872	493	1997-09-21	0
43873	1444	1997-08-13	0
43874	958	1992-08-25	0
43875	1471	1996-02-21	0
43876	664	1996-06-11	0
43877	1252	1993-05-30	0
43878	1439	1996-06-11	0
43879	1	1993-10-27	0
43904	652	1993-07-16	0
43905	1216	1998-04-16	0
43906	853	1992-04-24	0
43907	556	1992-10-02	0
43908	41	1998-03-18	0
43909	1030	1994-03-24	0
43910	1027	1997-06-13	0
43911	1288	1994-03-31	0
43936	391	1993-05-28	0
43937	1057	1992-05-27	0
43938	580	1998-01-07	0
43939	563	1994-04-25	0
43940	830	1993-05-08	0
43941	616	1997-03-04	0
43942	199	1996-11-01	0
43943	557	1997-12-27	0
43968	1169	1996-11-15	0
43969	835	1998-10-10	0
43970	700	1993-10-13	0
43971	1247	1996-06-14	0
43972	1079	1993-05-31	0
43973	701	1998-04-01	0
43974	1103	1994-12-01	0
43975	332	1995-03-21	0
44000	278	1992-12-19	0
44001	631	1997-12-08	0
44002	481	1994-04-24	0
44003	1475	1996-02-01	0
44004	706	1995-10-07	0
44005	406	1993-11-18	0
44006	802	1998-04-26	0
44007	155	1995-08-14	0
44032	697	1993-06-13	0
44033	1370	1992-03-26	0
44034	1078	1996-08-30	0
44035	1174	1992-05-06	0
44036	412	1992-03-27	0
44037	1249	1992-09-12	0
44038	1021	1997-06-30	0
44039	370	1996-12-05	0
44064	856	1993-05-18	0
44065	1486	1993-09-17	0
44066	125	1997-07-08	0
44067	919	1997-02-09	0
44068	1231	1995-07-23	0
44069	1070	1994-03-19	0
44070	1258	1997-12-10	0
44071	898	1992-06-30	0
44096	1021	1997-04-14	0
44097	293	1996-03-03	0
44098	427	1993-04-13	0
44099	569	1992-05-27	0
44100	1231	1998-08-26	0
44101	829	1996-03-31	0
44102	649	1995-03-30	0
44103	802	1997-04-23	0
44128	64	1997-01-31	0
44129	5	1998-05-28	0
44130	491	1996-04-13	0
44131	626	1998-01-06	0
44132	1246	1997-06-12	0
44133	1360	1993-03-23	0
44134	826	1995-01-14	0
44135	1120	1995-01-24	0
44160	401	1997-02-04	0
44161	1183	1996-12-01	0
44162	157	1993-06-03	0
44163	1180	1997-03-30	0
44164	1084	1996-06-30	0
44165	280	1996-10-14	0
44166	1105	1998-02-11	0
44167	323	1992-04-15	0
44192	1213	1997-09-18	0
44193	992	1997-11-02	0
44194	121	1996-10-12	0
44195	319	1996-05-06	0
44196	199	1994-11-06	0
44197	298	1994-04-06	0
44198	148	1995-03-21	0
44199	1402	1992-05-19	0
44224	536	1993-10-24	0
44225	1024	1994-06-18	0
44226	1360	1996-02-18	0
44227	1048	1992-06-09	0
44228	1237	1998-05-28	0
44229	430	1993-07-29	0
44230	446	1993-06-02	0
44231	508	1995-01-18	0
44256	220	1996-02-03	0
44257	590	1996-11-22	0
44258	830	1994-08-18	0
44259	1177	1997-10-12	0
44260	1331	1998-05-06	0
44261	446	1992-06-07	0
44262	467	1994-07-24	0
44263	1309	1998-07-04	0
44288	304	1997-01-25	0
44289	403	1996-10-08	0
44290	218	1993-06-05	0
44291	214	1996-03-03	0
44292	763	1995-08-29	0
44293	514	1996-10-03	0
44294	850	1994-08-18	0
44295	1118	1993-04-09	0
44320	269	1994-07-14	0
44321	1250	1995-09-06	0
44322	160	1995-12-27	0
44323	355	1992-10-22	0
44324	397	1998-01-05	0
44325	986	1994-04-27	0
44326	1003	1992-11-21	0
44327	235	1998-03-04	0
44352	1499	1994-11-30	0
44353	598	1995-04-20	0
44354	1129	1997-08-18	0
44355	532	1996-05-07	0
44356	782	1996-08-28	0
44357	134	1996-01-30	0
44358	1282	1993-06-16	0
44359	856	1994-02-13	0
44384	1106	1998-03-16	0
44385	1090	1996-04-14	0
44386	100	1992-06-24	0
44387	1390	1994-04-21	0
44388	1339	1997-07-13	0
44389	326	1994-05-10	0
44390	940	1994-02-17	0
44391	220	1994-03-27	0
44416	806	1996-09-03	0
44417	779	1994-02-12	0
44418	739	1995-04-17	0
44419	1189	1997-09-09	0
44420	85	1998-07-11	0
44421	911	1998-08-06	0
44422	67	1992-06-28	0
44423	493	1992-10-13	0
44448	1319	1994-06-28	0
44449	994	1995-11-04	0
44450	556	1993-12-24	0
44451	1177	1995-11-26	0
44452	574	1996-02-23	0
44453	1135	1994-06-09	0
44454	676	1997-03-01	0
44455	82	1997-09-02	0
44480	244	1993-07-27	0
44481	241	1996-08-20	0
44482	1499	1998-06-01	0
44483	904	1996-10-14	0
44484	1057	1996-04-29	0
44485	440	1994-09-09	0
44486	4	1992-09-23	0
44487	916	1994-11-26	0
44512	958	1993-06-27	0
44513	1309	1994-09-23	0
44514	1256	1995-02-17	0
44515	1432	1996-12-11	0
44516	871	1995-09-13	0
44517	940	1994-07-08	0
44518	97	1996-09-24	0
44519	1303	1993-08-03	0
44544	1243	1998-05-18	0
44545	37	1998-03-26	0
44546	637	1993-06-08	0
44547	712	1995-07-11	0
44548	790	1997-10-09	0
44549	814	1992-04-07	0
44550	691	1997-11-09	0
44551	454	1997-03-12	0
44576	1474	1995-03-11	0
44577	922	1997-05-27	0
44578	862	1997-04-19	0
44579	850	1995-08-18	0
44580	1357	1992-06-05	0
44581	193	1998-01-29	0
44582	1390	1997-02-07	0
44583	605	1994-12-19	0
44608	239	1992-04-21	0
44609	1246	1995-09-02	0
44610	155	1995-05-25	0
44611	1058	1997-10-04	0
44612	1006	1995-05-28	0
44613	514	1993-11-14	0
44614	17	1993-08-29	0
44615	523	1993-07-24	0
44640	1129	1997-12-16	0
44641	875	1998-05-05	0
44642	169	1998-02-27	0
44643	1126	1994-06-02	0
44644	1282	1996-04-08	0
44645	1006	1995-06-22	0
44646	1400	1992-03-20	0
44647	934	1992-04-09	0
44672	1429	1998-06-29	0
44673	973	1996-11-18	0
44674	124	1996-12-12	0
44675	898	1996-06-10	0
44676	923	1998-06-07	0
44677	310	1997-10-18	0
44678	1291	1992-12-28	0
44679	757	1992-08-18	0
44704	464	1997-04-23	0
44705	91	1996-11-19	0
44706	190	1993-06-14	0
44707	1013	1997-10-28	0
44708	20	1994-10-11	0
44709	925	1996-04-01	0
44710	1399	1995-07-30	0
44711	1000	1994-11-21	0
44736	490	1993-07-09	0
44737	1133	1993-02-03	0
44738	1045	1994-02-19	0
44739	871	1998-07-20	0
44740	964	1992-08-19	0
44741	910	1998-06-29	0
44742	1286	1993-05-21	0
44743	1393	1996-03-19	0
44768	962	1992-08-10	0
44769	481	1993-04-27	0
44770	938	1998-08-12	0
44771	1103	1996-12-24	0
44772	742	1994-06-15	0
44773	974	1996-06-25	0
44774	691	1998-09-23	0
44775	925	1994-12-14	0
44800	1355	1995-11-07	0
44801	517	1997-03-11	0
44802	281	1992-04-13	0
44803	8	1998-10-10	0
44804	70	1996-04-29	0
44805	559	1992-11-29	0
44806	637	1998-02-20	0
44807	40	1998-06-09	0
44832	1033	1996-03-25	0
44833	583	1994-12-31	0
44834	880	1994-07-05	0
44835	1243	1997-11-16	0
44836	16	1994-11-26	0
44837	661	1996-08-20	0
44838	974	1997-12-18	0
44839	440	1992-08-26	0
44864	433	1993-09-01	0
44865	409	1997-12-18	0
44866	250	1997-04-10	0
44867	347	1994-10-10	0
44868	7	1997-05-31	0
44869	463	1992-11-06	0
44870	652	1997-11-08	0
44871	757	1995-07-18	0
44896	1256	1996-08-15	0
44897	1312	1993-05-24	0
44898	110	1992-06-17	0
44899	988	1998-06-30	0
44900	1316	1993-04-26	0
44901	68	1997-04-25	0
44902	314	1998-06-28	0
44903	41	1992-05-24	0
44928	446	1996-03-28	0
44929	794	1993-10-14	0
44930	52	1994-12-07	0
44931	1070	1996-01-24	0
44932	1187	1996-03-28	0
44933	193	1993-11-01	0
44934	7	1993-07-04	0
44935	197	1994-02-01	0
44960	1258	1995-07-18	0
44961	1132	1996-04-28	0
44962	2	1995-03-14	0
44963	28	1997-05-11	0
44964	274	1996-11-16	0
44965	44	1995-12-17	0
44966	298	1992-05-20	0
44967	830	1996-12-14	0
44992	137	1993-03-10	0
44993	241	1996-03-06	0
44994	95	1998-03-25	0
44995	781	1994-10-21	0
44996	824	1997-01-03	0
44997	760	1995-12-13	0
44998	1468	1997-03-02	0
44999	73	1993-04-08	0
45024	971	1998-08-02	0
45025	1441	1995-06-26	0
45026	200	1996-04-09	0
45027	1135	1992-11-27	0
45028	103	1996-05-19	0
45029	547	1993-09-17	0
45030	293	1993-10-08	0
45031	526	1993-02-06	0
45056	574	1995-01-07	0
45057	1097	1997-06-02	0
45058	221	1997-03-29	0
45059	124	1995-04-20	0
45060	593	1994-09-08	0
45061	1465	1996-06-16	0
45062	1418	1998-08-26	0
45063	142	1997-03-27	0
45088	1144	1994-02-06	0
45089	559	1994-04-13	0
45090	176	1993-09-19	0
45091	1307	1995-11-17	0
45092	668	1996-11-25	0
45093	523	1998-05-29	0
45094	260	1997-06-28	0
45095	707	1997-06-18	0
45120	259	1994-06-24	0
45121	1132	1998-07-03	0
45122	1436	1993-01-22	0
45123	1258	1998-06-11	0
45124	392	1998-04-05	0
45125	155	1992-08-12	0
45126	925	1992-07-31	0
45127	14	1993-03-16	0
45152	1412	1998-01-06	0
45153	559	1992-07-16	0
45154	209	1997-01-13	0
45155	745	1995-05-02	0
45156	1019	1995-04-29	0
45157	1496	1997-07-28	0
45158	1448	1993-06-25	0
45159	665	1994-07-22	0
45184	1339	1993-09-01	0
45185	44	1993-06-07	0
45186	818	1998-07-25	0
45187	409	1994-01-26	0
45188	907	1996-10-24	0
45189	1451	1995-02-25	0
45190	1118	1994-02-03	0
45191	751	1993-01-27	0
45216	931	1996-09-10	0
45217	265	1993-11-16	0
45218	727	1994-07-25	0
45219	1003	1992-05-15	0
45220	442	1997-08-07	0
45221	139	1997-12-30	0
45222	61	1996-09-25	0
45223	1177	1996-11-26	0
45248	1481	1995-07-01	0
45249	1123	1994-02-11	0
45250	295	1998-01-06	0
45251	959	1993-11-11	0
45252	422	1994-09-23	0
45253	1381	1997-02-10	0
45254	64	1993-10-10	0
45255	1102	1997-09-28	0
45280	1079	1998-01-17	0
45281	701	1997-05-21	0
45282	863	1998-02-18	0
45283	1123	1996-12-21	0
45284	788	1992-03-23	0
45285	169	1996-11-29	0
45286	1436	1998-10-06	0
45287	1111	1998-03-04	0
45312	1474	1996-07-23	0
45313	905	1996-11-16	0
45314	133	1996-05-29	0
45315	1303	1992-07-05	0
45316	995	1997-10-18	0
45317	1384	1992-05-16	0
45318	1069	1998-01-18	0
45319	475	1997-07-26	0
45344	1493	1994-01-08	0
45345	776	1993-09-11	0
45346	1048	1993-01-30	0
45347	86	1993-12-14	0
45348	1193	1993-08-19	0
45349	1400	1995-04-28	0
45350	1193	1995-03-20	0
45351	928	1997-07-26	0
45376	643	1996-02-16	0
45377	992	1995-06-18	0
45378	1202	1992-07-31	0
45379	970	1994-09-05	0
45380	1138	1994-07-15	0
45381	236	1995-11-05	0
45382	154	1996-04-05	0
45383	256	1997-09-24	0
45408	1000	1994-03-12	0
45409	1216	1993-06-27	0
45410	778	1994-11-03	0
45411	823	1995-09-14	0
45412	217	1993-07-07	0
45413	212	1993-08-23	0
45414	1408	1994-04-28	0
45415	28	1992-05-21	0
45440	364	1992-10-24	0
45441	595	1997-12-18	0
45442	1459	1995-04-23	0
45443	442	1996-05-23	0
45444	487	1993-01-24	0
45445	1027	1996-06-13	0
45446	592	1997-09-29	0
45447	355	1992-04-11	0
45472	685	1996-10-29	0
45473	598	1995-10-25	0
45474	946	1996-05-07	0
45475	1279	1993-08-14	0
45476	202	1992-07-03	0
45477	500	1996-04-02	0
45478	733	1996-11-25	0
45479	1445	1998-07-13	0
45504	274	1992-11-26	0
45505	820	1998-06-10	0
45506	1009	1996-03-11	0
45507	1433	1997-06-17	0
45508	38	1997-12-10	0
45509	1387	1993-03-19	0
45510	1186	1997-02-26	0
45511	389	1993-11-05	0
45536	52	1992-05-13	0
45537	1037	1998-02-09	0
45538	296	1997-11-01	0
45539	1121	1994-10-17	0
45540	1003	1996-06-12	0
45541	250	1998-07-05	0
45542	1420	1993-04-24	0
45543	607	1995-04-19	0
45568	1258	1998-06-15	0
45569	1052	1997-07-10	0
45570	250	1993-10-24	0
45571	841	1992-12-08	0
45572	1105	1996-08-22	0
45573	317	1994-10-27	0
45574	616	1996-12-22	0
45575	583	1992-06-27	0
45600	1444	1992-10-22	0
45601	1102	1995-12-11	0
45602	547	1997-01-09	0
45603	805	1996-11-03	0
45604	1234	1993-05-06	0
45605	728	1993-06-25	0
45606	1300	1995-12-07	0
45607	28	1998-01-28	0
45632	155	1993-07-25	0
45633	1427	1997-04-15	0
45634	551	1997-10-13	0
45635	280	1992-06-22	0
45636	1415	1996-12-20	0
45637	944	1994-06-02	0
45638	163	1997-11-10	0
45639	325	1996-08-20	0
45664	238	1992-08-24	0
45665	1388	1997-07-25	0
45666	1447	1997-04-30	0
45667	655	1996-07-07	0
45668	1498	1994-02-26	0
45669	799	1995-09-14	0
45670	1303	1992-10-22	0
45671	662	1995-08-27	0
45696	68	1997-03-04	0
45697	1096	1992-03-16	0
45698	1063	1992-07-08	0
45699	970	1997-11-19	0
45700	910	1993-01-28	0
45701	211	1997-07-09	0
45702	1145	1995-10-24	0
45703	871	1996-08-16	0
45728	436	1993-09-05	0
45729	1051	1998-06-26	0
45730	1469	1998-03-01	0
45731	139	1994-10-25	0
45732	565	1994-04-21	0
45733	268	1994-02-20	0
45734	707	1992-10-01	0
45735	835	1997-06-05	0
45760	256	1993-10-06	0
45761	559	1992-07-27	0
45762	890	1993-10-05	0
45763	967	1993-09-21	0
45764	295	1996-11-06	0
45765	1250	1993-12-29	0
45766	1289	1993-07-22	0
45767	853	1992-09-24	0
45792	460	1997-01-26	0
45793	268	1996-11-15	0
45794	149	1995-12-09	0
45795	695	1998-03-25	0
45796	746	1996-03-31	0
45797	67	1998-02-09	0
45798	247	1993-09-24	0
45799	179	1995-08-16	0
45824	791	1995-02-20	0
45825	1090	1992-12-22	0
45826	595	1997-08-23	0
45827	1012	1992-10-18	0
45828	521	1997-08-22	0
45829	514	1995-05-27	0
45830	103	1998-01-04	0
45831	1313	1997-07-01	0
45856	1190	1998-05-06	0
45857	728	1997-11-21	0
45858	1354	1996-12-22	0
45859	1348	1994-01-24	0
45860	950	1992-10-27	0
45861	1225	1995-11-09	0
45862	968	1997-09-15	0
45863	277	1993-12-04	0
45888	1085	1993-09-05	0
45889	1306	1996-04-16	0
45890	1442	1995-11-30	0
45891	1366	1992-06-30	0
45892	1465	1994-07-26	0
45893	724	1995-08-10	0
45894	1276	1996-09-08	0
45895	667	1994-09-03	0
45920	1321	1996-09-11	0
45921	314	1996-03-20	0
45922	748	1994-01-02	0
45923	317	1997-04-05	0
45924	442	1994-03-07	0
45925	1001	1996-07-12	0
45926	310	1995-05-18	0
45927	1277	1994-12-10	0
45952	1090	1997-06-04	0
45953	1366	1998-08-03	0
45954	1081	1998-03-11	0
45955	157	1998-10-16	0
45956	566	1996-11-19	0
45957	22	1993-12-06	0
45958	1295	1995-08-09	0
45959	380	1995-02-20	0
45984	1471	1992-04-12	0
45985	622	1997-06-06	0
45986	272	1995-03-11	0
45987	1300	1994-05-27	0
45988	1399	1994-11-16	0
45989	1327	1993-11-07	0
45990	179	1994-11-15	0
45991	568	1995-05-01	0
46016	589	1993-07-26	0
46017	328	1992-05-02	0
46018	1325	1994-10-26	0
46019	256	1997-10-22	0
46020	1396	1997-05-15	0
46021	1054	1994-05-17	0
46022	889	1997-11-19	0
46023	1243	1992-06-08	0
46048	544	1993-02-25	0
46049	418	1992-07-12	0
46050	223	1993-03-21	0
46051	11	1998-04-06	0
46052	733	1995-02-07	0
46053	799	1992-11-28	0
46054	1447	1993-02-14	0
46055	800	1992-08-17	0
46080	1012	1997-12-05	0
46081	164	1992-09-12	0
46082	610	1998-05-10	0
46083	1018	1993-11-28	0
46084	886	1997-11-24	0
46085	83	1992-03-18	0
46086	1186	1996-01-23	0
46087	371	1996-01-09	0
46112	13	1992-12-22	0
46113	671	1995-02-16	0
46114	455	1997-09-07	0
46115	158	1995-05-17	0
46116	88	1995-03-24	0
46117	971	1995-08-06	0
46118	358	1997-06-25	0
46119	808	1994-05-02	0
46144	911	1993-02-22	0
46145	553	1997-04-16	0
46146	427	1997-11-23	0
46147	251	1995-04-01	0
46148	1345	1997-08-02	0
46149	1162	1996-08-01	0
46150	415	1993-05-04	0
46151	479	1995-01-23	0
46176	1384	1997-11-21	0
46177	1001	1994-02-19	0
46178	1081	1996-04-19	0
46179	1150	1998-09-20	0
46180	478	1997-10-10	0
46181	1180	1997-09-08	0
46182	1393	1993-05-26	0
46183	805	1994-02-27	0
46208	1036	1997-08-30	0
46209	859	1996-07-25	0
46210	457	1994-12-08	0
46211	928	1993-08-26	0
46212	1474	1992-11-27	0
46213	347	1993-03-24	0
46214	481	1993-04-25	0
46215	1195	1993-10-06	0
46240	31	1994-12-14	0
46241	407	1994-05-29	0
46242	424	1993-10-17	0
46243	329	1992-04-09	0
46244	1268	1994-09-16	0
46245	377	1997-12-11	0
46246	973	1998-04-02	0
46247	1391	1996-12-10	0
46272	686	1996-05-27	0
46273	28	1997-11-05	0
46274	442	1997-05-02	0
46275	743	1997-07-05	0
46276	1108	1993-02-23	0
46277	460	1997-01-28	0
46278	158	1997-12-18	0
46279	362	1997-09-07	0
46304	155	1996-01-29	0
46305	140	1995-10-14	0
46306	818	1998-07-13	0
46307	713	1995-04-23	0
46308	688	1996-08-31	0
46309	1093	1994-01-06	0
46310	1025	1993-10-05	0
46311	793	1995-10-09	0
46336	553	1995-10-13	0
46337	397	1992-07-12	0
46338	484	1997-06-13	0
46339	1147	1994-09-19	0
46340	1246	1992-07-20	0
46341	811	1995-03-03	0
46342	1142	1994-08-14	0
46343	50	1997-12-10	0
46368	280	1992-07-09	0
46369	1337	1997-06-30	0
46370	1376	1998-03-28	0
46371	85	1994-11-17	0
46372	607	1995-05-13	0
46373	575	1998-02-09	0
46374	701	1993-09-21	0
46375	86	1993-11-10	0
46400	421	1997-05-10	0
46401	638	1998-07-05	0
46402	1100	1995-03-25	0
46403	823	1994-08-14	0
46404	1459	1992-05-19	0
46405	1112	1993-03-14	0
46406	853	1998-09-28	0
46407	253	1994-06-10	0
46432	802	1994-07-08	0
46433	1487	1996-03-15	0
46434	1153	1993-06-16	0
46435	1064	1997-01-28	0
46436	1114	1994-06-19	0
46437	397	1994-11-30	0
46438	1262	1994-08-03	0
46439	1270	1998-08-20	0
46464	584	1997-05-25	0
46465	1393	1994-07-17	0
46466	574	1992-05-07	0
46467	1186	1998-07-17	0
46468	622	1995-03-28	0
46469	410	1994-10-31	0
46470	1054	1994-02-19	0
46471	215	1992-09-26	0
46496	890	1997-05-01	0
46497	1084	1992-09-03	0
46498	1043	1997-11-04	0
46499	562	1994-08-22	0
46500	647	1996-04-15	0
46501	508	1996-07-19	0
46502	1042	1996-11-15	0
46503	1318	1996-01-21	0
46528	328	1995-02-20	0
46529	217	1997-09-03	0
46530	448	1995-06-01	0
46531	1240	1995-11-05	0
46532	1321	1998-03-11	0
46533	1055	1994-12-22	0
46534	412	1992-12-18	0
46535	563	1995-05-16	0
46560	350	1997-11-06	0
46561	446	1997-08-02	0
46562	439	1995-04-29	0
46563	281	1992-04-01	0
46564	992	1998-07-23	0
46565	455	1995-09-06	0
46566	805	1992-06-24	0
46567	160	1998-06-29	0
46592	209	1994-10-18	0
46593	1003	1998-08-22	0
46594	1489	1998-06-19	0
46595	689	1998-08-24	0
46596	989	1993-09-14	0
46597	140	1993-03-17	0
46598	1025	1995-06-30	0
46599	1219	1993-11-28	0
46624	115	1993-07-11	0
46625	1028	1994-10-04	0
46626	163	1992-09-11	0
46627	1339	1994-08-26	0
46628	974	1994-11-19	0
46629	101	1996-10-20	0
46630	142	1998-06-02	0
46631	1066	1992-05-26	0
46656	112	1994-09-30	0
46657	586	1996-06-19	0
46658	734	1995-11-05	0
46659	427	1993-06-24	0
46660	1168	1996-10-02	0
46661	1276	1998-06-20	0
46662	158	1996-03-14	0
46663	199	1998-05-14	0
46688	448	1997-12-14	0
46689	1313	1996-03-27	0
46690	355	1993-11-21	0
46691	599	1992-09-08	0
46692	479	1996-10-08	0
46693	1249	1998-09-23	0
46694	1138	1995-11-11	0
46695	232	1993-07-10	0
46720	1294	1997-07-31	0
46721	1276	1994-11-28	0
46722	1436	1996-04-05	0
46723	796	1992-06-27	0
46724	1021	1997-04-13	0
46725	325	1993-12-05	0
46726	1016	1992-09-19	0
46727	1169	1995-01-28	0
46752	1268	1996-10-11	0
46753	382	1996-06-16	0
46754	695	1997-12-07	0
46755	197	1995-04-23	0
46756	431	1994-12-26	0
46757	758	1995-08-19	0
46758	1337	1995-11-17	0
46759	1391	1996-02-28	0
46784	1189	1996-01-03	0
46785	1463	1993-04-17	0
46786	542	1993-06-17	0
46787	1345	1992-06-13	0
46788	898	1992-04-17	0
46789	1192	1997-04-05	0
46790	1444	1998-05-31	0
46791	1147	1994-05-19	0
46816	433	1996-03-25	0
46817	1252	1992-10-12	0
46818	82	1996-02-01	0
46819	40	1998-01-27	0
46820	88	1996-11-11	0
46821	1007	1996-06-18	0
46822	361	1997-06-07	0
46823	1064	1994-05-24	0
46848	209	1995-01-25	0
46849	355	1994-02-27	0
46850	529	1994-02-23	0
46851	1357	1997-02-18	0
46852	1390	1992-04-13	0
46853	1447	1994-08-06	0
46854	274	1996-12-03	0
46855	137	1993-05-20	0
46880	1307	1993-09-17	0
46881	244	1994-12-21	0
46882	1486	1997-06-11	0
46883	289	1997-08-05	0
46884	1051	1994-04-03	0
46885	73	1995-08-22	0
46886	1252	1998-05-05	0
46887	130	1997-11-11	0
46912	490	1992-09-14	0
46913	1462	1998-05-13	0
46914	109	1996-10-23	0
46915	328	1994-09-23	0
46916	1102	1995-12-18	0
46917	1253	1993-09-26	0
46918	517	1996-09-10	0
46919	317	1994-09-02	0
46944	313	1996-05-08	0
46945	121	1993-03-24	0
46946	1343	1998-02-27	0
46947	1105	1994-03-05	0
46948	1189	1993-08-04	0
46949	1352	1993-05-22	0
46950	25	1997-06-04	0
46951	4	1996-02-01	0
46976	104	1994-05-24	0
46977	352	1992-07-22	0
46978	73	1998-08-14	0
46979	428	1992-09-30	0
46980	1192	1995-04-03	0
46981	536	1994-04-24	0
46982	572	1996-08-24	0
46983	307	1996-07-07	0
47008	1237	1997-08-20	0
47009	977	1994-08-19	0
47010	571	1995-12-18	0
47011	1333	1994-05-06	0
47012	659	1993-07-28	0
47013	239	1996-11-06	0
47014	1144	1992-07-28	0
47015	901	1995-04-30	0
47040	143	1993-10-31	0
47041	1126	1992-06-16	0
47042	1150	1992-05-17	0
47043	472	1995-12-13	0
47044	827	1998-10-08	0
47045	829	1997-03-30	0
47046	1144	1994-05-02	0
47047	490	1994-10-11	0
47072	1177	1995-03-08	0
47073	407	1994-09-12	0
47074	503	1998-02-18	0
47075	1007	1996-01-01	0
47076	860	1995-03-24	0
47077	509	1996-09-08	0
47078	265	1993-07-04	0
47079	469	1996-03-01	0
47104	518	1992-09-06	0
47105	167	1996-08-03	0
47106	1456	1996-01-09	0
47107	1294	1996-05-06	0
47108	1375	1994-12-30	0
47109	1396	1995-11-26	0
47110	1498	1993-10-30	0
47111	995	1997-11-24	0
47136	367	1995-04-10	0
47137	1192	1996-05-29	0
47138	667	1994-03-26	0
47139	1403	1997-08-01	0
47140	214	1998-08-21	0
47141	562	1995-01-03	0
47142	973	1996-06-06	0
47143	1312	1997-11-03	0
47168	464	1994-09-05	0
47169	1127	1993-05-18	0
47170	923	1996-12-30	0
47171	116	1993-03-24	0
47172	310	1994-02-16	0
47173	1327	1994-11-16	0
47174	962	1995-12-01	0
47175	1168	1993-07-10	0
47200	80	1998-06-24	0
47201	230	1995-03-14	0
47202	1108	1997-02-26	0
47203	692	1995-03-04	0
47204	224	1995-05-27	0
47205	1291	1998-06-08	0
47206	19	1996-04-10	0
47207	655	1995-03-04	0
47232	671	1993-11-01	0
47233	307	1993-06-10	0
47234	71	1998-07-28	0
47235	841	1992-06-17	0
47236	577	1995-12-17	0
47237	313	1993-11-14	0
47238	301	1993-03-31	0
47239	1111	1997-03-05	0
47264	1303	1997-11-11	0
47265	475	1996-02-24	0
47266	521	1997-05-01	0
47267	689	1994-03-15	0
47268	1270	1995-12-19	0
47269	404	1997-12-30	0
47270	644	1993-10-17	0
47271	1168	1995-10-12	0
47296	727	1993-09-05	0
47297	1414	1997-10-08	0
47298	392	1995-12-22	0
47299	1465	1994-01-12	0
47300	244	1994-03-17	0
47301	77	1995-10-01	0
47302	1309	1996-12-27	0
47303	1067	1996-02-19	0
47328	997	1996-06-29	0
47329	1132	1993-04-27	0
47330	808	1995-06-14	0
47331	233	1996-10-31	0
47332	1040	1997-05-03	0
47333	409	1995-11-22	0
47334	775	1993-07-15	0
47335	1345	1992-10-13	0
47360	407	1993-12-23	0
47361	80	1996-10-14	0
47362	50	1996-04-01	0
47363	949	1996-08-16	0
47364	1255	1997-05-06	0
47365	973	1997-09-15	0
47366	349	1993-04-26	0
47367	1468	1995-07-01	0
47392	959	1994-11-27	0
47393	451	1998-09-16	0
47394	770	1998-10-11	0
47395	782	1992-04-15	0
47396	452	1997-08-22	0
47397	1456	1998-05-02	0
47398	904	1995-09-01	0
47399	1228	1992-10-16	0
47424	590	1996-09-12	0
47425	601	1998-04-24	0
47426	1333	1994-11-14	0
47427	53	1998-05-11	0
47428	1168	1993-04-22	0
47429	49	1996-07-28	0
47430	838	1997-06-20	0
47431	1376	1997-11-17	0
47456	427	1992-08-15	0
47457	142	1994-08-18	0
47458	76	1996-07-09	0
47459	1201	1995-11-01	0
47460	649	1993-12-25	0
47461	638	1993-07-10	0
47462	1120	1995-08-24	0
47463	1249	1998-04-28	0
47488	31	1995-07-10	0
47489	163	1994-08-04	0
47490	521	1995-10-28	0
47491	628	1998-05-31	0
47492	241	1995-10-07	0
47493	128	1994-04-28	0
47494	1429	1994-09-15	0
47495	487	1995-11-13	0
47520	1321	1994-12-22	0
47521	323	1994-02-21	0
47522	205	1993-01-07	0
47523	287	1992-08-15	0
47524	106	1993-06-30	0
47525	175	1995-05-18	0
47526	1208	1992-04-13	0
47527	293	1993-12-02	0
47552	871	1998-09-10	0
47553	952	1995-08-06	0
47554	1249	1993-05-28	0
47555	1144	1997-12-18	0
47556	436	1993-10-09	0
47557	935	1998-08-27	0
47558	76	1997-07-26	0
47559	556	1998-08-23	0
47584	1291	1993-10-11	0
47585	373	1998-07-27	0
47586	202	1996-08-07	0
47587	1153	1996-08-01	0
47588	601	1994-08-06	0
47589	1114	1997-06-27	0
47590	28	1997-09-17	0
47591	823	1992-03-18	0
47616	779	1997-12-26	0
47617	421	1995-02-22	0
47618	1201	1996-12-09	0
47619	388	1992-06-05	0
47620	1426	1992-09-10	0
47621	304	1994-09-25	0
47622	356	1992-11-27	0
47623	580	1994-02-12	0
47648	668	1992-09-08	0
47649	421	1993-01-15	0
47650	370	1995-04-22	0
47651	916	1996-10-08	0
47652	67	1994-04-06	0
47653	1399	1996-09-19	0
47654	940	1995-10-14	0
47655	952	1997-10-24	0
47680	634	1998-03-30	0
47681	1400	1996-01-28	0
47682	160	1993-01-31	0
47683	481	1993-11-16	0
47684	44	1997-08-24	0
47685	1381	1995-09-01	0
47686	595	1992-12-26	0
47687	934	1992-04-15	0
47712	1015	1993-09-27	0
47713	763	1994-09-17	0
47714	790	1995-05-25	0
47715	1000	1998-05-25	0
47716	982	1997-12-11	0
47717	403	1996-03-02	0
47718	358	1996-06-03	0
47719	1006	1996-03-03	0
47744	1463	1997-09-18	0
47745	1321	1998-07-31	0
47746	1405	1997-08-05	0
47747	38	1996-02-05	0
47748	139	1996-05-28	0
47749	1426	1993-05-31	0
47750	1169	1993-08-30	0
47751	518	1996-11-26	0
47776	692	1996-09-08	0
47777	1154	1993-02-09	0
47778	947	1993-05-01	0
47779	709	1992-11-19	0
47780	1184	1993-06-09	0
47781	1186	1995-04-14	0
47782	1387	1992-10-22	0
47783	229	1993-07-13	0
47808	583	1995-09-05	0
47809	1040	1995-09-10	0
47810	1441	1995-10-29	0
47811	46	1996-05-09	0
47812	1240	1995-11-07	0
47813	487	1994-11-11	0
47814	944	1997-06-15	0
47815	677	1993-03-16	0
47840	928	1994-05-17	0
47841	977	1996-04-25	0
47842	610	1993-07-27	0
47843	97	1992-05-31	0
47844	1340	1994-02-26	0
47845	1112	1997-03-17	0
47846	1499	1992-10-26	0
47847	343	1996-03-29	0
47872	797	1994-08-27	0
47873	449	1994-01-28	0
47874	970	1998-06-01	0
47875	352	1992-10-19	0
47876	205	1995-03-11	0
47877	737	1994-11-12	0
47878	496	1995-07-22	0
47879	1165	1992-03-27	0
47904	206	1997-08-17	0
47905	740	1994-06-16	0
47906	1306	1996-03-19	0
47907	1447	1998-07-25	0
47908	257	1998-03-08	0
47909	737	1993-05-24	0
47910	536	1994-10-30	0
47911	296	1996-10-04	0
47936	676	1997-03-14	0
47937	1244	1993-11-09	0
47938	1096	1994-09-08	0
47939	961	1992-07-23	0
47940	1123	1993-08-10	0
47941	251	1994-10-23	0
47942	1313	1993-05-14	0
47943	71	1995-01-29	0
47968	974	1993-05-22	0
47969	905	1995-02-03	0
47970	853	1997-10-08	0
47971	314	1993-01-13	0
47972	841	1993-12-26	0
47973	139	1997-09-21	0
47974	661	1994-11-15	0
47975	1294	1993-10-29	0
48000	1088	1992-10-28	0
48001	605	1998-04-28	0
48002	1438	1996-06-16	0
48003	278	1992-04-11	0
48004	382	1998-04-03	0
48005	1222	1997-07-18	0
48006	1228	1992-09-18	0
48007	1153	1997-09-09	0
48032	536	1993-11-10	0
48033	661	1996-10-11	0
48034	103	1994-09-28	0
48035	824	1994-06-15	0
48036	325	1996-05-16	0
48037	244	1995-11-30	0
48038	1099	1997-04-03	0
48039	262	1993-10-13	0
48064	376	1993-08-22	0
48065	1202	1993-06-28	0
48066	977	1993-11-12	0
48067	149	1992-09-13	0
48068	481	1993-01-09	0
48069	731	1996-07-14	0
48070	28	1997-09-29	0
48071	1462	1995-05-18	0
48096	1363	1994-08-27	0
48097	187	1997-11-15	0
48098	461	1994-10-30	0
48099	332	1996-07-15	0
48100	799	1998-02-15	0
48101	1366	1995-11-27	0
48102	1072	1992-04-22	0
48103	568	1996-09-22	0
48128	1360	1992-06-26	0
48129	259	1998-01-23	0
48130	1402	1998-01-20	0
48131	925	1998-05-02	0
48132	488	1993-03-05	0
48133	302	1996-02-09	0
48134	772	1993-05-20	0
48135	1238	1994-07-04	0
48160	1162	1996-04-23	0
48161	176	1995-08-07	0
48162	406	1996-06-05	0
48163	676	1997-05-08	0
48164	430	1996-01-13	0
48165	1252	1994-01-20	0
48166	1492	1996-10-07	0
48167	1078	1994-11-21	0
48192	892	1995-03-02	0
48193	307	1996-11-10	0
48194	161	1997-12-22	0
48195	1223	1994-02-11	0
48196	467	1998-04-01	0
48197	127	1992-07-20	0
48198	322	1995-02-04	0
48199	802	1994-04-04	0
48224	836	1993-09-28	0
48225	308	1996-04-19	0
48226	253	1994-03-23	0
48227	568	1998-09-26	0
48228	1195	1995-08-15	0
48229	1082	1998-03-15	0
48230	358	1994-05-12	0
48231	812	1992-11-05	0
48256	1360	1995-06-25	0
48257	1459	1994-07-07	0
48258	1406	1996-08-17	0
48259	442	1993-12-28	0
48260	421	1997-02-27	0
48261	689	1995-06-02	0
48262	691	1996-07-10	0
48263	1132	1993-05-24	0
48288	694	1995-10-06	0
48289	1096	1997-08-25	0
48290	1381	1998-02-10	0
48291	832	1997-01-14	0
48292	152	1998-07-15	0
48293	1388	1992-06-24	0
48294	1414	1993-08-10	0
48295	1499	1995-02-07	0
48320	821	1996-01-18	0
48321	1280	1993-10-13	0
48322	881	1992-05-19	0
48323	205	1994-01-14	0
48324	410	1993-08-15	0
48325	346	1996-05-24	0
48326	1499	1992-03-29	0
48327	857	1994-10-25	0
48352	626	1997-07-19	0
48353	383	1993-03-01	0
48354	344	1995-07-05	0
48355	1117	1995-10-29	0
48356	817	1997-06-16	0
48357	16	1994-06-12	0
48358	136	1997-10-24	0
48359	796	1998-02-14	0
48384	643	1994-10-13	0
48385	1430	1994-12-03	0
48386	139	1998-09-08	0
48387	1360	1992-05-28	0
48388	670	1994-10-24	0
48389	329	1997-05-03	0
48390	721	1993-10-07	0
48391	1076	1994-01-13	0
48416	905	1994-09-20	0
48417	310	1998-03-09	0
48418	968	1996-03-29	0
48419	802	1997-12-13	0
48420	746	1994-12-26	0
48421	392	1993-07-02	0
48422	1453	1998-06-15	0
48423	773	1993-01-15	0
48448	1099	1993-01-31	0
48449	991	1995-06-05	0
48450	215	1997-07-14	0
48451	622	1995-01-15	0
48452	947	1993-12-24	0
48453	620	1994-10-10	0
48454	661	1996-05-30	0
48455	826	1994-08-17	0
48480	265	1993-03-19	0
48481	289	1998-06-23	0
48482	247	1997-02-06	0
48483	424	1995-02-24	0
48484	877	1993-09-07	0
48485	631	1997-10-18	0
48486	62	1995-07-27	0
48487	766	1993-03-28	0
48512	1022	1995-10-18	0
48513	1036	1996-02-01	0
48514	959	1995-11-13	0
48515	256	1996-03-05	0
48516	634	1998-02-16	0
48517	727	1993-05-29	0
48518	340	1994-06-17	0
48519	862	1998-05-16	0
48544	427	1995-07-31	0
48545	1262	1998-03-03	0
48546	1376	1992-07-30	0
48547	413	1994-04-25	0
48548	1120	1995-06-10	0
48549	898	1997-05-11	0
48550	1370	1996-11-22	0
48551	874	1993-04-27	0
48576	1235	1993-02-15	0
48577	787	1992-09-22	0
48578	778	1995-11-13	0
48579	421	1996-12-27	0
48580	368	1994-03-13	0
48581	1393	1993-01-07	0
48582	922	1998-04-17	0
48583	754	1998-05-19	0
48608	832	1993-11-08	0
48609	154	1993-05-11	0
48610	268	1993-06-01	0
48611	1453	1993-11-28	0
48612	1468	1992-09-14	0
48613	107	1996-09-03	0
48614	697	1992-08-15	0
48615	1078	1993-02-17	0
48640	730	1996-04-12	0
48641	782	1996-02-19	0
48642	239	1993-04-18	0
48643	41	1993-01-02	0
48644	340	1997-03-29	0
48645	508	1996-07-10	0
48646	604	1995-11-25	0
48647	419	1992-05-30	0
48672	1129	1993-03-12	0
48673	1042	1992-07-11	0
48674	598	1996-03-25	0
48675	224	1992-09-24	0
48676	979	1998-07-08	0
48677	1027	1996-10-26	0
48678	1366	1996-02-19	0
48679	1405	1997-05-02	0
48704	196	1992-03-25	0
48705	19	1996-05-31	0
48706	1465	1993-01-14	0
48707	1346	1992-11-22	0
48708	290	1996-07-20	0
48709	920	1995-11-12	0
48710	1255	1995-02-09	0
48711	710	1997-06-28	0
48736	79	1997-06-10	0
48737	709	1996-05-25	0
48738	1195	1998-04-18	0
48739	7	1997-11-13	0
48740	64	1996-05-25	0
48741	721	1997-09-17	0
48742	1370	1992-07-02	0
48743	224	1995-02-04	0
48768	1283	1997-10-01	0
48769	142	1995-12-20	0
48770	1094	1992-06-09	0
48771	932	1998-04-13	0
48772	1058	1994-07-27	0
48773	64	1994-04-01	0
48774	631	1992-10-24	0
48775	70	1994-11-21	0
48800	743	1994-01-06	0
48801	508	1992-12-28	0
48802	1495	1992-09-13	0
48803	172	1993-01-24	0
48804	1309	1997-11-07	0
48805	1016	1994-04-28	0
48806	46	1996-05-07	0
48807	508	1992-07-26	0
48832	1288	1993-07-20	0
48833	556	1996-04-30	0
48834	1261	1997-01-22	0
48835	128	1993-04-09	0
48836	34	1994-05-01	0
48837	832	1995-10-02	0
48838	796	1996-08-28	0
48839	568	1993-09-24	0
48864	409	1998-01-20	0
48865	1162	1994-01-09	0
48866	640	1992-08-31	0
48867	1045	1998-04-25	0
48868	382	1992-08-28	0
48869	449	1996-08-28	0
48870	68	1996-07-09	0
48871	395	1997-09-19	0
48896	913	1995-01-12	0
48897	1456	1997-06-18	0
48898	664	1992-05-14	0
48899	898	1995-04-04	0
48900	1063	1994-06-06	0
48901	1487	1998-02-15	0
48902	424	1993-01-07	0
48903	1463	1995-01-26	0
48928	779	1997-08-19	0
48929	1085	1995-01-06	0
48930	277	1996-04-17	0
48931	119	1994-09-01	0
48932	1360	1998-07-15	0
48933	1030	1992-05-14	0
48934	511	1997-06-25	0
48935	1484	1993-03-24	0
48960	1484	1997-11-18	0
48961	637	1994-10-05	0
48962	307	1998-04-11	0
48963	1412	1994-01-03	0
48964	1123	1996-10-07	0
48965	695	1993-06-08	0
48966	619	1993-08-27	0
48967	718	1992-04-26	0
48992	557	1996-04-26	0
48993	1259	1992-08-15	0
48994	874	1994-01-06	0
48995	1073	1997-04-06	0
48996	205	1995-09-14	0
48997	865	1994-09-21	0
48998	155	1994-05-03	0
48999	922	1996-11-06	0
49024	1189	1998-01-03	0
49025	103	1992-08-31	0
49026	676	1995-05-22	0
49027	247	1995-06-26	0
49028	640	1997-02-19	0
49029	1208	1992-08-04	0
49030	709	1998-04-10	0
49031	958	1997-09-01	0
49056	652	1994-12-16	0
49057	1276	1997-03-11	0
49058	1450	1993-03-27	0
49059	1351	1994-12-05	0
49060	794	1998-09-05	0
49061	1213	1996-11-18	0
49062	98	1992-06-26	0
49063	1081	1997-03-16	0
49088	937	1994-12-08	0
49089	775	1993-08-12	0
49090	92	1997-06-12	0
49091	820	1996-08-21	0
49092	1238	1998-01-19	0
49093	1427	1998-10-11	0
49094	820	1992-11-18	0
49095	1364	1997-07-30	0
49120	631	1996-10-21	0
49121	1436	1993-02-19	0
49122	443	1996-09-23	0
49123	1153	1994-05-12	0
49124	397	1997-03-14	0
49125	1186	1994-06-13	0
49126	1465	1995-09-24	0
49127	1021	1995-06-14	0
49152	73	1997-11-02	0
49153	118	1992-10-12	0
49154	220	1994-05-21	0
49155	1283	1993-12-03	0
49156	616	1994-11-23	0
49157	944	1996-05-09	0
49158	721	1992-09-11	0
49159	1231	1997-11-29	0
49184	502	1995-05-16	0
49185	338	1996-04-04	0
49186	751	1997-10-11	0
49187	1330	1997-09-30	0
49188	700	1995-09-06	0
49189	1034	1995-04-01	0
49190	1495	1993-02-25	0
49191	988	1997-03-11	0
49216	739	1994-06-03	0
49217	1327	1993-09-18	0
49218	874	1993-08-19	0
49219	923	1996-11-14	0
49220	1202	1995-10-28	0
49221	1090	1993-09-17	0
49222	590	1998-07-08	0
49223	862	1995-12-17	0
49248	355	1992-10-07	0
49249	1334	1998-01-28	0
49250	1468	1996-07-06	0
49251	752	1994-02-06	0
49252	1066	1995-02-23	0
49253	187	1994-07-17	0
49254	23	1998-02-27	0
49255	332	1992-09-06	0
49280	139	1995-07-14	0
49281	961	1995-04-21	0
49282	430	1995-09-26	0
49283	370	1995-02-25	0
49284	823	1994-03-19	0
49285	217	1997-08-08	0
49286	737	1997-06-14	0
49287	1331	1994-08-03	0
49312	166	1995-05-08	0
49313	583	1994-12-19	0
49314	1420	1996-03-28	0
49315	1300	1998-07-10	0
49316	424	1996-05-23	0
49317	1247	1998-07-19	0
49318	854	1997-12-16	0
49319	217	1995-11-09	0
49344	571	1993-03-16	0
49345	31	1992-07-07	0
49346	107	1995-07-20	0
49347	1417	1995-03-27	0
49348	46	1997-05-29	0
49349	1354	1995-08-16	0
49350	1471	1992-11-06	0
49351	151	1992-06-14	0
49376	1021	1997-08-30	0
49377	107	1993-05-05	0
49378	940	1996-09-25	0
49379	1028	1996-10-25	0
49380	1270	1992-07-19	0
49381	271	1993-02-27	0
49382	725	1996-05-14	0
49383	91	1998-01-18	0
49408	784	1998-09-05	0
49409	1385	1995-10-31	0
49410	1336	1993-11-26	0
49411	481	1995-02-08	0
49412	724	1994-05-22	0
49413	986	1998-06-28	0
49414	88	1995-11-03	0
49415	299	1998-07-30	0
49440	449	1997-05-23	0
49441	1126	1994-12-12	0
49442	550	1992-10-24	0
49443	1067	1995-04-09	0
49444	118	1997-04-08	0
49445	950	1998-05-21	0
49446	937	1997-12-12	0
49447	877	1996-09-21	0
49472	1255	1993-09-30	0
49473	1300	1997-11-06	0
49474	43	1998-01-17	0
49475	569	1997-08-04	0
49476	1243	1997-12-24	0
49477	826	1996-02-13	0
49478	1174	1998-04-14	0
49479	91	1995-10-11	0
49504	614	1995-01-31	0
49505	1222	1994-04-07	0
49506	10	1997-07-10	0
49507	157	1998-01-05	0
49508	817	1998-09-17	0
49509	1388	1995-08-19	0
49510	1351	1992-06-04	0
49511	881	1994-07-05	0
49536	1277	1996-02-07	0
49537	229	1995-05-21	0
49538	898	1993-06-01	0
49539	218	1993-06-15	0
49540	550	1997-11-29	0
49541	455	1994-04-02	0
49542	850	1993-10-26	0
49543	392	1992-03-30	0
49568	508	1997-05-13	0
49569	1142	1994-09-05	0
49570	1012	1994-09-13	0
49571	487	1996-12-25	0
49572	1219	1997-03-27	0
49573	883	1998-03-10	0
49574	1408	1998-02-23	0
49575	58	1994-03-02	0
49600	1294	1995-05-22	0
49601	1147	1995-04-12	0
49602	1427	1992-05-23	0
49603	809	1996-01-19	0
49604	1036	1997-04-20	0
49605	1369	1998-05-07	0
49606	1345	1994-01-13	0
49607	721	1994-07-19	0
49632	1165	1993-02-09	0
49633	530	1993-04-20	0
49634	808	1992-06-07	0
49635	799	1993-06-26	0
49636	1258	1993-03-07	0
49637	505	1992-08-27	0
49638	121	1993-10-22	0
49639	1009	1994-01-06	0
49664	1189	1994-06-03	0
49665	1385	1996-06-07	0
49666	142	1994-10-21	0
49667	691	1996-10-09	0
49668	839	1995-02-16	0
49669	1378	1998-08-17	0
49670	1345	1997-05-12	0
49671	94	1997-02-09	0
49696	208	1998-07-18	0
49697	232	1997-01-23	0
49698	109	1998-01-26	0
49699	976	1996-03-29	0
49700	391	1996-10-14	0
49701	1222	1996-08-01	0
49702	1202	1997-01-24	0
49703	412	1998-07-19	0
49728	569	1998-08-16	0
49729	130	1996-05-04	0
49730	347	1994-03-21	0
49731	421	1995-01-16	0
49732	23	1993-12-06	0
49733	1090	1997-03-07	0
49734	409	1995-04-09	0
49735	1478	1994-12-08	0
49760	1282	1995-12-16	0
49761	1420	1995-04-10	0
49762	404	1995-08-30	0
49763	1157	1995-04-30	0
49764	692	1993-12-18	0
49765	874	1993-12-20	0
49766	517	1996-04-06	0
49767	1441	1994-01-23	0
49792	272	1997-12-04	0
49793	1222	1994-05-05	0
49794	1421	1995-11-30	0
49795	28	1998-06-22	0
49796	79	1998-04-17	0
49797	877	1995-05-23	0
49798	1492	1993-02-22	0
49799	79	1994-11-08	0
49824	1267	1995-06-06	0
49825	517	1994-03-23	0
49826	536	1996-10-20	0
49827	271	1992-10-12	0
49828	212	1995-11-14	0
49829	875	1997-02-08	0
49830	400	1994-09-23	0
49831	820	1993-11-07	0
49856	1078	1998-08-22	0
49857	22	1997-05-18	0
49858	334	1993-07-19	0
49859	434	1996-07-16	0
49860	430	1996-09-05	0
49861	1133	1994-08-27	0
49862	929	1992-11-27	0
49863	1198	1996-08-23	0
49888	593	1998-04-17	0
49889	1426	1993-02-26	0
49890	1432	1992-06-23	0
49891	1399	1994-11-27	0
49892	346	1995-04-27	0
49893	1183	1997-03-31	0
49894	1210	1997-07-24	0
49895	931	1994-01-23	0
49920	1258	1996-05-04	0
49921	697	1995-05-04	0
49922	959	1994-11-14	0
49923	1033	1994-06-21	0
49924	88	1995-08-09	0
49925	335	1993-04-08	0
49926	736	1995-06-13	0
49927	289	1992-10-04	0
49952	1471	1996-02-03	0
49953	473	1992-06-01	0
49954	997	1992-05-13	0
49955	706	1996-09-18	0
49956	787	1997-05-12	0
49957	1379	1996-06-21	0
49958	1036	1996-11-10	0
49959	343	1997-11-07	0
49984	647	1994-07-26	0
49985	470	1998-10-04	0
49986	1168	1993-12-29	0
49987	850	1995-04-05	0
49988	1141	1994-03-06	0
49989	848	1993-07-11	0
49990	625	1994-11-20	0
49991	914	1998-02-10	0
50016	1369	1994-06-20	0
50017	757	1993-02-04	0
50018	1129	1998-01-11	0
50019	941	1994-12-05	0
50020	1046	1996-08-20	0
50021	1019	1993-01-20	0
50022	788	1996-05-04	0
50023	394	1997-06-23	0
50048	88	1993-04-04	0
50049	493	1996-04-14	0
50050	610	1994-03-06	0
50051	890	1994-12-19	0
50052	1312	1995-10-12	0
50053	1330	1995-07-15	0
50054	43	1993-11-21	0
50055	319	1993-01-02	0
50080	1453	1997-05-06	0
50081	1423	1995-01-18	0
50082	1318	1993-02-17	0
50083	1163	1995-06-23	0
50084	1372	1998-06-29	0
50085	1100	1995-12-16	0
50086	10	1992-12-04	0
50087	952	1993-07-30	0
50112	769	1996-01-23	0
50113	1031	1997-03-08	0
50114	269	1997-02-12	0
50115	898	1994-01-19	0
50116	410	1996-07-23	0
50117	878	1995-08-18	0
50118	700	1993-06-02	0
50119	1379	1993-08-14	0
50144	949	1992-08-22	0
50145	781	1995-05-13	0
50146	907	1993-10-24	0
50147	400	1994-12-23	0
50148	1192	1992-04-17	0
50149	1090	1994-06-16	0
50150	1267	1996-07-26	0
50151	835	1998-07-22	0
50176	1006	1993-05-12	0
50177	61	1998-05-21	0
50178	434	1992-07-06	0
50179	317	1998-06-19	0
50180	263	1994-01-18	0
50181	838	1992-08-14	0
50182	1205	1997-09-10	0
50183	1288	1993-08-08	0
50208	727	1995-04-08	0
50209	1273	1993-11-25	0
50210	1424	1993-10-03	0
50211	1384	1997-01-11	0
50212	926	1997-11-11	0
50213	52	1997-08-26	0
50214	1240	1994-09-05	0
50215	638	1996-08-19	0
50240	589	1992-04-22	0
50241	1012	1998-03-10	0
50242	959	1993-10-03	0
50243	532	1995-01-08	0
50244	451	1992-09-28	0
50245	893	1996-03-15	0
50246	598	1993-11-02	0
50247	1456	1996-04-15	0
50272	863	1993-12-05	0
50273	823	1994-07-24	0
50274	353	1996-03-31	0
50275	61	1995-02-19	0
50276	1099	1995-05-01	0
50277	622	1995-01-05	0
50278	622	1993-08-09	0
50279	1081	1995-02-05	0
50304	295	1993-04-17	0
50305	1408	1994-04-28	0
50306	751	1995-08-04	0
50307	238	1993-12-30	0
50308	1132	1993-01-02	0
50309	545	1995-05-30	0
50310	32	1994-10-30	0
50311	835	1996-05-03	0
50336	1192	1995-01-19	0
50337	659	1994-07-01	0
50338	1441	1994-06-07	0
50339	568	1994-03-12	0
50340	1060	1997-03-31	0
50341	1379	1998-04-30	0
50342	505	1995-01-13	0
50343	178	1998-05-29	0
50368	706	1992-09-21	0
50369	8	1998-04-23	0
50370	1075	1993-01-21	0
50371	1061	1994-09-14	0
50372	73	1997-06-08	0
50373	724	1994-09-16	0
50374	1387	1994-08-14	0
50375	1225	1996-09-21	0
50400	1315	1992-10-27	0
50401	1333	1998-03-15	0
50402	785	1998-03-04	0
50403	395	1992-07-27	0
50404	478	1995-06-10	0
50405	125	1995-09-16	0
50406	874	1996-02-29	0
50407	842	1993-08-11	0
50432	943	1994-08-22	0
50433	1135	1992-04-04	0
50434	745	1993-03-09	0
50435	1471	1997-08-19	0
50436	1259	1992-11-18	0
50437	836	1997-05-06	0
50438	1427	1996-09-07	0
50439	196	1998-06-04	0
50464	830	1995-12-12	0
50465	1399	1995-05-26	0
50466	797	1992-09-12	0
50467	1243	1998-08-19	0
50468	547	1992-04-16	0
50469	463	1993-09-03	0
50470	133	1993-11-07	0
50471	751	1992-03-19	0
50496	374	1994-10-23	0
50497	289	1996-06-27	0
50498	1277	1997-07-31	0
50499	574	1995-12-27	0
50500	331	1995-11-21	0
50501	277	1994-08-13	0
50502	1333	1995-06-10	0
50503	934	1993-02-05	0
50528	1267	1997-02-24	0
50529	443	1996-04-10	0
50530	268	1992-05-14	0
50531	178	1996-07-13	0
50532	1496	1992-10-29	0
50533	31	1995-08-15	0
50534	223	1998-05-30	0
50535	184	1994-02-22	0
50560	53	1996-12-08	0
50561	1283	1998-08-05	0
50562	508	1996-04-26	0
50563	151	1995-09-30	0
50564	1493	1992-05-17	0
50565	709	1992-11-14	0
50566	548	1995-11-22	0
50567	865	1992-04-21	0
50592	7	1997-01-23	0
50593	113	1995-09-14	0
50594	533	1993-08-01	0
50595	1147	1997-12-17	0
50596	1129	1992-11-09	0
50597	1211	1998-10-04	0
50598	461	1996-02-24	0
50599	640	1998-05-16	0
50624	463	1996-07-01	0
50625	73	1994-07-08	0
50626	61	1995-01-04	0
50627	104	1998-05-18	0
50628	1147	1998-01-11	0
50629	161	1996-01-28	0
50630	395	1996-09-26	0
50631	1114	1998-08-26	0
50656	94	1995-01-09	0
50657	1415	1996-03-03	0
50658	619	1994-11-01	0
50659	538	1998-06-26	0
50660	965	1996-06-03	0
50661	175	1997-01-04	0
50662	1300	1997-05-29	0
50663	1495	1994-01-24	0
50688	73	1996-03-01	0
50689	271	1994-09-02	0
50690	1447	1994-01-02	0
50691	643	1997-08-05	0
50692	919	1993-12-02	0
50693	349	1995-04-02	0
50694	979	1996-11-21	0
50695	121	1996-02-16	0
50720	1327	1994-12-10	0
50721	1408	1992-05-14	0
50722	164	1992-12-25	0
50723	610	1996-10-30	0
50724	541	1996-12-27	0
50725	691	1994-02-07	0
50726	490	1996-01-15	0
50727	1429	1996-08-06	0
50752	1048	1993-07-28	0
50753	169	1997-03-20	0
50754	379	1995-02-23	0
50755	205	1998-07-18	0
50756	1192	1993-11-24	0
50757	554	1997-06-22	0
50758	1393	1992-09-26	0
50759	124	1993-06-03	0
50784	1231	1992-04-26	0
50785	205	1997-11-27	0
50786	493	1994-12-27	0
50787	871	1994-02-22	0
50788	1013	1998-08-01	0
50789	304	1995-05-27	0
50790	280	1995-09-30	0
50791	1246	1998-08-09	0
50816	970	1994-06-11	0
50817	1193	1996-07-21	0
50818	115	1992-12-21	0
50819	851	1998-01-22	0
50820	817	1998-04-19	0
50821	583	1992-04-10	0
50822	1418	1992-04-23	0
50823	577	1994-10-05	0
50848	1222	1993-03-30	0
50849	1156	1992-12-19	0
50850	1318	1994-07-21	0
50851	940	1998-05-29	0
50852	1126	1995-08-27	0
50853	847	1994-09-10	0
50854	1342	1996-03-02	0
50855	112	1992-07-02	0
50880	1079	1995-06-25	0
50881	643	1997-03-31	0
50882	577	1993-11-15	0
50883	881	1992-08-16	0
50884	101	1998-10-13	0
50885	811	1994-12-25	0
50886	1460	1998-07-12	0
50887	973	1993-08-17	0
50912	1087	1996-04-11	0
50913	218	1997-05-07	0
50914	614	1992-09-17	0
50915	440	1996-07-19	0
50916	448	1994-10-17	0
50917	490	1994-10-05	0
50918	1255	1994-02-18	0
50919	1198	1995-09-17	0
50944	578	1998-09-12	0
50945	1223	1995-03-24	0
50946	125	1998-08-22	0
50947	983	1996-04-25	0
50948	1081	1994-09-30	0
50949	700	1995-04-21	0
50950	1088	1993-03-16	0
50951	586	1992-06-09	0
50976	1241	1995-01-20	0
50977	664	1992-08-26	0
50978	481	1992-06-15	0
50979	662	1992-07-02	0
50980	551	1998-04-19	0
50981	595	1994-10-19	0
50982	793	1992-07-01	0
50983	470	1995-09-12	0
51008	1351	1995-11-04	0
51009	349	1996-01-20	0
51010	367	1993-12-28	0
51011	307	1993-08-21	0
51012	553	1995-07-31	0
51013	553	1993-06-27	0
51014	55	1996-10-20	0
51015	859	1994-04-29	0
51040	545	1997-04-21	0
51041	811	1993-10-13	0
51042	388	1998-02-18	0
51043	554	1997-07-28	0
51044	1234	1992-04-03	0
51045	29	1992-12-30	0
51046	269	1997-06-03	0
51047	1309	1994-06-25	0
51072	1078	1994-12-17	0
51073	190	1993-07-29	0
51074	1303	1995-11-20	0
51075	1099	1994-02-07	0
51076	533	1996-11-15	0
51077	200	1997-04-13	0
51078	724	1997-04-27	0
51079	13	1998-02-10	0
51104	1085	1997-12-06	0
51105	604	1998-07-31	0
51106	1147	1993-10-21	0
51107	869	1992-12-10	0
51108	494	1996-11-18	0
51109	284	1993-01-23	0
51110	1034	1996-10-06	0
51111	247	1992-04-25	0
51136	40	1992-08-01	0
51137	824	1996-11-29	0
51138	737	1997-11-20	0
51139	1261	1994-10-31	0
51140	154	1992-11-29	0
51141	586	1992-07-23	0
51142	781	1995-09-05	0
51143	1453	1998-03-07	0
51168	1168	1994-07-23	0
51169	407	1994-03-10	0
51170	797	1998-09-09	0
51171	1351	1993-09-05	0
51172	922	1997-12-05	0
51173	181	1993-01-30	0
51174	416	1997-07-22	0
51175	1228	1992-10-29	0
51200	626	1996-02-02	0
51201	607	1996-03-01	0
51202	1358	1992-06-28	0
51203	446	1996-03-06	0
51204	466	1996-04-02	0
51205	1289	1993-02-24	0
51206	970	1994-04-21	0
51207	464	1996-09-14	0
51232	1433	1992-04-05	0
51233	61	1995-02-23	0
51234	754	1994-02-15	0
51235	1397	1998-06-30	0
51236	625	1998-09-19	0
51237	301	1992-05-25	0
51238	194	1998-08-22	0
51239	908	1992-05-09	0
51264	1172	1996-12-11	0
51265	811	1998-09-30	0
51266	413	1994-06-09	0
51267	137	1992-07-18	0
51268	946	1997-04-15	0
51269	607	1992-03-28	0
51270	1313	1998-03-05	0
51271	64	1994-01-09	0
51296	1151	1993-12-26	0
51297	1171	1993-01-26	0
51298	253	1994-04-11	0
51299	581	1998-07-28	0
51300	395	1995-12-30	0
51301	208	1997-06-24	0
51302	202	1995-11-08	0
51303	1120	1993-08-06	0
51328	562	1994-01-10	0
51329	1387	1996-10-26	0
51330	463	1998-08-24	0
51331	832	1997-02-06	0
51332	875	1997-11-25	0
51333	586	1992-12-19	0
51334	547	1997-05-09	0
51335	181	1995-01-09	0
51360	206	1995-09-04	0
51361	1336	1995-06-02	0
51362	1279	1993-05-09	0
51363	472	1997-08-03	0
51364	1463	1994-01-17	0
51365	563	1992-10-22	0
51366	946	1995-08-06	0
51367	826	1995-01-14	0
51392	434	1995-01-27	0
51393	1492	1997-05-25	0
51394	941	1994-11-22	0
51395	1496	1993-08-24	0
51396	319	1998-03-01	0
51397	1420	1992-04-23	0
51398	1438	1996-08-19	0
51399	1463	1998-01-16	0
51424	949	1992-03-25	0
51425	724	1998-02-08	0
51426	133	1994-02-15	0
51427	94	1998-03-18	0
51428	1220	1995-02-27	0
51429	430	1998-06-11	0
51430	1267	1996-03-20	0
51431	47	1998-03-08	0
51456	925	1993-07-09	0
51457	1019	1998-03-21	0
51458	487	1995-07-27	0
51459	94	1996-04-08	0
51460	349	1998-10-13	0
51461	1367	1995-04-27	0
51462	991	1995-09-06	0
51463	1123	1996-03-02	0
51488	790	1993-07-17	0
51489	364	1992-05-18	0
51490	946	1997-06-30	0
51491	1468	1998-04-20	0
51492	1294	1998-04-30	0
51493	1219	1995-09-20	0
51494	709	1995-10-18	0
51495	1460	1992-10-15	0
51520	1279	1996-08-29	0
51521	1301	1996-08-29	0
51522	889	1995-12-29	0
51523	695	1994-10-07	0
51524	808	1993-05-29	0
51525	1277	1996-01-22	0
51526	61	1995-07-20	0
51527	28	1997-07-22	0
51552	272	1998-06-05	0
51553	1195	1996-02-11	0
51554	1391	1994-06-10	0
51555	1349	1995-02-26	0
51556	817	1993-01-11	0
51557	1196	1996-01-15	0
51558	1033	1993-06-13	0
51559	580	1992-05-19	0
51584	562	1994-01-01	0
51585	871	1996-07-13	0
51586	469	1997-04-17	0
51587	1114	1998-03-13	0
51588	551	1997-06-02	0
51589	1120	1995-08-18	0
51590	242	1998-07-19	0
51591	742	1994-12-16	0
51616	979	1997-10-11	0
51617	973	1997-02-04	0
51618	806	1998-05-08	0
51619	202	1994-11-17	0
51620	835	1992-05-23	0
51621	1292	1994-02-06	0
51622	559	1997-12-04	0
51623	827	1994-03-30	0
51648	1054	1992-03-17	0
51649	1459	1997-01-18	0
51650	589	1995-08-16	0
51651	421	1998-03-23	0
51652	112	1995-06-24	0
51653	244	1997-12-18	0
51654	686	1996-06-10	0
51655	1480	1993-12-03	0
51680	56	1996-03-13	0
51681	1400	1998-04-13	0
51682	1078	1993-06-24	0
51683	1420	1993-08-14	0
51684	505	1994-02-15	0
51685	613	1992-06-28	0
51686	1186	1997-04-26	0
51687	1294	1995-11-26	0
51712	430	1997-10-23	0
51713	1090	1995-06-03	0
51714	614	1994-11-20	0
51715	1421	1996-04-11	0
51716	526	1997-01-16	0
51717	919	1998-07-27	0
51718	596	1996-04-20	0
51719	328	1996-11-15	0
51744	476	1997-01-11	0
51745	617	1996-11-27	0
51746	1022	1993-01-01	0
51747	22	1992-09-19	0
51748	1169	1995-08-24	0
51749	695	1997-05-23	0
51750	202	1993-06-22	0
51751	1180	1994-07-16	0
51776	538	1996-08-23	0
51777	728	1995-05-06	0
51778	284	1998-02-08	0
51779	1303	1996-01-04	0
51780	731	1993-10-08	0
51781	385	1996-05-20	0
51782	703	1993-11-18	0
51783	1498	1996-01-26	0
51808	806	1993-10-16	0
51809	229	1992-08-26	0
51810	434	1993-07-25	0
51811	520	1992-11-18	0
51812	1268	1997-07-27	0
51813	1334	1993-03-07	0
51814	947	1993-12-09	0
51815	1372	1994-08-10	0
51840	769	1996-09-19	0
51841	1405	1997-04-28	0
51842	1163	1996-02-12	0
51843	811	1996-04-15	0
51844	313	1994-07-02	0
51845	1214	1992-07-14	0
51846	1132	1998-09-04	0
51847	181	1997-03-15	0
51872	808	1992-07-08	0
51873	680	1994-07-21	0
51874	722	1998-03-11	0
51875	1072	1997-08-11	0
51876	353	1992-05-21	0
51877	85	1996-02-22	0
51878	928	1995-12-10	0
51879	607	1993-11-08	0
51904	1072	1998-05-21	0
51905	428	1998-01-18	0
51906	37	1995-11-16	0
51907	1243	1998-01-25	0
51908	526	1996-11-03	0
51909	1175	1996-06-25	0
51910	1087	1995-08-11	0
51911	572	1997-05-21	0
51936	709	1998-10-13	0
51937	1010	1994-05-14	0
51938	1123	1995-08-01	0
51939	1480	1996-05-04	0
51940	688	1993-01-01	0
51941	218	1996-04-10	0
51942	136	1997-05-13	0
51943	94	1994-07-09	0
51968	694	1994-11-20	0
51969	1490	1995-11-19	0
51970	719	1992-03-27	0
51971	145	1995-12-18	0
51972	1444	1996-07-18	0
51973	677	1998-08-04	0
51974	1004	1995-04-12	0
51975	1436	1995-03-04	0
52000	851	1992-12-18	0
52001	454	1992-10-21	0
52002	1243	1994-08-19	0
52003	1064	1992-05-04	0
52004	575	1996-08-06	0
52005	916	1994-04-04	0
52006	757	1994-09-08	0
52007	247	1992-06-29	0
52032	1294	1997-07-20	0
52033	223	1997-12-30	0
52034	175	1996-09-05	0
52035	1060	1995-02-11	0
52036	1436	1998-08-29	0
52037	577	1996-10-23	0
52038	610	1996-10-01	0
52039	812	1992-10-17	0
52064	467	1997-11-07	0
52065	1204	1996-06-13	0
52066	1496	1996-08-23	0
52067	482	1998-08-30	0
52068	301	1992-03-29	0
52069	271	1998-05-09	0
52070	1187	1995-02-15	0
52071	1345	1996-02-11	0
52096	824	1996-01-22	0
52097	307	1997-08-01	0
52098	274	1993-05-25	0
52099	932	1996-05-28	0
52100	232	1997-12-15	0
52101	1258	1998-04-09	0
52102	715	1993-11-27	0
52103	1454	1995-03-09	0
52128	331	1994-02-06	0
52129	227	1997-01-21	0
52130	1136	1992-11-20	0
52131	1303	1998-01-31	0
52132	586	1995-07-15	0
52133	406	1998-04-01	0
52134	17	1994-07-06	0
52135	268	1993-06-08	0
52160	25	1995-09-17	0
52161	952	1997-12-14	0
52162	1081	1996-01-16	0
52163	1300	1997-09-19	0
52164	268	1992-06-28	0
52165	253	1998-08-07	0
52166	829	1996-03-07	0
52167	1276	1998-09-24	0
52192	1160	1998-08-29	0
52193	266	1993-05-20	0
52194	991	1994-02-25	0
52195	175	1996-01-10	0
52196	697	1993-04-16	0
52197	143	1992-10-19	0
52198	1055	1996-08-11	0
52199	1468	1995-04-12	0
52224	1241	1997-08-17	0
52225	706	1992-06-27	0
52226	1361	1995-01-16	0
52227	1276	1994-04-29	0
52228	880	1997-12-25	0
52229	1261	1997-05-30	0
52230	535	1992-11-14	0
52231	691	1994-09-29	0
52256	695	1994-01-19	0
52257	1451	1997-07-30	0
52258	52	1994-04-27	0
52259	148	1998-04-27	0
52260	809	1993-08-08	0
52261	1000	1995-07-06	0
52262	715	1992-05-31	0
52263	1	1994-07-22	0
52288	7	1995-10-25	0
52289	184	1998-08-13	0
52290	842	1992-08-05	0
52291	76	1995-01-13	0
52292	43	1993-12-18	0
52293	961	1995-06-30	0
52294	229	1996-11-10	0
52295	58	1996-02-06	0
52320	809	1992-12-09	0
52321	217	1996-01-20	0
52322	266	1993-04-19	0
52323	851	1997-07-15	0
52324	1039	1992-09-13	0
52325	791	1992-09-28	0
52326	1103	1993-10-19	0
52327	1423	1996-03-05	0
52352	182	1997-04-30	0
52353	793	1997-03-12	0
52354	82	1992-10-24	0
52355	1213	1997-08-26	0
52356	208	1998-03-06	0
52357	409	1994-11-18	0
52358	178	1997-02-15	0
52359	932	1998-09-02	0
52384	1318	1998-08-01	0
52385	811	1994-03-19	0
52386	794	1994-03-22	0
52387	898	1996-12-03	0
52388	907	1996-06-03	0
52389	1291	1996-01-05	0
52390	832	1997-02-01	0
52391	179	1995-02-26	0
52416	1321	1994-04-17	0
52417	952	1996-03-21	0
52418	133	1998-09-25	0
52419	151	1992-12-03	0
52420	589	1998-07-12	0
52421	992	1996-05-28	0
52422	1220	1997-05-11	0
52423	1255	1995-06-26	0
52448	427	1993-11-25	0
52449	517	1997-07-22	0
52450	827	1997-03-26	0
52451	1130	1996-12-01	0
52452	247	1994-01-26	0
52453	937	1994-04-10	0
52454	652	1997-05-02	0
52455	208	1994-02-04	0
52480	583	1993-10-11	0
52481	806	1997-11-25	0
52482	1453	1995-04-17	0
52483	650	1997-12-11	0
52484	1253	1996-08-04	0
52485	1093	1996-06-25	0
52486	202	1995-03-21	0
52487	523	1994-08-16	0
52512	472	1995-09-21	0
52513	1159	1996-12-31	0
52514	1090	1997-08-19	0
52515	1249	1997-03-26	0
52516	1150	1992-03-21	0
52517	359	1992-03-21	0
52518	1205	1992-06-18	0
52519	1229	1992-07-14	0
52544	1114	1992-04-25	0
52545	1042	1996-05-08	0
52546	1213	1997-06-24	0
52547	257	1997-03-07	0
52548	88	1996-03-19	0
52549	1159	1997-02-09	0
52550	746	1997-04-27	0
52551	28	1995-04-07	0
52576	691	1994-06-12	0
52577	889	1997-10-31	0
52578	46	1995-05-22	0
52579	887	1996-05-09	0
52580	694	1992-11-12	0
52581	223	1995-11-24	0
52582	136	1997-05-30	0
52583	853	1997-07-06	0
52608	1318	1994-04-07	0
52609	227	1997-05-09	0
52610	1055	1993-04-09	0
52611	1454	1995-07-10	0
52612	1235	1993-01-24	0
52613	176	1994-12-11	0
52614	898	1992-06-25	0
52615	1330	1995-01-03	0
52640	349	1995-03-18	0
52641	743	1993-12-23	0
52642	889	1995-08-29	0
52643	178	1993-12-12	0
52644	640	1992-08-02	0
52645	316	1992-05-22	0
52646	176	1996-05-23	0
52647	658	1997-09-17	0
52672	827	1995-03-25	0
52673	5	1992-07-23	0
52674	1426	1996-07-04	0
52675	1210	1995-12-25	0
52676	466	1992-11-12	0
52677	319	1994-05-17	0
52678	919	1992-10-13	0
52679	118	1996-06-19	0
52704	247	1994-03-08	0
52705	296	1998-09-12	0
52706	302	1992-09-23	0
52707	1304	1996-10-21	0
52708	1094	1997-05-18	0
52709	679	1994-12-27	0
52710	841	1994-01-15	0
52711	1073	1995-12-08	0
52736	739	1998-08-23	0
52737	1118	1994-01-23	0
52738	823	1996-10-20	0
52739	610	1994-03-26	0
52740	259	1996-09-20	0
52741	967	1998-08-03	0
52742	682	1995-08-18	0
52743	1288	1993-09-18	0
52768	106	1998-02-27	0
52769	229	1996-06-11	0
52770	1226	1996-06-22	0
52771	1336	1993-12-22	0
52772	908	1993-01-20	0
52773	976	1996-03-24	0
52774	580	1997-08-05	0
52775	1033	1997-04-12	0
52800	703	1993-12-25	0
52801	823	1997-10-29	0
52802	992	1996-01-15	0
52803	628	1994-12-05	0
52804	1075	1995-01-16	0
52805	352	1995-12-13	0
52806	221	1996-05-04	0
52807	328	1994-02-09	0
52832	317	1998-06-02	0
52833	700	1996-03-09	0
52834	1384	1998-02-10	0
52835	808	1997-11-27	0
52836	1307	1998-06-18	0
52837	1297	1992-04-03	0
52838	595	1998-01-26	0
52839	1201	1993-06-26	0
52864	835	1993-10-25	0
52865	356	1996-03-08	0
52866	49	1992-07-18	0
52867	1216	1994-10-28	0
52868	829	1995-05-03	0
52869	803	1996-06-11	0
52870	430	1994-05-24	0
52871	610	1995-07-25	0
52896	727	1994-01-06	0
52897	676	1994-11-06	0
52898	446	1996-03-26	0
52899	1372	1997-03-19	0
52900	1339	1995-08-04	0
52901	562	1998-05-22	0
52902	790	1993-10-01	0
52903	7	1996-06-14	0
52928	1198	1997-10-20	0
52929	1018	1995-06-23	0
52930	1375	1996-01-23	0
52931	898	1993-07-05	0
52932	421	1992-07-27	0
52933	106	1993-11-10	0
52934	1234	1995-10-11	0
52935	826	1998-10-10	0
52960	52	1997-11-11	0
52961	88	1997-05-16	0
52962	1084	1998-08-10	0
52963	106	1998-05-21	0
52964	1441	1993-06-15	0
52965	676	1996-12-06	0
52966	532	1993-02-16	0
52967	1391	1998-07-12	0
52992	1279	1997-02-20	0
52993	526	1992-10-13	0
52994	100	1995-02-22	0
52995	559	1992-05-30	0
52996	1117	1996-10-23	0
52997	947	1994-04-25	0
52998	1460	1993-10-01	0
52999	737	1992-07-10	0
53024	1195	1992-07-27	0
53025	1162	1993-06-01	0
53026	446	1992-05-12	0
53027	694	1994-01-10	0
53028	599	1997-05-01	0
53029	1313	1994-10-11	0
53030	649	1996-07-23	0
53031	65	1997-10-27	0
53056	880	1996-01-18	0
53057	1000	1993-10-04	0
53058	805	1998-04-05	0
53059	352	1997-06-12	0
53060	571	1993-06-06	0
53061	35	1995-10-09	0
53062	1051	1994-10-29	0
53063	397	1997-04-18	0
53088	767	1996-02-22	0
53089	1414	1998-06-27	0
53090	893	1994-05-26	0
53091	670	1996-08-18	0
53092	77	1998-03-15	0
53093	205	1993-06-26	0
53094	719	1998-02-21	0
53095	578	1997-12-20	0
53120	440	1992-08-01	0
53121	170	1996-03-25	0
53122	1333	1995-09-20	0
53123	236	1994-11-15	0
53124	25	1993-03-20	0
53125	1055	1998-10-06	0
53126	71	1995-02-12	0
53127	175	1995-07-26	0
53152	1177	1994-05-20	0
53153	8	1994-12-08	0
53154	367	1992-07-02	0
53155	211	1996-12-06	0
53156	65	1992-05-25	0
53157	902	1997-07-11	0
53158	166	1997-06-27	0
53159	1307	1992-05-02	0
53184	1279	1998-04-23	0
53185	371	1994-02-11	0
53186	1222	1997-02-11	0
53187	239	1994-01-22	0
53188	941	1993-01-20	0
53189	793	1995-11-07	0
53190	877	1994-12-09	0
53191	1129	1993-04-21	0
53216	121	1993-02-18	0
53217	244	1998-09-28	0
53218	1177	1994-06-25	0
53219	131	1996-07-03	0
53220	553	1997-09-25	0
53221	1432	1992-05-12	0
53222	1460	1995-01-03	0
53223	1390	1992-09-28	0
53248	382	1994-01-13	0
53249	1309	1992-11-29	0
53250	770	1997-02-09	0
53251	899	1995-06-11	0
53252	907	1998-09-03	0
53253	214	1998-09-16	0
53254	1331	1994-11-02	0
53255	901	1997-09-14	0
53280	1462	1995-03-25	0
53281	79	1994-06-17	0
53282	473	1994-10-16	0
53283	1	1996-01-12	0
53284	355	1996-12-04	0
53285	181	1992-08-08	0
53286	1268	1993-09-09	0
53287	1490	1996-12-05	0
53312	145	1994-09-18	0
53313	740	1997-04-28	0
53314	749	1993-12-04	0
53315	1360	1995-10-13	0
53316	805	1997-03-25	0
53317	1291	1995-02-04	0
53318	1412	1993-02-16	0
53319	932	1998-01-29	0
53344	922	1993-05-11	0
53345	589	1997-05-06	0
53346	577	1996-10-09	0
53347	323	1997-02-22	0
53348	565	1997-11-13	0
53349	377	1993-06-25	0
53350	251	1994-08-29	0
53351	1429	1992-09-07	0
53376	1489	1997-10-26	0
53377	1058	1998-10-09	0
53378	856	1992-09-27	0
53379	451	1998-02-18	0
53380	1013	1994-02-12	0
53381	493	1993-12-11	0
53382	461	1995-03-13	0
53383	433	1996-10-23	0
53408	655	1993-11-30	0
53409	973	1996-05-02	0
53410	1085	1994-10-22	0
53411	1226	1996-02-13	0
53412	448	1994-11-30	0
53413	1123	1996-07-02	0
53414	1171	1996-12-09	0
53415	53	1997-11-26	0
53440	541	1998-09-29	0
53441	898	1994-11-08	0
53442	664	1994-09-03	0
53443	1385	1995-12-23	0
53444	298	1998-01-05	0
53445	349	1993-01-08	0
53446	130	1997-12-01	0
53447	637	1998-05-09	0
53472	302	1998-02-03	0
53473	791	1995-03-16	0
53474	118	1992-03-25	0
53475	920	1997-12-28	0
53476	542	1994-08-26	0
53477	625	1992-07-20	0
53478	311	1996-11-06	0
53479	1432	1994-03-19	0
53504	430	1994-07-06	0
53505	461	1992-12-23	0
53506	1273	1995-12-02	0
53507	796	1997-04-13	0
53508	1082	1995-01-25	0
53509	1027	1998-05-08	0
53510	775	1992-07-12	0
53511	532	1994-05-07	0
53536	524	1993-01-14	0
53537	430	1998-10-10	0
53538	1042	1997-12-14	0
53539	464	1995-05-29	0
53540	1087	1993-05-08	0
53541	1033	1994-03-29	0
53542	212	1998-07-21	0
53543	829	1994-04-04	0
53568	97	1993-09-12	0
53569	1390	1997-12-11	0
53570	269	1996-11-21	0
53571	520	1992-05-30	0
53572	590	1993-07-22	0
53573	130	1994-05-30	0
53574	1141	1992-06-24	0
53575	925	1998-01-29	0
53600	616	1992-09-24	0
53601	604	1997-09-12	0
53602	1136	1993-08-29	0
53603	1396	1995-08-17	0
53604	1343	1995-10-29	0
53605	925	1993-10-18	0
53606	877	1997-06-05	0
53607	481	1996-03-23	0
53632	721	1993-02-05	0
53633	403	1997-10-19	0
53634	1457	1995-05-08	0
53635	373	1992-10-02	0
53636	907	1996-03-25	0
53637	592	1995-06-01	0
53638	1253	1997-04-17	0
53639	104	1996-12-07	0
53664	152	1996-10-26	0
53665	322	1998-05-06	0
53666	121	1997-10-04	0
53667	562	1992-08-01	0
53668	1052	1993-06-15	0
53669	1075	1998-05-29	0
53670	358	1994-01-28	0
53671	226	1995-08-25	0
53696	562	1994-02-24	0
53697	619	1993-03-16	0
53698	73	1992-08-31	0
53699	1163	1996-12-24	0
53700	148	1997-03-03	0
53701	19	1998-05-09	0
53702	266	1994-07-11	0
53703	989	1993-08-29	0
53728	1081	1996-01-06	0
53729	1414	1997-03-29	0
53730	433	1993-03-15	0
53731	352	1998-05-24	0
53732	337	1995-09-05	0
53733	352	1997-05-07	0
53734	1219	1997-05-27	0
53735	1495	1997-04-06	0
53760	37	1996-06-02	0
53761	1361	1995-06-26	0
53762	481	1992-08-16	0
53763	157	1996-08-30	0
53764	1319	1997-06-27	0
53765	1247	1994-01-02	0
53766	572	1994-12-28	0
53767	151	1995-11-10	0
53792	634	1998-08-14	0
53793	982	1995-01-24	0
53794	121	1997-11-24	0
53795	733	1992-04-15	0
53796	1028	1993-08-30	0
53797	121	1994-12-16	0
53798	691	1994-07-04	0
53799	764	1997-02-28	0
53824	277	1997-08-18	0
53825	1336	1995-06-24	0
53826	799	1997-01-28	0
53827	848	1998-02-25	0
53828	521	1996-08-19	0
53829	1072	1997-05-21	0
53830	1220	1993-11-12	0
53831	1052	1998-05-30	0
53856	286	1996-07-18	0
53857	454	1996-06-11	0
53858	1102	1998-08-20	0
53859	716	1993-08-01	0
53860	1103	1994-04-03	0
53861	190	1996-06-06	0
53862	1078	1996-09-22	0
53863	902	1993-08-18	0
53888	839	1997-04-18	0
53889	880	1997-04-29	0
53890	1288	1998-04-11	0
53891	1094	1994-04-08	0
53892	1120	1998-06-04	0
53893	595	1998-03-26	0
53894	907	1994-09-21	0
53895	1258	1995-11-19	0
53920	742	1994-06-02	0
53921	1312	1992-12-06	0
53922	1070	1996-12-05	0
53923	454	1997-12-03	0
53924	1069	1997-03-03	0
53925	625	1997-04-08	0
53926	661	1996-10-14	0
53927	1318	1995-09-19	0
53952	931	1998-02-02	0
53953	1195	1994-06-11	0
53954	1462	1997-11-02	0
53955	961	1995-05-19	0
53956	1348	1995-10-23	0
53957	7	1997-12-30	0
53958	154	1998-03-11	0
53959	20	1997-05-04	0
53984	415	1993-02-24	0
53985	1042	1997-01-26	0
53986	796	1994-02-14	0
53987	176	1993-05-03	0
53988	589	1992-03-17	0
53989	83	1997-03-14	0
53990	1069	1993-01-16	0
53991	1271	1994-06-15	0
54016	178	1996-11-27	0
54017	599	1998-01-18	0
54018	4	1998-09-07	0
54019	382	1994-09-15	0
54020	292	1992-04-16	0
54021	316	1993-12-29	0
54022	1066	1996-12-29	0
54023	925	1992-10-06	0
54048	1084	1993-01-31	0
54049	724	1993-12-21	0
54050	1052	1997-08-18	0
54051	1222	1995-10-26	0
54052	737	1996-10-03	0
54053	686	1992-04-30	0
54054	1147	1996-04-02	0
54055	781	1994-04-30	0
54080	170	1994-09-16	0
54081	829	1995-05-25	0
54082	196	1993-09-24	0
54083	602	1995-10-05	0
54084	1172	1995-11-25	0
54085	805	1995-12-22	0
54086	238	1992-11-21	0
54087	587	1998-09-16	0
54112	440	1998-08-17	0
54113	961	1997-12-08	0
54114	412	1994-12-04	0
54115	791	1992-03-23	0
54116	508	1996-01-18	0
54117	1202	1998-08-22	0
54118	704	1998-05-15	0
54119	736	1993-08-06	0
54144	724	1995-01-02	0
54145	1073	1993-03-19	0
54146	1000	1994-01-02	0
54147	1375	1997-07-21	0
54148	61	1997-01-11	0
54149	439	1996-05-19	0
54150	1354	1995-09-06	0
54151	1186	1994-11-17	0
54176	232	1995-09-11	0
54177	989	1992-04-10	0
54178	1201	1996-05-06	0
54179	1289	1995-05-29	0
54180	670	1993-01-06	0
54181	824	1992-08-02	0
54182	364	1998-08-30	0
54183	454	1992-06-30	0
54208	1246	1998-08-12	0
54209	523	1992-10-30	0
54210	1252	1993-12-19	0
54211	331	1996-06-19	0
54212	421	1994-05-27	0
54213	292	1995-04-20	0
54214	874	1992-03-18	0
54215	1495	1996-01-05	0
54240	1040	1996-07-24	0
54241	649	1992-10-12	0
54242	100	1998-06-14	0
54243	277	1994-12-01	0
54244	223	1996-06-17	0
54245	53	1995-06-08	0
54246	1099	1993-09-13	0
54247	193	1997-06-30	0
54272	266	1997-10-26	0
54273	1273	1998-07-29	0
54274	1402	1994-02-07	0
54275	887	1993-03-19	0
54276	932	1993-04-23	0
54277	304	1993-03-19	0
54278	55	1997-07-22	0
54279	1072	1995-10-14	0
54304	508	1993-05-04	0
54305	1454	1997-10-26	0
54306	889	1992-08-23	0
54307	988	1992-03-24	0
54308	295	1996-05-16	0
54309	698	1992-09-09	0
54310	787	1998-06-18	0
54311	904	1998-03-21	0
54336	190	1993-06-30	0
54337	1373	1996-10-16	0
54338	1078	1998-03-21	0
54339	469	1992-07-17	0
54340	995	1994-01-24	0
54341	973	1992-07-07	0
54342	877	1994-08-23	0
54343	472	1998-10-13	0
54368	34	1996-01-16	0
54369	1123	1994-05-17	0
54370	1291	1992-06-23	0
54371	661	1992-05-01	0
54372	557	1995-06-07	0
54373	1124	1998-03-24	0
54374	241	1997-10-12	0
54375	718	1997-08-08	0
54400	10	1997-09-22	0
54401	97	1996-02-18	0
54402	1247	1996-12-25	0
54403	725	1996-05-04	0
54404	4	1998-04-29	0
54405	496	1994-08-15	0
54406	1304	1995-08-16	0
54407	346	1993-08-31	0
54432	1372	1996-05-23	0
54433	1414	1997-12-08	0
54434	415	1994-11-28	0
54435	1451	1997-07-04	0
54436	104	1994-12-04	0
54437	718	1994-03-05	0
54438	1117	1993-05-01	0
54439	1436	1998-07-16	0
54464	776	1994-11-16	0
54465	631	1997-10-24	0
54466	976	1997-10-04	0
54467	71	1994-01-02	0
54468	1234	1995-02-28	0
54469	667	1997-10-16	0
54470	686	1998-02-18	0
54471	943	1992-11-19	0
54496	1372	1996-02-23	0
54497	898	1993-04-05	0
54498	1354	1996-04-30	0
54499	949	1993-06-20	0
54500	946	1997-11-27	0
54501	370	1993-02-13	0
54502	529	1995-12-15	0
54503	406	1994-09-30	0
54528	1049	1995-03-21	0
54529	1129	1997-08-21	0
54530	769	1992-12-04	0
54531	587	1996-04-20	0
54532	400	1998-04-26	0
54533	19	1996-03-03	0
54534	181	1992-06-03	0
54535	251	1996-04-23	0
54560	1429	1994-09-30	0
54561	340	1998-06-24	0
54562	751	1997-01-22	0
54563	430	1993-12-19	0
54564	886	1994-02-20	0
54565	1453	1996-08-29	0
54566	340	1996-10-27	0
54567	1285	1994-10-17	0
54592	991	1995-08-27	0
54593	1192	1992-11-02	0
54594	847	1996-08-15	0
54595	722	1994-07-13	0
54596	479	1997-07-28	0
54597	592	1996-07-04	0
54598	664	1996-07-20	0
54599	136	1998-01-08	0
54624	1102	1998-06-07	0
54625	602	1993-08-01	0
54626	841	1997-06-20	0
54627	1303	1998-06-25	0
54628	178	1993-08-20	0
54629	1456	1996-11-17	0
54630	8	1992-10-25	0
54631	728	1998-09-24	0
54656	1367	1993-02-03	0
54657	1120	1992-09-17	0
54658	1277	1998-05-03	0
54659	178	1995-10-30	0
54660	1237	1994-06-07	0
54661	425	1998-10-14	0
54662	1409	1997-05-14	0
54663	511	1996-06-28	0
54688	1499	1996-12-30	0
54689	772	1993-11-25	0
54690	794	1992-05-07	0
54691	1402	1997-07-27	0
54692	850	1993-05-20	0
54693	904	1997-12-22	0
54694	389	1994-12-04	0
54695	34	1997-10-02	0
54720	877	1996-05-03	0
54721	1079	1993-01-02	0
54722	4	1993-03-24	0
54723	19	1994-04-01	0
54724	239	1992-08-18	0
54725	350	1998-07-17	0
54726	50	1992-11-28	0
54727	796	1994-02-27	0
54752	874	1996-11-04	0
54753	403	1994-07-03	0
54754	1295	1996-12-14	0
54755	1408	1995-02-21	0
54756	1099	1996-09-17	0
54757	940	1993-02-14	0
54758	1372	1995-01-23	0
54759	464	1994-07-23	0
54784	637	1992-04-10	0
54785	1015	1996-09-04	0
54786	226	1992-03-27	0
54787	910	1995-05-11	0
54788	1330	1998-07-04	0
54789	439	1995-12-03	0
54790	1090	1994-03-01	0
54791	1126	1993-03-06	0
54816	1030	1995-02-23	0
54817	1294	1992-08-01	0
54818	715	1997-08-24	0
54819	1147	1994-12-25	0
54820	1298	1996-03-19	0
54821	329	1994-07-09	0
54822	773	1995-03-10	0
54823	1408	1998-06-10	0
54848	457	1997-12-04	0
54849	1046	1996-09-14	0
54850	739	1994-03-10	0
54851	13	1993-12-23	0
54852	211	1997-07-19	0
54853	175	1997-02-27	0
54854	373	1997-04-04	0
54855	7	1992-09-15	0
54880	41	1996-09-27	0
54881	823	1998-07-15	0
54882	376	1995-04-23	0
54883	1136	1997-08-28	0
54884	49	1992-10-15	0
54885	1121	1997-02-19	0
54886	5	1992-10-19	0
54887	289	1998-09-30	0
54912	1427	1995-10-05	0
54913	128	1993-09-17	0
54914	1009	1995-11-12	0
54915	226	1995-09-02	0
54916	778	1998-04-09	0
54917	179	1993-06-24	0
54918	1306	1996-06-28	0
54919	1480	1994-07-22	0
54944	103	1995-03-08	0
54945	988	1996-12-02	0
54946	872	1998-01-30	0
54947	1240	1994-05-09	0
54948	784	1998-02-03	0
54949	128	1994-10-25	0
54950	311	1994-02-19	0
54951	104	1998-06-17	0
54976	112	1993-04-10	0
54977	329	1995-09-24	0
54978	842	1992-04-03	0
54979	374	1996-01-22	0
54980	1069	1994-07-22	0
54981	679	1992-04-27	0
54982	1102	1998-05-04	0
54983	1408	1998-05-22	0
55008	398	1998-10-07	0
55009	1187	1992-12-01	0
55010	793	1998-10-09	0
55011	833	1992-03-20	0
55012	839	1998-03-30	0
55013	131	1995-09-26	0
55014	946	1994-01-16	0
55015	1489	1993-12-12	0
55040	886	1994-06-27	0
55041	235	1996-12-01	0
55042	1354	1996-02-22	0
55043	19	1997-05-12	0
55044	346	1998-04-26	0
55045	1087	1995-02-06	0
55046	1361	1994-06-28	0
55047	59	1993-09-03	0
55072	44	1995-03-21	0
55073	913	1992-06-04	0
55074	151	1997-11-24	0
55075	1010	1995-04-18	0
55076	530	1996-08-10	0
55077	176	1995-12-19	0
55078	1078	1998-08-24	0
55079	1073	1996-07-17	0
55104	658	1998-03-25	0
55105	403	1994-07-21	0
55106	662	1996-07-05	0
55107	1154	1993-07-23	0
55108	586	1997-11-20	0
55109	334	1996-06-05	0
55110	727	1997-09-02	0
55111	227	1997-07-23	0
55136	1156	1993-12-24	0
55137	431	1993-06-07	0
55138	1228	1994-12-09	0
55139	479	1993-04-03	0
55140	901	1993-09-18	0
55141	652	1996-08-13	0
55142	22	1994-02-22	0
55143	1207	1993-04-07	0
55168	200	1997-06-29	0
55169	1366	1992-06-30	0
55170	238	1992-12-06	0
55171	352	1993-01-10	0
55172	224	1994-02-17	0
55173	139	1998-02-02	0
55174	989	1993-09-19	0
55175	496	1995-10-06	0
55200	686	1993-11-12	0
55201	52	1993-06-07	0
55202	646	1995-11-08	0
55203	232	1993-06-26	0
55204	635	1997-10-14	0
55205	1489	1998-10-16	0
55206	886	1996-01-17	0
55207	13	1995-01-31	0
55232	1048	1996-04-14	0
55233	1111	1995-04-18	0
55234	538	1993-10-12	0
55235	1175	1993-12-21	0
55236	686	1997-02-26	0
55237	1138	1997-04-30	0
55238	488	1998-08-11	0
55239	338	1993-02-17	0
55264	733	1994-03-05	0
55265	1258	1994-12-08	0
55266	395	1992-08-28	0
55267	179	1998-06-08	0
55268	412	1992-06-01	0
55269	196	1993-05-22	0
55270	1000	1993-04-08	0
55271	496	1995-05-26	0
55296	1421	1993-01-02	0
55297	1336	1994-01-03	0
55298	274	1994-10-17	0
55299	908	1992-06-14	0
55300	337	1994-05-07	0
55301	1226	1994-05-14	0
55302	697	1998-02-04	0
55303	1061	1995-06-14	0
55328	1447	1998-04-21	0
55329	340	1996-09-08	0
55330	94	1994-10-27	0
55331	1349	1994-02-27	0
55332	1474	1998-06-14	0
55333	418	1994-01-31	0
55334	613	1997-07-21	0
55335	835	1992-11-30	0
55360	475	1994-04-08	0
55361	313	1995-06-07	0
55362	1024	1995-07-05	0
55363	527	1994-03-14	0
55364	187	1996-12-23	0
55365	1378	1996-03-21	0
55366	605	1992-12-25	0
55367	1121	1994-03-27	0
55392	1031	1994-08-21	0
55393	1427	1996-08-01	0
55394	236	1993-05-13	0
55395	1252	1995-01-16	0
55396	1198	1994-06-21	0
55397	181	1993-06-14	0
55398	767	1993-04-06	0
55399	490	1996-04-30	0
55424	490	1993-05-17	0
55425	673	1996-01-16	0
55426	799	1997-04-06	0
55427	1099	1995-09-19	0
55428	517	1996-09-19	0
55429	1249	1994-09-13	0
55430	770	1994-08-25	0
55431	1271	1992-08-23	0
55456	943	1993-03-23	0
55457	1394	1996-11-05	0
55458	170	1992-05-31	0
55459	694	1994-07-10	0
55460	154	1992-08-10	0
55461	340	1994-12-13	0
55462	1015	1992-06-11	0
55463	779	1993-07-24	0
55488	1310	1996-05-03	0
55489	1276	1996-09-22	0
55490	1367	1995-01-31	0
55491	368	1995-08-01	0
55492	10	1995-12-04	0
55493	1231	1993-11-22	0
55494	743	1992-09-09	0
55495	445	1996-08-15	0
55520	586	1995-07-22	0
55521	1087	1997-08-04	0
55522	608	1994-09-10	0
55523	220	1998-08-01	0
55524	1358	1996-01-12	0
55525	1417	1994-07-23	0
55526	833	1992-09-16	0
55527	482	1997-10-09	0
55552	293	1996-12-27	0
55553	1453	1994-10-01	0
55554	1037	1995-01-31	0
55555	764	1998-02-08	0
55556	1358	1996-01-30	0
55557	892	1997-04-20	0
55558	643	1993-10-24	0
55559	1451	1997-11-19	0
55584	170	1996-05-22	0
55585	923	1997-04-05	0
55586	160	1998-07-31	0
55587	227	1993-10-03	0
55588	568	1993-05-29	0
55589	58	1993-05-12	0
55590	580	1997-03-09	0
55591	620	1997-10-17	0
55616	634	1995-07-23	0
55617	1397	1998-09-12	0
55618	1498	1992-04-06	0
55619	548	1998-01-29	0
55620	29	1998-03-26	0
55621	1276	1995-05-30	0
55622	430	1994-12-06	0
55623	568	1992-12-20	0
55648	62	1994-11-24	0
55649	445	1998-04-03	0
55650	686	1996-01-05	0
55651	217	1992-05-22	0
55652	583	1994-03-07	0
55653	785	1994-02-10	0
55654	1346	1993-12-04	0
55655	208	1992-12-09	0
55680	433	1992-08-24	0
55681	763	1996-11-06	0
55682	377	1995-01-28	0
55683	979	1992-09-29	0
55684	526	1995-05-24	0
55685	1051	1992-12-26	0
55686	1477	1995-06-09	0
55687	1231	1993-01-10	0
55712	1442	1997-02-03	0
55713	572	1994-04-19	0
55714	1406	1997-08-16	0
55715	1180	1995-06-17	0
55716	373	1993-01-06	0
55717	1111	1992-04-30	0
55718	97	1997-09-06	0
55719	203	1992-12-26	0
55744	1135	1996-01-04	0
55745	410	1994-05-01	0
55746	992	1994-09-14	0
55747	610	1993-02-16	0
55748	929	1995-10-30	0
55749	10	1992-07-18	0
55750	1274	1993-11-11	0
55751	175	1998-02-20	0
55776	1169	1994-06-06	0
55777	607	1993-01-25	0
55778	523	1997-06-28	0
55779	497	1992-05-25	0
55780	1114	1997-12-27	0
55781	1324	1997-02-17	0
55782	1339	1997-10-07	0
55783	1415	1996-09-25	0
55808	1207	1995-05-01	0
55809	1133	1995-11-25	0
55810	649	1996-06-22	0
55811	845	1998-08-20	0
55812	379	1994-01-10	0
55813	1021	1992-10-12	0
55814	244	1993-11-04	0
55815	806	1995-03-30	0
55840	452	1994-11-01	0
55841	1249	1997-01-14	0
55842	625	1996-05-12	0
55843	1112	1995-06-02	0
55844	541	1996-03-06	0
55845	556	1995-10-05	0
55846	862	1994-10-04	0
55847	476	1994-10-04	0
55872	676	1994-02-27	0
55873	491	1996-02-03	0
55874	14	1994-05-03	0
55875	476	1995-02-09	0
55876	904	1997-12-16	0
55877	754	1993-04-19	0
55878	1462	1995-06-21	0
55879	1255	1994-06-20	0
55904	935	1993-06-03	0
55905	325	1996-09-11	0
55906	608	1995-02-10	0
55907	628	1997-01-06	0
55908	866	1994-08-07	0
55909	877	1994-08-03	0
55910	643	1993-12-02	0
55911	748	1993-12-19	0
55936	226	1996-03-12	0
55937	166	1994-04-12	0
55938	475	1992-09-16	0
55939	50	1997-04-19	0
55940	139	1994-07-14	0
55941	626	1995-05-07	0
55942	994	1998-05-18	0
55943	658	1997-07-02	0
55968	349	1992-12-15	0
55969	562	1993-12-19	0
55970	1297	1995-12-09	0
55971	382	1997-03-19	0
55972	959	1996-01-19	0
55973	236	1995-05-01	0
55974	787	1996-07-28	0
55975	19	1998-04-26	0
56000	1421	1997-01-18	0
56001	1124	1993-06-27	0
56002	295	1994-09-18	0
56003	1267	1993-06-21	0
56004	334	1993-08-21	0
56005	485	1996-03-27	0
56006	757	1995-12-16	0
56007	1420	1992-03-31	0
56032	373	1996-03-04	0
56033	1357	1992-03-19	0
56034	1012	1997-11-22	0
56035	1036	1996-09-29	0
56036	851	1996-12-24	0
56037	701	1996-06-06	0
56038	1010	1994-04-02	0
56039	40	1996-02-09	0
56064	1156	1995-01-13	0
56065	316	1995-06-17	0
56066	343	1998-04-09	0
56067	1382	1996-11-18	0
56068	1471	1997-03-29	0
56069	614	1992-12-29	0
56070	592	1992-03-29	0
56071	793	1996-09-27	0
56096	922	1995-12-25	0
56097	343	1996-07-16	0
56098	508	1997-03-02	0
56099	1405	1993-12-20	0
56100	929	1993-07-01	0
56101	407	1993-10-03	0
56102	646	1997-03-30	0
56103	872	1994-03-12	0
56128	550	1993-10-14	0
56129	739	1996-03-09	0
56130	1369	1996-02-13	0
56131	338	1993-05-31	0
56132	436	1992-08-21	0
56133	256	1996-06-27	0
56134	1178	1998-06-15	0
56135	1484	1994-01-28	0
56160	266	1994-12-02	0
56161	802	1992-06-29	0
56162	1499	1995-07-10	0
56163	640	1994-10-26	0
56164	269	1998-08-05	0
56165	35	1992-07-04	0
56166	676	1993-10-19	0
56167	530	1996-06-01	0
56192	728	1997-05-21	0
56193	604	1996-08-22	0
56194	29	1996-04-25	0
56195	706	1993-09-23	0
56196	4	1995-01-20	0
56197	1295	1994-07-26	0
56198	1160	1998-01-26	0
56199	92	1997-09-18	0
56224	982	1993-01-09	0
56225	1288	1995-12-30	0
56226	1273	1997-02-18	0
56227	640	1996-12-15	0
56228	211	1994-02-24	0
56229	1075	1997-09-11	0
56230	994	1995-07-19	0
56231	808	1998-07-30	0
56256	122	1993-10-20	0
56257	991	1995-11-24	0
56258	466	1997-02-20	0
56259	527	1996-01-27	0
56260	583	1994-10-30	0
56261	1138	1992-05-14	0
56262	1079	1996-06-23	0
56263	1394	1993-09-09	0
56288	598	1993-09-14	0
56289	25	1996-03-06	0
56290	304	1995-06-30	0
56291	893	1992-12-02	0
56292	1196	1992-05-15	0
56293	392	1993-03-22	0
56294	1294	1998-04-18	0
56295	1009	1995-05-10	0
56320	679	1997-11-14	0
56321	424	1993-07-01	0
56322	127	1995-12-15	0
56323	1213	1997-02-26	0
56324	910	1996-03-18	0
56325	205	1998-02-26	0
56326	55	1998-09-05	0
56327	251	1993-03-28	0
56352	445	1997-03-18	0
56353	679	1997-07-21	0
56354	1255	1992-05-02	0
56355	1207	1996-05-14	0
56356	82	1998-02-03	0
56357	134	1996-10-16	0
56358	20	1992-05-16	0
56359	34	1994-03-08	0
56384	481	1992-10-15	0
56385	61	1998-06-12	0
56386	797	1997-02-05	0
56387	139	1995-08-04	0
56388	1195	1997-04-30	0
56389	1079	1997-10-04	0
56390	1073	1997-05-01	0
56391	1156	1995-11-04	0
56416	817	1992-07-28	0
56417	644	1997-08-11	0
56418	887	1992-06-27	0
56419	1055	1993-08-05	0
56420	34	1995-10-08	0
56421	1249	1997-03-04	0
56422	115	1992-04-21	0
56423	964	1996-03-10	0
56448	268	1993-11-05	0
56449	1480	1998-07-23	0
56450	796	1998-10-09	0
56451	64	1997-01-22	0
56452	571	1994-05-01	0
56453	25	1992-06-26	0
56454	187	1997-02-28	0
56455	379	1992-04-08	0
56480	559	1993-05-19	0
56481	1135	1993-06-27	0
56482	1495	1993-08-22	0
56483	1039	1994-05-06	0
56484	1111	1996-02-05	0
56485	70	1996-10-21	0
56486	1267	1994-08-12	0
56487	553	1995-08-23	0
56512	484	1997-07-05	0
56513	169	1996-08-20	0
56514	655	1992-04-27	0
56515	1453	1995-08-11	0
56516	320	1994-10-18	0
56517	763	1998-01-06	0
56518	277	1998-05-22	0
56519	13	1996-05-26	0
56544	826	1997-01-24	0
56545	698	1995-08-11	0
56546	154	1997-11-16	0
56547	760	1993-09-09	0
56548	85	1992-11-20	0
56549	730	1997-03-25	0
56550	755	1995-06-23	0
56551	986	1998-04-29	0
56576	1145	1996-12-04	0
56577	491	1996-01-17	0
56578	1172	1997-05-28	0
56579	611	1996-09-07	0
56580	1217	1995-10-29	0
56581	1162	1994-04-25	0
56582	55	1994-08-27	0
56583	139	1998-01-02	0
56608	1249	1995-02-02	0
56609	203	1997-04-16	0
56610	776	1993-05-22	0
56611	1376	1996-02-15	0
56612	761	1994-10-06	0
56613	1318	1994-01-06	0
56614	317	1992-11-19	0
56615	686	1995-08-21	0
56640	1040	1995-11-09	0
56641	382	1996-07-17	0
56642	517	1996-05-08	0
56643	707	1992-07-13	0
56644	494	1993-02-12	0
56645	1289	1992-03-22	0
56646	1394	1993-08-03	0
56647	1069	1995-10-18	0
56672	152	1992-07-27	0
56673	1240	1993-04-06	0
56674	1111	1993-12-01	0
56675	1078	1992-03-19	0
56676	1330	1993-01-09	0
56677	187	1994-06-26	0
56678	643	1997-02-10	0
56679	893	1997-08-03	0
56704	392	1992-10-11	0
56705	619	1997-04-13	0
56706	1201	1995-01-25	0
56707	85	1993-03-08	0
56708	544	1993-02-16	0
56709	742	1997-06-15	0
56710	329	1993-07-26	0
56711	73	1995-04-23	0
56736	1369	1998-03-29	0
56737	1426	1997-07-19	0
56738	884	1996-06-23	0
56739	1397	1993-06-29	0
56740	1324	1992-12-31	0
56741	310	1997-06-03	0
56742	254	1996-11-21	0
56743	343	1995-09-06	0
56768	685	1995-10-11	0
56769	506	1994-02-13	0
56770	472	1998-01-03	0
56771	995	1997-06-06	0
56772	424	1993-03-30	0
56773	586	1993-01-01	0
56774	1424	1997-02-18	0
56775	10	1994-12-25	0
56800	970	1993-04-17	0
56801	757	1996-06-08	0
56802	1115	1992-08-13	0
56803	1378	1995-02-24	0
56804	787	1995-06-11	0
56805	287	1992-08-20	0
56806	349	1998-01-14	0
56807	907	1994-07-06	0
56832	1150	1997-05-15	0
56833	1223	1994-11-20	0
56834	1294	1995-07-16	0
56835	637	1993-05-07	0
56836	809	1996-11-07	0
56837	439	1994-02-28	0
56838	962	1995-10-13	0
56839	599	1998-01-12	0
56864	1171	1997-10-23	0
56865	1054	1997-06-30	0
56866	763	1998-02-21	0
56867	838	1996-11-08	0
56868	151	1996-02-17	0
56869	1228	1993-10-07	0
56870	74	1992-11-02	0
56871	910	1998-04-05	0
56896	394	1996-08-10	0
56897	721	1997-09-02	0
56898	748	1998-10-10	0
56899	538	1994-08-06	0
56900	358	1996-02-10	0
56901	1471	1994-11-26	0
56902	830	1997-01-24	0
56903	1082	1996-07-29	0
56928	1130	1998-08-08	0
56929	1156	1995-12-11	0
56930	491	1992-11-01	0
56931	34	1993-04-20	0
56932	941	1998-05-31	0
56933	475	1998-09-03	0
56934	1486	1998-01-05	0
56935	1144	1994-03-23	0
56960	1202	1994-10-21	0
56961	815	1997-04-18	0
56962	190	1994-03-19	0
56963	599	1997-05-12	0
56964	19	1998-03-28	0
56965	1445	1997-11-22	0
56966	1117	1997-02-27	0
56967	388	1992-05-17	0
56992	487	1993-07-03	0
56993	43	1998-05-26	0
56994	529	1998-08-19	0
56995	1009	1994-12-30	0
56996	485	1996-05-29	0
56997	761	1996-05-22	0
56998	1163	1998-02-05	0
56999	796	1997-08-24	0
57024	1133	1996-11-17	0
57025	142	1992-09-10	0
57026	479	1998-09-18	0
57027	791	1995-04-06	0
57028	520	1994-09-22	0
57029	1034	1995-05-23	0
57030	388	1998-07-28	0
57031	1085	1992-09-11	0
57056	577	1993-01-23	0
57057	713	1992-06-27	0
57058	1373	1992-07-24	0
57059	1471	1995-08-16	0
57060	1282	1997-06-19	0
57061	1231	1995-02-14	0
57062	1465	1996-08-21	0
57063	812	1995-08-17	0
57088	725	1997-11-24	0
57089	149	1993-03-10	0
57090	496	1992-10-10	0
57091	1372	1996-01-15	0
57092	226	1993-07-16	0
57093	767	1992-07-17	0
57094	217	1998-10-01	0
57095	917	1995-06-07	0
57120	659	1996-08-19	0
57121	301	1996-01-31	0
57122	307	1997-05-25	0
57123	1159	1997-07-26	0
57124	826	1996-05-14	0
57125	368	1993-08-18	0
57126	125	1998-04-30	0
57127	377	1993-05-03	0
57152	1369	1992-11-18	0
57153	268	1994-08-10	0
57154	1448	1997-02-05	0
57155	494	1994-09-01	0
57156	302	1996-07-09	0
57157	13	1992-05-12	0
57158	1207	1997-03-28	0
57159	437	1993-04-29	0
57184	1454	1998-04-04	0
57185	304	1995-08-07	0
57186	877	1993-07-05	0
57187	1294	1998-06-03	0
57188	301	1994-05-24	0
57189	743	1993-02-01	0
57190	1261	1993-08-12	0
57191	601	1997-03-17	0
57216	1165	1993-10-13	0
57217	691	1995-04-07	0
57218	1271	1997-08-26	0
57219	580	1996-01-16	0
57220	998	1995-11-18	0
57221	563	1998-01-15	0
57222	1490	1997-01-24	0
57223	314	1996-03-21	0
57248	1379	1994-12-30	0
57249	1486	1993-10-04	0
57250	1184	1996-03-16	0
57251	853	1996-07-09	0
57252	317	1997-12-31	0
57253	707	1994-03-17	0
57254	22	1998-05-14	0
57255	49	1997-12-15	0
57280	1304	1992-04-16	0
57281	889	1993-07-05	0
57282	71	1997-03-03	0
57283	34	1994-05-30	0
57284	628	1997-11-22	0
57285	1462	1998-04-16	0
57286	400	1996-05-03	0
57287	1369	1996-01-12	0
57312	1465	1993-10-16	0
57313	473	1997-09-01	0
57314	1105	1993-12-27	0
57315	1151	1994-07-26	0
57316	92	1996-12-12	0
57317	424	1996-03-09	0
57318	50	1993-03-27	0
57319	514	1993-01-01	0
57344	571	1993-12-09	0
57345	1408	1998-09-30	0
57346	1498	1992-04-15	0
57347	262	1997-02-22	0
57348	1156	1993-06-19	0
57349	1261	1992-06-26	0
57350	883	1995-08-09	0
57351	715	1996-03-07	0
57376	676	1995-09-03	0
57377	232	1998-07-05	0
57378	469	1995-03-14	0
57379	1156	1994-08-20	0
57380	1112	1996-01-04	0
57381	1135	1994-10-22	0
57382	556	1994-06-07	0
57383	283	1994-01-28	0
57408	787	1997-05-05	0
57409	682	1995-02-04	0
57410	751	1998-04-02	0
57411	533	1998-07-17	0
57412	811	1994-09-27	0
57413	1438	1998-10-03	0
57414	644	1992-08-31	0
57415	515	1994-06-08	0
57440	746	1993-10-07	0
57441	728	1996-09-06	0
57442	839	1997-01-12	0
57443	280	1998-02-22	0
57444	1460	1995-07-29	0
57445	724	1994-10-15	0
57446	760	1998-02-11	0
57447	112	1995-09-18	0
57472	787	1998-09-30	0
57473	1204	1992-05-22	0
57474	521	1996-08-10	0
57475	28	1993-12-19	0
57476	784	1994-05-31	0
57477	1169	1993-12-11	0
57478	1030	1993-12-18	0
57479	415	1995-05-30	0
57504	1288	1994-10-19	0
57505	1474	1997-02-08	0
57506	1037	1994-04-30	0
57507	697	1994-09-10	0
57508	1199	1997-03-22	0
57509	1064	1994-05-08	0
57510	1480	1996-02-24	0
57511	919	1994-12-21	0
57536	1231	1993-01-13	0
57537	1363	1992-12-03	0
57538	262	1993-05-07	0
57539	1118	1992-04-18	0
57540	1175	1992-09-11	0
57541	631	1992-05-08	0
57542	859	1994-11-06	0
57543	733	1992-07-26	0
57568	331	1993-09-01	0
57569	655	1997-03-15	0
57570	341	1992-12-13	0
57571	998	1993-09-30	0
57572	1330	1995-09-26	0
57573	1093	1998-03-19	0
57574	121	1992-10-07	0
57575	1396	1997-05-22	0
57600	1160	1993-01-26	0
57601	1040	1994-01-08	0
57602	397	1992-08-01	0
57603	103	1997-09-10	0
57604	760	1997-11-02	0
57605	433	1994-07-31	0
57606	1471	1993-03-20	0
57607	322	1996-09-15	0
57632	544	1996-07-04	0
57633	958	1995-04-23	0
57634	856	1998-02-10	0
57635	14	1997-01-26	0
57636	355	1998-07-05	0
57637	1114	1998-10-15	0
57638	328	1992-07-07	0
57639	1355	1993-10-05	0
57664	691	1994-02-12	0
57665	1147	1992-07-10	0
57666	676	1994-08-06	0
57667	769	1996-08-09	0
57668	431	1992-05-03	0
57669	1093	1993-10-23	0
57670	113	1993-12-27	0
57671	1469	1993-01-22	0
57696	73	1997-04-28	0
57697	167	1995-04-24	0
57698	953	1992-03-22	0
57699	1441	1993-01-25	0
57700	1009	1996-01-27	0
57701	1037	1996-09-06	0
57702	19	1996-12-22	0
57703	1432	1994-05-05	0
57728	1108	1996-09-18	0
57729	1108	1996-07-26	0
57730	1144	1998-05-04	0
57731	191	1997-03-10	0
57732	718	1996-06-24	0
57733	589	1998-05-15	0
57734	1016	1994-12-01	0
57735	850	1992-07-15	0
57760	562	1995-09-26	0
57761	1282	1994-11-28	0
57762	625	1995-02-12	0
57763	217	1997-01-23	0
57764	427	1997-02-08	0
57765	1312	1994-12-30	0
57766	1486	1993-07-15	0
57767	7	1992-06-26	0
57792	748	1998-08-11	0
57793	418	1993-01-22	0
57794	194	1994-10-10	0
57795	347	1994-09-03	0
57796	667	1996-05-13	0
57797	493	1998-04-24	0
57798	1360	1992-11-30	0
57799	1019	1995-11-15	0
57824	479	1998-01-14	0
57825	850	1998-05-05	0
57826	640	1998-06-18	0
57827	661	1994-09-16	0
57828	1325	1998-08-10	0
57829	800	1994-05-20	0
57830	91	1995-11-07	0
57831	265	1996-12-24	0
57856	676	1994-04-29	0
57857	661	1993-07-16	0
57858	928	1996-01-14	0
57859	790	1997-08-09	0
57860	589	1997-03-07	0
57861	1018	1993-01-09	0
57862	427	1996-07-09	0
57863	193	1992-08-25	0
57888	829	1997-05-20	0
57889	385	1993-06-22	0
57890	457	1994-05-13	0
57891	862	1994-03-03	0
57892	1069	1997-01-24	0
57893	632	1994-01-07	0
57894	308	1992-06-18	0
57895	113	1997-03-31	0
57920	994	1997-03-09	0
57921	1178	1993-11-02	0
57922	769	1995-04-25	0
57923	1468	1994-05-27	0
57924	514	1997-06-16	0
57925	1448	1997-07-12	0
57926	40	1998-06-27	0
57927	19	1993-03-17	0
57952	241	1996-07-11	0
57953	1000	1997-02-14	0
57954	352	1998-07-28	0
57955	622	1998-02-16	0
57956	937	1998-08-15	0
57957	94	1996-07-22	0
57958	137	1994-05-15	0
57959	1499	1996-03-15	0
57984	815	1993-12-17	0
57985	709	1992-05-31	0
57986	1403	1994-01-13	0
57987	64	1995-03-01	0
57988	530	1996-02-09	0
57989	406	1996-12-05	0
57990	796	1994-11-21	0
57991	1417	1993-03-26	0
58016	562	1994-06-06	0
58017	368	1997-07-31	0
58018	1231	1997-08-17	0
58019	1268	1992-04-29	0
58020	788	1993-01-29	0
58021	439	1992-10-27	0
58022	214	1996-07-04	0
58023	988	1996-10-27	0
58048	686	1998-10-05	0
58049	529	1995-05-21	0
58050	764	1992-07-30	0
58051	1381	1992-06-04	0
58052	1219	1992-07-09	0
58053	1396	1993-03-25	0
58054	1117	1995-03-21	0
58055	733	1996-01-11	0
58080	11	1997-12-09	0
58081	161	1992-03-23	0
58082	841	1996-04-14	0
58083	1405	1997-07-20	0
58084	1246	1992-11-03	0
58085	178	1996-11-22	0
58086	332	1995-05-25	0
58087	823	1996-04-04	0
58112	787	1998-02-28	0
58113	371	1992-04-17	0
58114	62	1997-12-28	0
58115	1339	1997-12-25	0
58116	1457	1994-06-12	0
58117	1147	1995-05-07	0
58118	1276	1997-11-20	0
58119	1369	1992-11-03	0
58144	1271	1995-03-02	0
58145	862	1992-07-31	0
58146	4	1997-06-16	0
58147	892	1994-08-02	0
58148	928	1993-02-03	0
58149	1388	1997-05-25	0
58150	809	1993-07-22	0
58151	580	1994-12-14	0
58176	541	1994-10-17	0
58177	1123	1992-11-06	0
58178	962	1992-04-07	0
58179	728	1995-11-20	0
58180	1225	1997-10-03	0
58181	919	1992-12-22	0
58182	361	1994-05-07	0
58183	161	1994-06-24	0
58208	295	1998-09-27	0
58209	379	1993-12-30	0
58210	1234	1993-02-20	0
58211	860	1998-08-08	0
58212	1210	1997-02-02	0
58213	1412	1997-01-11	0
58214	664	1996-08-24	0
58215	163	1992-12-25	0
58240	542	1997-05-10	0
58241	505	1993-11-22	0
58242	1370	1994-09-12	0
58243	1063	1998-01-17	0
58244	1168	1997-12-15	0
58245	238	1997-03-30	0
58246	19	1994-10-06	0
58247	1054	1995-12-08	0
58272	214	1996-07-19	0
58273	805	1993-09-04	0
58274	658	1998-04-11	0
58275	1127	1997-01-16	0
58276	790	1996-11-23	0
58277	1328	1994-04-10	0
58278	1478	1992-11-25	0
58279	1466	1994-06-26	0
58304	1210	1996-04-17	0
58305	1157	1994-10-22	0
58306	1270	1996-09-04	0
58307	1315	1995-01-26	0
58308	457	1993-08-05	0
58309	1177	1997-10-01	0
58310	529	1994-05-10	0
58311	1039	1996-07-13	0
58336	1006	1994-09-19	0
58337	1468	1994-08-12	0
58338	416	1992-10-07	0
58339	158	1994-08-28	0
58340	257	1995-03-25	0
58341	604	1995-04-25	0
58342	547	1995-06-16	0
58343	43	1994-03-26	0
58368	1352	1992-09-23	0
58369	1411	1992-11-14	0
58370	1222	1992-06-16	0
58371	260	1993-07-26	0
58372	682	1995-06-17	0
58373	862	1996-11-14	0
58374	929	1997-09-14	0
58375	40	1996-06-10	0
58400	640	1998-02-19	0
58401	1135	1997-03-26	0
58402	1162	1997-05-14	0
58403	1489	1996-02-24	0
58404	406	1994-02-22	0
58405	319	1998-10-09	0
58406	1406	1996-09-27	0
58407	308	1995-07-21	0
58432	466	1994-08-03	0
58433	976	1995-09-15	0
58434	779	1994-05-24	0
58435	356	1992-07-22	0
58436	1103	1997-05-10	0
58437	307	1997-12-29	0
58438	1243	1996-04-12	0
58439	1085	1996-05-23	0
58464	406	1998-01-20	0
58465	29	1998-05-01	0
58466	1340	1994-01-19	0
58467	458	1996-05-21	0
58468	400	1993-07-31	0
58469	223	1996-05-26	0
58470	991	1995-08-23	0
58471	838	1997-04-22	0
58496	1369	1995-08-26	0
58497	794	1996-06-19	0
58498	731	1998-10-10	0
58499	1376	1992-10-21	0
58500	779	1995-05-01	0
58501	113	1996-07-25	0
58502	697	1993-04-29	0
58503	46	1997-01-02	0
58528	1429	1994-01-11	0
58529	724	1995-03-21	0
58530	1457	1996-05-16	0
58531	1003	1997-11-29	0
58532	224	1998-07-25	0
58533	11	1997-11-25	0
58534	1264	1997-08-16	0
58535	1276	1997-09-01	0
58560	1274	1998-01-01	0
58561	131	1996-09-14	0
58562	1373	1992-05-07	0
58563	1316	1995-07-20	0
58564	259	1993-01-27	0
58565	1295	1996-11-07	0
58566	1421	1995-11-07	0
58567	1103	1996-08-10	0
58592	854	1995-04-21	0
58593	785	1995-11-23	0
58594	103	1998-10-06	0
58595	661	1993-11-13	0
58596	1382	1995-07-28	0
58597	982	1997-04-18	0
58598	835	1995-11-06	0
58599	1412	1993-03-31	0
58624	304	1994-09-13	0
58625	1297	1996-02-11	0
58626	212	1996-03-15	0
58627	1055	1994-03-15	0
58628	16	1994-06-08	0
58629	598	1994-05-28	0
58630	805	1998-02-04	0
58631	649	1997-12-05	0
58656	1159	1994-02-18	0
58657	175	1993-06-11	0
58658	364	1992-08-26	0
58659	698	1994-01-08	0
58660	461	1994-05-18	0
58661	806	1996-02-24	0
58662	1420	1996-06-02	0
58663	308	1997-10-28	0
58688	847	1994-06-13	0
58689	1090	1995-10-27	0
58690	1354	1996-01-20	0
58691	76	1996-10-23	0
58692	73	1996-03-23	0
58693	1495	1995-01-05	0
58694	1132	1996-12-21	0
58695	1003	1994-03-31	0
58720	1274	1993-05-22	0
58721	1463	1995-08-30	0
58722	1291	1992-12-26	0
58723	134	1998-05-06	0
58724	1060	1998-01-01	0
58725	1432	1993-08-04	0
58726	593	1996-07-04	0
58727	1283	1994-09-20	0
58752	571	1994-11-01	0
58753	1030	1996-04-15	0
58754	718	1996-03-24	0
58755	517	1996-02-17	0
58756	877	1997-03-28	0
58757	322	1994-04-02	0
58758	1492	1994-01-19	0
58759	790	1994-04-07	0
58784	1217	1994-04-04	0
58785	670	1997-06-25	0
58786	283	1996-05-12	0
58787	1459	1997-06-29	0
58788	301	1993-04-18	0
58789	938	1993-10-20	0
58790	1457	1997-11-14	0
58791	811	1996-11-22	0
58816	919	1998-02-26	0
58817	356	1995-04-13	0
58818	1234	1994-06-30	0
58819	578	1993-08-28	0
58820	74	1993-05-14	0
58821	1309	1993-04-27	0
58822	814	1995-11-08	0
58823	655	1996-12-07	0
58848	571	1993-11-18	0
58849	251	1994-07-20	0
58850	94	1997-03-26	0
58851	257	1993-08-22	0
58852	832	1998-08-12	0
58853	374	1992-07-28	0
58854	1225	1993-07-09	0
58855	575	1994-01-15	0
58880	1330	1995-03-24	0
58881	560	1996-05-15	0
58882	323	1994-06-12	0
58883	1291	1992-10-27	0
58884	539	1995-06-05	0
58885	208	1994-10-21	0
58886	52	1996-10-16	0
58887	388	1997-01-07	0
58912	199	1997-12-06	0
58913	1124	1993-07-26	0
58914	865	1994-06-24	0
58915	1037	1992-03-25	0
58916	1319	1997-04-08	0
58917	515	1992-05-17	0
58918	805	1994-09-13	0
58919	877	1997-01-07	0
58944	328	1994-07-26	0
58945	607	1998-01-30	0
58946	145	1998-03-28	0
58947	970	1995-12-11	0
58948	919	1997-01-16	0
58949	694	1993-03-02	0
58950	868	1994-07-19	0
58951	794	1998-02-05	0
58976	1102	1994-02-09	0
58977	901	1995-01-10	0
58978	1219	1992-04-22	0
58979	10	1997-09-19	0
58980	1255	1995-01-26	0
58981	1279	1995-04-17	0
58982	652	1998-05-26	0
58983	422	1997-04-20	0
59008	1168	1993-12-14	0
59009	1354	1996-02-02	0
59010	1457	1995-06-30	0
59011	19	1998-08-16	0
59012	910	1994-04-02	0
59013	1201	1998-06-05	0
59014	634	1996-07-06	0
59015	124	1992-08-10	0
59040	232	1996-06-14	0
59041	988	1996-12-18	0
59042	652	1995-09-24	0
59043	818	1994-03-27	0
59044	1144	1995-10-04	0
59045	1072	1995-04-30	0
59046	1472	1996-12-12	0
59047	1001	1995-04-14	0
59072	1220	1994-08-09	0
59073	461	1993-07-01	0
59074	739	1993-10-27	0
59075	1115	1992-05-12	0
59076	289	1997-03-23	0
59077	991	1997-02-23	0
59078	970	1997-02-11	0
59079	4	1995-12-19	0
59104	46	1994-04-29	0
59105	1273	1997-02-28	0
59106	953	1997-01-07	0
59107	1069	1998-03-03	0
59108	607	1995-12-22	0
59109	985	1994-07-24	0
59110	410	1998-03-22	0
59111	220	1994-06-09	0
59136	109	1997-08-11	0
59137	695	1992-09-09	0
59138	640	1996-08-27	0
59139	662	1995-04-15	0
59140	4	1997-11-14	0
59141	1360	1996-06-13	0
59142	1156	1993-07-16	0
59143	1105	1998-10-09	0
59168	983	1993-08-26	0
59169	409	1997-06-19	0
59170	1402	1994-05-04	0
59171	656	1995-11-27	0
59172	1223	1997-09-02	0
59173	56	1994-03-06	0
59174	248	1993-03-18	0
59175	157	1994-06-24	0
59200	1001	1996-02-23	0
59201	122	1997-08-01	0
59202	1043	1992-11-23	0
59203	1267	1995-09-14	0
59204	713	1992-05-15	0
59205	245	1996-01-15	0
59206	772	1996-01-04	0
59207	1415	1994-08-02	0
59232	719	1994-03-17	0
59233	715	1993-11-04	0
59234	632	1992-10-13	0
59235	775	1998-05-07	0
59236	928	1992-05-04	0
59237	652	1993-10-01	0
59238	1147	1994-12-04	0
59239	539	1993-05-02	0
59264	1024	1992-11-27	0
59265	1229	1998-01-05	0
59266	844	1998-08-29	0
59267	853	1995-07-03	0
59268	917	1995-06-02	0
59269	1006	1996-07-17	0
59270	925	1993-03-28	0
59271	478	1995-07-10	0
59296	73	1998-01-19	0
59297	1036	1995-02-23	0
59298	920	1994-08-31	0
59299	95	1997-10-16	0
59300	1483	1997-05-22	0
59301	607	1997-01-19	0
59302	922	1996-04-24	0
59303	1376	1998-02-19	0
59328	8	1997-06-14	0
59329	1355	1993-02-18	0
59330	715	1994-10-08	0
59331	574	1998-05-22	0
59332	1220	1996-04-08	0
59333	1124	1998-04-11	0
59334	979	1995-03-19	0
59335	1475	1998-04-25	0
59360	1174	1992-09-02	0
59361	362	1992-11-13	0
59362	1324	1996-07-15	0
59363	1117	1994-07-17	0
59364	116	1996-09-19	0
59365	937	1995-02-21	0
59366	148	1995-07-07	0
59367	64	1996-12-11	0
59392	115	1993-09-10	0
59393	1174	1994-02-04	0
59394	1129	1997-09-09	0
59395	499	1992-07-07	0
59396	169	1995-01-29	0
59397	533	1997-05-16	0
59398	565	1998-03-18	0
59399	97	1995-09-16	0
59424	866	1997-03-02	0
59425	226	1992-08-01	0
59426	563	1996-04-10	0
59427	307	1996-10-22	0
59428	493	1993-11-24	0
59429	1321	1994-03-19	0
59430	34	1997-12-13	0
59431	1159	1993-05-09	0
59456	1012	1992-03-24	0
59457	280	1998-10-14	0
59458	827	1998-06-27	0
59459	820	1994-04-21	0
59460	703	1995-07-08	0
59461	698	1997-12-29	0
59462	790	1998-06-03	0
59463	886	1994-01-13	0
59488	1246	1997-12-20	0
59489	517	1992-04-05	0
59490	1019	1993-09-14	0
59491	1315	1992-06-08	0
59492	1447	1993-01-15	0
59493	35	1996-05-24	0
59494	137	1997-08-06	0
59495	692	1992-12-22	0
59520	911	1997-08-13	0
59521	976	1995-12-24	0
59522	712	1993-09-28	0
59523	1426	1995-10-28	0
59524	935	1993-10-21	0
59525	1168	1997-03-13	0
59526	284	1998-06-18	0
59527	1228	1998-10-15	0
59552	847	1993-03-30	0
59553	577	1994-01-27	0
59554	1120	1996-01-30	0
59555	394	1996-04-12	0
59556	77	1995-03-01	0
59557	275	1997-08-23	0
59558	157	1992-09-30	0
59559	626	1993-12-02	0
59584	1309	1993-08-12	0
59585	1102	1992-12-07	0
59586	1111	1992-05-22	0
59587	194	1993-11-24	0
59588	1211	1995-08-29	0
59589	281	1992-06-26	0
59590	796	1993-05-12	0
59591	580	1994-12-24	0
59616	430	1997-07-04	0
59617	304	1993-08-03	0
59618	1459	1997-03-19	0
59619	1495	1993-04-30	0
59620	146	1998-07-13	0
59621	760	1997-07-12	0
59622	836	1998-07-17	0
59623	485	1997-04-25	0
59648	904	1997-10-25	0
59649	929	1997-09-29	0
59650	1447	1993-03-14	0
59651	1093	1993-08-04	0
59652	971	1995-04-13	0
59653	295	1997-06-06	0
59654	385	1994-02-18	0
59655	1409	1994-01-06	0
59680	1072	1992-09-02	0
59681	1474	1994-08-26	0
59682	1195	1996-07-11	0
59683	1445	1992-12-28	0
59684	725	1994-03-15	0
59685	946	1993-02-24	0
59686	32	1995-05-23	0
59687	82	1998-07-07	0
59712	527	1993-08-30	0
59713	958	1993-07-22	0
59714	772	1994-02-27	0
59715	992	1998-06-11	0
59716	815	1996-04-18	0
59717	1433	1996-02-14	0
59718	248	1992-03-16	0
59719	37	1996-02-12	0
59744	853	1995-01-13	0
59745	566	1994-07-04	0
59746	1027	1997-01-01	0
59747	1351	1996-03-25	0
59748	802	1997-11-12	0
59749	262	1998-07-12	0
59750	1012	1993-09-23	0
59751	1337	1998-04-04	0
59776	1166	1994-05-24	0
59777	890	1994-02-26	0
59778	928	1997-08-27	0
59779	140	1994-08-01	0
59780	929	1993-05-07	0
59781	169	1993-02-26	0
59782	992	1996-10-25	0
59783	895	1993-11-03	0
59808	1103	1995-09-29	0
59809	55	1995-05-23	0
59810	1198	1998-09-01	0
59811	749	1998-03-23	0
59812	955	1995-09-06	0
59813	1213	1996-09-21	0
59814	1162	1994-12-12	0
59815	700	1994-03-01	0
59840	1336	1997-10-18	0
59841	955	1993-08-11	0
59842	358	1992-05-31	0
59843	1453	1995-04-30	0
59844	398	1993-10-31	0
59845	1171	1995-03-08	0
59846	799	1995-11-12	0
59847	1264	1994-07-01	0
59872	686	1996-11-27	0
59873	1499	1994-04-29	0
59874	514	1995-03-22	0
59875	388	1997-07-17	0
59876	709	1996-09-08	0
59877	667	1993-08-09	0
59878	1147	1992-08-12	0
59879	470	1994-05-24	0
59904	772	1992-06-08	0
59905	475	1992-06-29	0
59906	505	1993-08-04	0
59907	715	1997-03-25	0
59908	242	1992-12-10	0
59909	160	1992-10-20	0
59910	763	1995-08-25	0
59911	140	1996-03-03	0
59936	568	1993-02-04	0
59937	985	1995-03-14	0
59938	1079	1995-10-21	0
59939	425	1993-11-16	0
59940	238	1994-12-09	0
59941	1414	1993-01-05	0
59942	581	1994-04-25	0
59943	340	1993-08-24	0
59968	898	1997-12-26	0
59969	1210	1992-03-27	0
59970	970	1998-09-28	0
59971	826	1995-08-15	0
59972	1480	1995-01-15	0
59973	229	1996-01-30	0
59974	761	1996-02-18	0
59975	706	1994-03-07	0
60000	1426	1995-07-05	0
